$MeshFormat
4.1 0 8
$EndMeshFormat
$Entities
5 5 1 0
5 25 15 0 0 
6 0 0 0 0 
7 45 0 0 0 
8 0 30 0 0 
9 45 30 0 0 
5 4.999999899999999 4.999999899999999 -1e-07 25.0000001 25.0000001 1e-07 1 5 2 5 -5 
6 -1.000000011686097e-07 -1e-07 -1e-07 45.0000001 1e-07 1e-07 1 6 2 6 -7 
7 -1e-07 -9.99999993922529e-08 -1e-07 1e-07 30.0000001 1e-07 1 7 2 8 -6 
8 44.9999999 -9.99999993922529e-08 -1e-07 45.0000001 30.0000001 1e-07 1 8 2 7 -9 
9 -1.000000011686097e-07 29.9999999 -1e-07 45.0000001 30.0000001 1e-07 1 9 2 9 -8 
1 -1.000000011686097e-07 -9.99999993922529e-08 -1e-07 45.0000001 30.0000001 1e-07 1 1 5 6 8 9 7 -5 
$EndEntities
$Nodes
11 5082 1 5082
0 5 0 1
1
25 15 0
0 6 0 1
2
0 0 0
0 7 0 1
3
45 0 0
0 8 0 1
4
0 30 0
0 9 0 1
5
45 30 0
1 5 0 125
6
7
8
9
10
11
12
13
14
15
16
17
18
19
20
21
22
23
24
25
26
27
28
29
30
31
32
33
34
35
36
37
38
39
40
41
42
43
44
45
46
47
48
49
50
51
52
53
54
55
56
57
58
59
60
61
62
63
64
65
66
67
68
69
70
71
72
73
74
75
76
77
78
79
80
81
82
83
84
85
86
87
88
89
90
91
92
93
94
95
96
97
98
99
100
101
102
103
104
105
106
107
108
109
110
111
112
113
114
115
116
117
118
119
120
121
122
123
124
125
126
127
128
129
130
24.98756921218922 15.49845885660697 0
24.95030775365402 15.99567846595816 0
24.88830826225129 16.49042266176174 0
24.80172487848544 16.98146143199397 0
24.69077286229078 17.46757397690293 0
24.55572805786141 17.94755174410903 0
24.39692620785909 18.42020143325668 0
24.21476211870408 18.88434796274694 0
24.00968867902419 19.33883739117557 0
23.78221573370229 19.78253978621317 0
23.53290881632157 20.21435203379497 0
23.26238774315996 20.63320058063621 0
22.97132507222923 21.03804410325476 0
22.66044443118979 21.42787609686538 0
22.33051871829828 21.80172737770918 0
21.98236818086074 22.15866849259717 0
21.61685837596861 22.49781202967733 0
21.23489801858735 22.81831482468029 0
20.83743672234792 23.11938005715855 0
20.42546263865761 23.4002592315077 0
20.00000000000002 23.66025403784437 0
19.56210657353165 23.89871808811467 0
19.11287103130614 24.11505852311672 0
18.65341024366398 24.30873748644203 0
18.18486650251687 24.47927346167131 0
17.70840468143008 24.62624246950011 0
17.22520933956318 24.74927912181823 0
16.73648177666934 24.84807753012208 0
16.24343704647488 24.92239206600172 0
15.74730093586427 24.9720379718118 0
15.24930691738076 24.99689182000816 0
14.75069308261931 24.99689182000817 0
14.2526990641358 24.9720379718118 0
13.75656295352519 24.92239206600173 0
13.26351822333074 24.84807753012209 0
12.7747906604369 24.74927912181825 0
12.29159531856999 24.62624246950013 0
11.8151334974832 24.47927346167133 0
11.34658975633609 24.30873748644206 0
10.88712896869393 24.11505852311675 0
10.43789342646842 23.89871808811471 0
10.00000000000004 23.66025403784441 0
9.57453736134245 23.40025923150775 0
9.162563277652147 23.1193800571586 0
8.765101981412711 22.81831482468034 0
8.383141624031449 22.49781202967738 0
8.017631819139314 22.15866849259723 0
7.669481281701779 21.80172737770924 0
7.339555568810257 21.42787609686544 0
7.02867492777081 21.03804410325482 0
6.737612256840086 20.63320058063627 0
6.467091183678477 20.21435203379503 0
6.217784266297745 19.78253978621324 0
5.990311320975836 19.33883739117564 0
5.785237881295949 18.88434796274701 0
5.60307379214094 18.42020143325675 0
5.444271942138613 17.94755174410911 0
5.309227137709238 17.467573976903 0
5.198275121514575 16.98146143199404 0
5.111691737748725 16.49042266176181 0
5.049692246345993 15.99567846595824 0
5.01243078781078 15.49845885660704 0
5 15.00000000000007 0
5.012430787810771 14.5015411433931 0
5.049692246345979 14.00432153404191 0
5.111691737748703 13.50957733823833 0
5.198275121514545 13.0185385680061 0
5.3092271377092 12.53242602309714 0
5.44427194213857 12.05244825589103 0
5.60307379214089 11.57979856674338 0
5.785237881295892 11.11565203725313 0
5.990311320975776 10.66116260882449 0
6.217784266297679 10.21746021378688 0
6.467091183678406 9.785647966205081 0
6.737612256840015 9.366799419363835 0
7.028674927770736 8.961955896745279 0
7.339555568810177 8.572123903134658 0
7.669481281701692 8.198272622290855 0
8.017631819139226 7.84133150740286 0
8.383141624031357 7.502187970322701 0
8.765101981412615 7.181685175319742 0
9.162563277652051 6.880619942841472 0
9.574537361342355 6.599740768492317 0
9.99999999999995 6.339745962155643 0
10.43789342646832 6.101281911885339 0
10.88712896869384 5.884941476883292 0
11.346589756336 5.691262513557977 0
11.81513349748311 5.520726538328699 0
12.2915953185699 5.373757530499892 0
12.77479066043681 5.250720878181774 0
13.26351822333064 5.151922469877929 0
13.7565629535251 5.077607933998285 0
14.25269906413571 5.027962028188202 0
14.75069308261922 5.003108179991839 0
15.24930691738068 5.003108179991836 0
15.7473009358642 5.027962028188195 0
16.24343704647482 5.077607933998275 0
16.73648177666927 5.151922469877912 0
17.22520933956311 5.250720878181756 0
17.70840468143001 5.373757530499867 0
18.1848665025168 5.520726538328669 0
18.65341024366391 5.691262513557943 0
19.11287103130608 5.884941476883252 0
19.5621065735316 6.101281911885296 0
19.99999999999997 6.339745962155597 0
20.42546263865757 6.599740768492268 0
20.83743672234787 6.880619942841417 0
21.23489801858731 7.181685175319684 0
21.61685837596858 7.50218797032264 0
21.98236818086071 7.841331507402797 0
22.33051871829824 8.198272622290784 0
22.66044443118976 8.572123903134585 0
22.97132507222921 8.961955896745204 0
23.26238774315993 9.366799419363758 0
23.53290881632154 9.785647966204998 0
23.78221573370227 10.2174602137868 0
24.00968867902418 10.6611626088244 0
24.21476211870407 11.11565203725304 0
24.39692620785908 11.57979856674331 0
24.5557280578614 12.05244825589095 0
24.69077286229078 12.53242602309706 0
24.80172487848544 13.01853856800602 0
24.88830826225129 13.50957733823825 0
24.95030775365401 14.00432153404183 0
24.98756921218922 14.50154114339302 0
1 6 0 89
131
132
133
134
135
136
137
138
139
140
141
142
143
144
145
146
147
148
149
150
151
152
153
154
155
156
157
158
159
160
161
162
163
164
165
166
167
168
169
170
171
172
173
174
175
176
177
178
179
180
181
182
183
184
185
186
187
188
189
190
191
192
193
194
195
196
197
198
199
200
201
202
203
204
205
206
207
208
209
210
211
212
213
214
215
216
217
218
219
0.5 0 0
1 0 0
1.5 0 0
2 0 0
2.5 0 0
3 0 0
3.5 0 0
4 0 0
4.5 0 0
5 0 0
5.5 0 0
6 0 0
6.5 0 0
7 0 0
7.5 0 0
8 0 0
8.5 0 0
9 0 0
9.5 0 0
10 0 0
10.5 0 0
11 0 0
11.5 0 0
12 0 0
12.5 0 0
13 0 0
13.5 0 0
14 0 0
14.5 0 0
15 0 0
15.5 0 0
16 0 0
16.5 0 0
17 0 0
17.5 0 0
18 0 0
18.5 0 0
19 0 0
19.5 0 0
20 0 0
20.5 0 0
21 0 0
21.5 0 0
22 0 0
22.5 0 0
23 0 0
23.5 0 0
24 0 0
24.5 0 0
25 0 0
25.5 0 0
26 0 0
26.5 0 0
27 0 0
27.5 0 0
28 0 0
28.5 0 0
29 0 0
29.5 0 0
30 0 0
30.5 0 0
31 0 0
31.5 0 0
32 0 0
32.5 0 0
33 0 0
33.5 0 0
34 0 0
34.5 0 0
35 0 0
35.5 0 0
36 0 0
36.5 0 0
37 0 0
37.5 0 0
38 0 0
38.5 0 0
39 0 0
39.5 0 0
40 0 0
40.5 0 0
41 0 0
41.5 0 0
42 0 0
42.5 0 0
43 0 0
43.5 0 0
44 0 0
44.5 0 0
1 7 0 59
220
221
222
223
224
225
226
227
228
229
230
231
232
233
234
235
236
237
238
239
240
241
242
243
244
245
246
247
248
249
250
251
252
253
254
255
256
257
258
259
260
261
262
263
264
265
266
267
268
269
270
271
272
273
274
275
276
277
278
0 29.5 0
0 29 0
0 28.5 0
0 28 0
0 27.5 0
0 27 0
0 26.5 0
0 26 0
0 25.5 0
0 25 0
0 24.5 0
0 24 0
0 23.5 0
0 23 0
0 22.5 0
0 22 0
0 21.5 0
0 21 0
0 20.5 0
0 20 0
0 19.5 0
0 19 0
0 18.5 0
0 18 0
0 17.5 0
0 17 0
0 16.5 0
0 16 0
0 15.5 0
0 15 0
0 14.5 0
0 14 0
0 13.5 0
0 13 0
0 12.5 0
0 12 0
0 11.5 0
0 11 0
0 10.5 0
0 10 0
0 9.5 0
0 9 0
0 8.5 0
0 8 0
0 7.5 0
0 7 0
0 6.5 0
0 6 0
0 5.5 0
0 5 0
0 4.5 0
0 4 0
0 3.5 0
0 3 0
0 2.5 0
0 2 0
0 1.5 0
0 1 0
0 0.5 0
1 8 0 59
279
280
281
282
283
284
285
286
287
288
289
290
291
292
293
294
295
296
297
298
299
300
301
302
303
304
305
306
307
308
309
310
311
312
313
314
315
316
317
318
319
320
321
322
323
324
325
326
327
328
329
330
331
332
333
334
335
336
337
45 0.5 0
45 1 0
45 1.5 0
45 2 0
45 2.5 0
45 3 0
45 3.5 0
45 4 0
45 4.5 0
45 5 0
45 5.5 0
45 6 0
45 6.5 0
45 7 0
45 7.5 0
45 8 0
45 8.5 0
45 9 0
45 9.5 0
45 10 0
45 10.5 0
45 11 0
45 11.5 0
45 12 0
45 12.5 0
45 13 0
45 13.5 0
45 14 0
45 14.5 0
45 15 0
45 15.5 0
45 16 0
45 16.5 0
45 17 0
45 17.5 0
45 18 0
45 18.5 0
45 19 0
45 19.5 0
45 20 0
45 20.5 0
45 21 0
45 21.5 0
45 22 0
45 22.5 0
45 23 0
45 23.5 0
45 24 0
45 24.5 0
45 25 0
45 25.5 0
45 26 0
45 26.5 0
45 27 0
45 27.5 0
45 28 0
45 28.5 0
45 29 0
45 29.5 0
1 9 0 89
338
339
340
341
342
343
344
345
346
347
348
349
350
351
352
353
354
355
356
357
358
359
360
361
362
363
364
365
366
367
368
369
370
371
372
373
374
375
376
377
378
379
380
381
382
383
384
385
386
387
388
389
390
391
392
393
394
395
396
397
398
399
400
401
402
403
404
405
406
407
408
409
410
411
412
413
414
415
416
417
418
419
420
421
422
423
424
425
426
44.5 30 0
44 30 0
43.5 30 0
43 30 0
42.5 30 0
42 30 0
41.5 30 0
41 30 0
40.5 30 0
40 30 0
39.5 30 0
39 30 0
38.5 30 0
38 30 0
37.5 30 0
37 30 0
36.5 30 0
36 30 0
35.5 30 0
35 30 0
34.5 30 0
34 30 0
33.5 30 0
33 30 0
32.5 30 0
32 30 0
31.5 30 0
31 30 0
30.5 30 0
30 30 0
29.5 30 0
29 30 0
28.5 30 0
28 30 0
27.5 30 0
27 30 0
26.5 30 0
26 30 0
25.5 30 0
25 30 0
24.5 30 0
24 30 0
23.5 30 0
23 30 0
22.5 30 0
22 30 0
21.5 30 0
21 30 0
20.5 30 0
20 30 0
19.5 30 0
19 30 0
18.5 30 0
18 30 0
17.5 30 0
17 30 0
16.5 30 0
16 30 0
15.5 30 0
15 30 0
14.5 30 0
14 30 0
13.5 30 0
13 30 0
12.5 30 0
12 30 0
11.5 30 0
11 30 0
10.5 30 0
10 30 0
9.5 30 0
9 30 0
8.5 30 0
8 30 0
7.5 30 0
7 30 0
6.5 30 0
6 30 0
5.5 30 0
5 30 0
4.5 30 0
4 30 0
3.5 30 0
3 30 0
2.5 30 0
2 30 0
1.5 30 0
1 30 0
0.5 30 0
2 1 0 4656
427
428
429
430
431
432
433
434
435
436
437
438
439
440
441
442
443
444
445
446
447
448
449
450
451
452
453
454
455
456
457
458
459
460
461
462
463
464
465
466
467
468
469
470
471
472
473
474
475
476
477
478
479
480
481
482
483
484
485
486
487
488
489
490
491
492
493
494
495
496
497
498
499
500
501
502
503
504
505
506
507
508
509
510
511
512
513
514
515
516
517
518
519
520
521
522
523
524
525
526
527
528
529
530
531
532
533
534
535
536
537
538
539
540
541
542
543
544
545
546
547
548
549
550
551
552
553
554
555
556
557
558
559
560
561
562
563
564
565
566
567
568
569
570
571
572
573
574
575
576
577
578
579
580
581
582
583
584
585
586
587
588
589
590
591
592
593
594
595
596
597
598
599
600
601
602
603
604
605
606
607
608
609
610
611
612
613
614
615
616
617
618
619
620
621
622
623
624
625
626
627
628
629
630
631
632
633
634
635
636
637
638
639
640
641
642
643
644
645
646
647
648
649
650
651
652
653
654
655
656
657
658
659
660
661
662
663
664
665
666
667
668
669
670
671
672
673
674
675
676
677
678
679
680
681
682
683
684
685
686
687
688
689
690
691
692
693
694
695
696
697
698
699
700
701
702
703
704
705
706
707
708
709
710
711
712
713
714
715
716
717
718
719
720
721
722
723
724
725
726
727
728
729
730
731
732
733
734
735
736
737
738
739
740
741
742
743
744
745
746
747
748
749
750
751
752
753
754
755
756
757
758
759
760
761
762
763
764
765
766
767
768
769
770
771
772
773
774
775
776
777
778
779
780
781
782
783
784
785
786
787
788
789
790
791
792
793
794
795
796
797
798
799
800
801
802
803
804
805
806
807
808
809
810
811
812
813
814
815
816
817
818
819
820
821
822
823
824
825
826
827
828
829
830
831
832
833
834
835
836
837
838
839
840
841
842
843
844
845
846
847
848
849
850
851
852
853
854
855
856
857
858
859
860
861
862
863
864
865
866
867
868
869
870
871
872
873
874
875
876
877
878
879
880
881
882
883
884
885
886
887
888
889
890
891
892
893
894
895
896
897
898
899
900
901
902
903
904
905
906
907
908
909
910
911
912
913
914
915
916
917
918
919
920
921
922
923
924
925
926
927
928
929
930
931
932
933
934
935
936
937
938
939
940
941
942
943
944
945
946
947
948
949
950
951
952
953
954
955
956
957
958
959
960
961
962
963
964
965
966
967
968
969
970
971
972
973
974
975
976
977
978
979
980
981
982
983
984
985
986
987
988
989
990
991
992
993
994
995
996
997
998
999
1000
1001
1002
1003
1004
1005
1006
1007
1008
1009
1010
1011
1012
1013
1014
1015
1016
1017
1018
1019
1020
1021
1022
1023
1024
1025
1026
1027
1028
1029
1030
1031
1032
1033
1034
1035
1036
1037
1038
1039
1040
1041
1042
1043
1044
1045
1046
1047
1048
1049
1050
1051
1052
1053
1054
1055
1056
1057
1058
1059
1060
1061
1062
1063
1064
1065
1066
1067
1068
1069
1070
1071
1072
1073
1074
1075
1076
1077
1078
1079
1080
1081
1082
1083
1084
1085
1086
1087
1088
1089
1090
1091
1092
1093
1094
1095
1096
1097
1098
1099
1100
1101
1102
1103
1104
1105
1106
1107
1108
1109
1110
1111
1112
1113
1114
1115
1116
1117
1118
1119
1120
1121
1122
1123
1124
1125
1126
1127
1128
1129
1130
1131
1132
1133
1134
1135
1136
1137
1138
1139
1140
1141
1142
1143
1144
1145
1146
1147
1148
1149
1150
1151
1152
1153
1154
1155
1156
1157
1158
1159
1160
1161
1162
1163
1164
1165
1166
1167
1168
1169
1170
1171
1172
1173
1174
1175
1176
1177
1178
1179
1180
1181
1182
1183
1184
1185
1186
1187
1188
1189
1190
1191
1192
1193
1194
1195
1196
1197
1198
1199
1200
1201
1202
1203
1204
1205
1206
1207
1208
1209
1210
1211
1212
1213
1214
1215
1216
1217
1218
1219
1220
1221
1222
1223
1224
1225
1226
1227
1228
1229
1230
1231
1232
1233
1234
1235
1236
1237
1238
1239
1240
1241
1242
1243
1244
1245
1246
1247
1248
1249
1250
1251
1252
1253
1254
1255
1256
1257
1258
1259
1260
1261
1262
1263
1264
1265
1266
1267
1268
1269
1270
1271
1272
1273
1274
1275
1276
1277
1278
1279
1280
1281
1282
1283
1284
1285
1286
1287
1288
1289
1290
1291
1292
1293
1294
1295
1296
1297
1298
1299
1300
1301
1302
1303
1304
1305
1306
1307
1308
1309
1310
1311
1312
1313
1314
1315
1316
1317
1318
1319
1320
1321
1322
1323
1324
1325
1326
1327
1328
1329
1330
1331
1332
1333
1334
1335
1336
1337
1338
1339
1340
1341
1342
1343
1344
1345
1346
1347
1348
1349
1350
1351
1352
1353
1354
1355
1356
1357
1358
1359
1360
1361
1362
1363
1364
1365
1366
1367
1368
1369
1370
1371
1372
1373
1374
1375
1376
1377
1378
1379
1380
1381
1382
1383
1384
1385
1386
1387
1388
1389
1390
1391
1392
1393
1394
1395
1396
1397
1398
1399
1400
1401
1402
1403
1404
1405
1406
1407
1408
1409
1410
1411
1412
1413
1414
1415
1416
1417
1418
1419
1420
1421
1422
1423
1424
1425
1426
1427
1428
1429
1430
1431
1432
1433
1434
1435
1436
1437
1438
1439
1440
1441
1442
1443
1444
1445
1446
1447
1448
1449
1450
1451
1452
1453
1454
1455
1456
1457
1458
1459
1460
1461
1462
1463
1464
1465
1466
1467
1468
1469
1470
1471
1472
1473
1474
1475
1476
1477
1478
1479
1480
1481
1482
1483
1484
1485
1486
1487
1488
1489
1490
1491
1492
1493
1494
1495
1496
1497
1498
1499
1500
1501
1502
1503
1504
1505
1506
1507
1508
1509
1510
1511
1512
1513
1514
1515
1516
1517
1518
1519
1520
1521
1522
1523
1524
1525
1526
1527
1528
1529
1530
1531
1532
1533
1534
1535
1536
1537
1538
1539
1540
1541
1542
1543
1544
1545
1546
1547
1548
1549
1550
1551
1552
1553
1554
1555
1556
1557
1558
1559
1560
1561
1562
1563
1564
1565
1566
1567
1568
1569
1570
1571
1572
1573
1574
1575
1576
1577
1578
1579
1580
1581
1582
1583
1584
1585
1586
1587
1588
1589
1590
1591
1592
1593
1594
1595
1596
1597
1598
1599
1600
1601
1602
1603
1604
1605
1606
1607
1608
1609
1610
1611
1612
1613
1614
1615
1616
1617
1618
1619
1620
1621
1622
1623
1624
1625
1626
1627
1628
1629
1630
1631
1632
1633
1634
1635
1636
1637
1638
1639
1640
1641
1642
1643
1644
1645
1646
1647
1648
1649
1650
1651
1652
1653
1654
1655
1656
1657
1658
1659
1660
1661
1662
1663
1664
1665
1666
1667
1668
1669
1670
1671
1672
1673
1674
1675
1676
1677
1678
1679
1680
1681
1682
1683
1684
1685
1686
1687
1688
1689
1690
1691
1692
1693
1694
1695
1696
1697
1698
1699
1700
1701
1702
1703
1704
1705
1706
1707
1708
1709
1710
1711
1712
1713
1714
1715
1716
1717
1718
1719
1720
1721
1722
1723
1724
1725
1726
1727
1728
1729
1730
1731
1732
1733
1734
1735
1736
1737
1738
1739
1740
1741
1742
1743
1744
1745
1746
1747
1748
1749
1750
1751
1752
1753
1754
1755
1756
1757
1758
1759
1760
1761
1762
1763
1764
1765
1766
1767
1768
1769
1770
1771
1772
1773
1774
1775
1776
1777
1778
1779
1780
1781
1782
1783
1784
1785
1786
1787
1788
1789
1790
1791
1792
1793
1794
1795
1796
1797
1798
1799
1800
1801
1802
1803
1804
1805
1806
1807
1808
1809
1810
1811
1812
1813
1814
1815
1816
1817
1818
1819
1820
1821
1822
1823
1824
1825
1826
1827
1828
1829
1830
1831
1832
1833
1834
1835
1836
1837
1838
1839
1840
1841
1842
1843
1844
1845
1846
1847
1848
1849
1850
1851
1852
1853
1854
1855
1856
1857
1858
1859
1860
1861
1862
1863
1864
1865
1866
1867
1868
1869
1870
1871
1872
1873
1874
1875
1876
1877
1878
1879
1880
1881
1882
1883
1884
1885
1886
1887
1888
1889
1890
1891
1892
1893
1894
1895
1896
1897
1898
1899
1900
1901
1902
1903
1904
1905
1906
1907
1908
1909
1910
1911
1912
1913
1914
1915
1916
1917
1918
1919
1920
1921
1922
1923
1924
1925
1926
1927
1928
1929
1930
1931
1932
1933
1934
1935
1936
1937
1938
1939
1940
1941
1942
1943
1944
1945
1946
1947
1948
1949
1950
1951
1952
1953
1954
1955
1956
1957
1958
1959
1960
1961
1962
1963
1964
1965
1966
1967
1968
1969
1970
1971
1972
1973
1974
1975
1976
1977
1978
1979
1980
1981
1982
1983
1984
1985
1986
1987
1988
1989
1990
1991
1992
1993
1994
1995
1996
1997
1998
1999
2000
2001
2002
2003
2004
2005
2006
2007
2008
2009
2010
2011
2012
2013
2014
2015
2016
2017
2018
2019
2020
2021
2022
2023
2024
2025
2026
2027
2028
2029
2030
2031
2032
2033
2034
2035
2036
2037
2038
2039
2040
2041
2042
2043
2044
2045
2046
2047
2048
2049
2050
2051
2052
2053
2054
2055
2056
2057
2058
2059
2060
2061
2062
2063
2064
2065
2066
2067
2068
2069
2070
2071
2072
2073
2074
2075
2076
2077
2078
2079
2080
2081
2082
2083
2084
2085
2086
2087
2088
2089
2090
2091
2092
2093
2094
2095
2096
2097
2098
2099
2100
2101
2102
2103
2104
2105
2106
2107
2108
2109
2110
2111
2112
2113
2114
2115
2116
2117
2118
2119
2120
2121
2122
2123
2124
2125
2126
2127
2128
2129
2130
2131
2132
2133
2134
2135
2136
2137
2138
2139
2140
2141
2142
2143
2144
2145
2146
2147
2148
2149
2150
2151
2152
2153
2154
2155
2156
2157
2158
2159
2160
2161
2162
2163
2164
2165
2166
2167
2168
2169
2170
2171
2172
2173
2174
2175
2176
2177
2178
2179
2180
2181
2182
2183
2184
2185
2186
2187
2188
2189
2190
2191
2192
2193
2194
2195
2196
2197
2198
2199
2200
2201
2202
2203
2204
2205
2206
2207
2208
2209
2210
2211
2212
2213
2214
2215
2216
2217
2218
2219
2220
2221
2222
2223
2224
2225
2226
2227
2228
2229
2230
2231
2232
2233
2234
2235
2236
2237
2238
2239
2240
2241
2242
2243
2244
2245
2246
2247
2248
2249
2250
2251
2252
2253
2254
2255
2256
2257
2258
2259
2260
2261
2262
2263
2264
2265
2266
2267
2268
2269
2270
2271
2272
2273
2274
2275
2276
2277
2278
2279
2280
2281
2282
2283
2284
2285
2286
2287
2288
2289
2290
2291
2292
2293
2294
2295
2296
2297
2298
2299
2300
2301
2302
2303
2304
2305
2306
2307
2308
2309
2310
2311
2312
2313
2314
2315
2316
2317
2318
2319
2320
2321
2322
2323
2324
2325
2326
2327
2328
2329
2330
2331
2332
2333
2334
2335
2336
2337
2338
2339
2340
2341
2342
2343
2344
2345
2346
2347
2348
2349
2350
2351
2352
2353
2354
2355
2356
2357
2358
2359
2360
2361
2362
2363
2364
2365
2366
2367
2368
2369
2370
2371
2372
2373
2374
2375
2376
2377
2378
2379
2380
2381
2382
2383
2384
2385
2386
2387
2388
2389
2390
2391
2392
2393
2394
2395
2396
2397
2398
2399
2400
2401
2402
2403
2404
2405
2406
2407
2408
2409
2410
2411
2412
2413
2414
2415
2416
2417
2418
2419
2420
2421
2422
2423
2424
2425
2426
2427
2428
2429
2430
2431
2432
2433
2434
2435
2436
2437
2438
2439
2440
2441
2442
2443
2444
2445
2446
2447
2448
2449
2450
2451
2452
2453
2454
2455
2456
2457
2458
2459
2460
2461
2462
2463
2464
2465
2466
2467
2468
2469
2470
2471
2472
2473
2474
2475
2476
2477
2478
2479
2480
2481
2482
2483
2484
2485
2486
2487
2488
2489
2490
2491
2492
2493
2494
2495
2496
2497
2498
2499
2500
2501
2502
2503
2504
2505
2506
2507
2508
2509
2510
2511
2512
2513
2514
2515
2516
2517
2518
2519
2520
2521
2522
2523
2524
2525
2526
2527
2528
2529
2530
2531
2532
2533
2534
2535
2536
2537
2538
2539
2540
2541
2542
2543
2544
2545
2546
2547
2548
2549
2550
2551
2552
2553
2554
2555
2556
2557
2558
2559
2560
2561
2562
2563
2564
2565
2566
2567
2568
2569
2570
2571
2572
2573
2574
2575
2576
2577
2578
2579
2580
2581
2582
2583
2584
2585
2586
2587
2588
2589
2590
2591
2592
2593
2594
2595
2596
2597
2598
2599
2600
2601
2602
2603
2604
2605
2606
2607
2608
2609
2610
2611
2612
2613
2614
2615
2616
2617
2618
2619
2620
2621
2622
2623
2624
2625
2626
2627
2628
2629
2630
2631
2632
2633
2634
2635
2636
2637
2638
2639
2640
2641
2642
2643
2644
2645
2646
2647
2648
2649
2650
2651
2652
2653
2654
2655
2656
2657
2658
2659
2660
2661
2662
2663
2664
2665
2666
2667
2668
2669
2670
2671
2672
2673
2674
2675
2676
2677
2678
2679
2680
2681
2682
2683
2684
2685
2686
2687
2688
2689
2690
2691
2692
2693
2694
2695
2696
2697
2698
2699
2700
2701
2702
2703
2704
2705
2706
2707
2708
2709
2710
2711
2712
2713
2714
2715
2716
2717
2718
2719
2720
2721
2722
2723
2724
2725
2726
2727
2728
2729
2730
2731
2732
2733
2734
2735
2736
2737
2738
2739
2740
2741
2742
2743
2744
2745
2746
2747
2748
2749
2750
2751
2752
2753
2754
2755
2756
2757
2758
2759
2760
2761
2762
2763
2764
2765
2766
2767
2768
2769
2770
2771
2772
2773
2774
2775
2776
2777
2778
2779
2780
2781
2782
2783
2784
2785
2786
2787
2788
2789
2790
2791
2792
2793
2794
2795
2796
2797
2798
2799
2800
2801
2802
2803
2804
2805
2806
2807
2808
2809
2810
2811
2812
2813
2814
2815
2816
2817
2818
2819
2820
2821
2822
2823
2824
2825
2826
2827
2828
2829
2830
2831
2832
2833
2834
2835
2836
2837
2838
2839
2840
2841
2842
2843
2844
2845
2846
2847
2848
2849
2850
2851
2852
2853
2854
2855
2856
2857
2858
2859
2860
2861
2862
2863
2864
2865
2866
2867
2868
2869
2870
2871
2872
2873
2874
2875
2876
2877
2878
2879
2880
2881
2882
2883
2884
2885
2886
2887
2888
2889
2890
2891
2892
2893
2894
2895
2896
2897
2898
2899
2900
2901
2902
2903
2904
2905
2906
2907
2908
2909
2910
2911
2912
2913
2914
2915
2916
2917
2918
2919
2920
2921
2922
2923
2924
2925
2926
2927
2928
2929
2930
2931
2932
2933
2934
2935
2936
2937
2938
2939
2940
2941
2942
2943
2944
2945
2946
2947
2948
2949
2950
2951
2952
2953
2954
2955
2956
2957
2958
2959
2960
2961
2962
2963
2964
2965
2966
2967
2968
2969
2970
2971
2972
2973
2974
2975
2976
2977
2978
2979
2980
2981
2982
2983
2984
2985
2986
2987
2988
2989
2990
2991
2992
2993
2994
2995
2996
2997
2998
2999
3000
3001
3002
3003
3004
3005
3006
3007
3008
3009
3010
3011
3012
3013
3014
3015
3016
3017
3018
3019
3020
3021
3022
3023
3024
3025
3026
3027
3028
3029
3030
3031
3032
3033
3034
3035
3036
3037
3038
3039
3040
3041
3042
3043
3044
3045
3046
3047
3048
3049
3050
3051
3052
3053
3054
3055
3056
3057
3058
3059
3060
3061
3062
3063
3064
3065
3066
3067
3068
3069
3070
3071
3072
3073
3074
3075
3076
3077
3078
3079
3080
3081
3082
3083
3084
3085
3086
3087
3088
3089
3090
3091
3092
3093
3094
3095
3096
3097
3098
3099
3100
3101
3102
3103
3104
3105
3106
3107
3108
3109
3110
3111
3112
3113
3114
3115
3116
3117
3118
3119
3120
3121
3122
3123
3124
3125
3126
3127
3128
3129
3130
3131
3132
3133
3134
3135
3136
3137
3138
3139
3140
3141
3142
3143
3144
3145
3146
3147
3148
3149
3150
3151
3152
3153
3154
3155
3156
3157
3158
3159
3160
3161
3162
3163
3164
3165
3166
3167
3168
3169
3170
3171
3172
3173
3174
3175
3176
3177
3178
3179
3180
3181
3182
3183
3184
3185
3186
3187
3188
3189
3190
3191
3192
3193
3194
3195
3196
3197
3198
3199
3200
3201
3202
3203
3204
3205
3206
3207
3208
3209
3210
3211
3212
3213
3214
3215
3216
3217
3218
3219
3220
3221
3222
3223
3224
3225
3226
3227
3228
3229
3230
3231
3232
3233
3234
3235
3236
3237
3238
3239
3240
3241
3242
3243
3244
3245
3246
3247
3248
3249
3250
3251
3252
3253
3254
3255
3256
3257
3258
3259
3260
3261
3262
3263
3264
3265
3266
3267
3268
3269
3270
3271
3272
3273
3274
3275
3276
3277
3278
3279
3280
3281
3282
3283
3284
3285
3286
3287
3288
3289
3290
3291
3292
3293
3294
3295
3296
3297
3298
3299
3300
3301
3302
3303
3304
3305
3306
3307
3308
3309
3310
3311
3312
3313
3314
3315
3316
3317
3318
3319
3320
3321
3322
3323
3324
3325
3326
3327
3328
3329
3330
3331
3332
3333
3334
3335
3336
3337
3338
3339
3340
3341
3342
3343
3344
3345
3346
3347
3348
3349
3350
3351
3352
3353
3354
3355
3356
3357
3358
3359
3360
3361
3362
3363
3364
3365
3366
3367
3368
3369
3370
3371
3372
3373
3374
3375
3376
3377
3378
3379
3380
3381
3382
3383
3384
3385
3386
3387
3388
3389
3390
3391
3392
3393
3394
3395
3396
3397
3398
3399
3400
3401
3402
3403
3404
3405
3406
3407
3408
3409
3410
3411
3412
3413
3414
3415
3416
3417
3418
3419
3420
3421
3422
3423
3424
3425
3426
3427
3428
3429
3430
3431
3432
3433
3434
3435
3436
3437
3438
3439
3440
3441
3442
3443
3444
3445
3446
3447
3448
3449
3450
3451
3452
3453
3454
3455
3456
3457
3458
3459
3460
3461
3462
3463
3464
3465
3466
3467
3468
3469
3470
3471
3472
3473
3474
3475
3476
3477
3478
3479
3480
3481
3482
3483
3484
3485
3486
3487
3488
3489
3490
3491
3492
3493
3494
3495
3496
3497
3498
3499
3500
3501
3502
3503
3504
3505
3506
3507
3508
3509
3510
3511
3512
3513
3514
3515
3516
3517
3518
3519
3520
3521
3522
3523
3524
3525
3526
3527
3528
3529
3530
3531
3532
3533
3534
3535
3536
3537
3538
3539
3540
3541
3542
3543
3544
3545
3546
3547
3548
3549
3550
3551
3552
3553
3554
3555
3556
3557
3558
3559
3560
3561
3562
3563
3564
3565
3566
3567
3568
3569
3570
3571
3572
3573
3574
3575
3576
3577
3578
3579
3580
3581
3582
3583
3584
3585
3586
3587
3588
3589
3590
3591
3592
3593
3594
3595
3596
3597
3598
3599
3600
3601
3602
3603
3604
3605
3606
3607
3608
3609
3610
3611
3612
3613
3614
3615
3616
3617
3618
3619
3620
3621
3622
3623
3624
3625
3626
3627
3628
3629
3630
3631
3632
3633
3634
3635
3636
3637
3638
3639
3640
3641
3642
3643
3644
3645
3646
3647
3648
3649
3650
3651
3652
3653
3654
3655
3656
3657
3658
3659
3660
3661
3662
3663
3664
3665
3666
3667
3668
3669
3670
3671
3672
3673
3674
3675
3676
3677
3678
3679
3680
3681
3682
3683
3684
3685
3686
3687
3688
3689
3690
3691
3692
3693
3694
3695
3696
3697
3698
3699
3700
3701
3702
3703
3704
3705
3706
3707
3708
3709
3710
3711
3712
3713
3714
3715
3716
3717
3718
3719
3720
3721
3722
3723
3724
3725
3726
3727
3728
3729
3730
3731
3732
3733
3734
3735
3736
3737
3738
3739
3740
3741
3742
3743
3744
3745
3746
3747
3748
3749
3750
3751
3752
3753
3754
3755
3756
3757
3758
3759
3760
3761
3762
3763
3764
3765
3766
3767
3768
3769
3770
3771
3772
3773
3774
3775
3776
3777
3778
3779
3780
3781
3782
3783
3784
3785
3786
3787
3788
3789
3790
3791
3792
3793
3794
3795
3796
3797
3798
3799
3800
3801
3802
3803
3804
3805
3806
3807
3808
3809
3810
3811
3812
3813
3814
3815
3816
3817
3818
3819
3820
3821
3822
3823
3824
3825
3826
3827
3828
3829
3830
3831
3832
3833
3834
3835
3836
3837
3838
3839
3840
3841
3842
3843
3844
3845
3846
3847
3848
3849
3850
3851
3852
3853
3854
3855
3856
3857
3858
3859
3860
3861
3862
3863
3864
3865
3866
3867
3868
3869
3870
3871
3872
3873
3874
3875
3876
3877
3878
3879
3880
3881
3882
3883
3884
3885
3886
3887
3888
3889
3890
3891
3892
3893
3894
3895
3896
3897
3898
3899
3900
3901
3902
3903
3904
3905
3906
3907
3908
3909
3910
3911
3912
3913
3914
3915
3916
3917
3918
3919
3920
3921
3922
3923
3924
3925
3926
3927
3928
3929
3930
3931
3932
3933
3934
3935
3936
3937
3938
3939
3940
3941
3942
3943
3944
3945
3946
3947
3948
3949
3950
3951
3952
3953
3954
3955
3956
3957
3958
3959
3960
3961
3962
3963
3964
3965
3966
3967
3968
3969
3970
3971
3972
3973
3974
3975
3976
3977
3978
3979
3980
3981
3982
3983
3984
3985
3986
3987
3988
3989
3990
3991
3992
3993
3994
3995
3996
3997
3998
3999
4000
4001
4002
4003
4004
4005
4006
4007
4008
4009
4010
4011
4012
4013
4014
4015
4016
4017
4018
4019
4020
4021
4022
4023
4024
4025
4026
4027
4028
4029
4030
4031
4032
4033
4034
4035
4036
4037
4038
4039
4040
4041
4042
4043
4044
4045
4046
4047
4048
4049
4050
4051
4052
4053
4054
4055
4056
4057
4058
4059
4060
4061
4062
4063
4064
4065
4066
4067
4068
4069
4070
4071
4072
4073
4074
4075
4076
4077
4078
4079
4080
4081
4082
4083
4084
4085
4086
4087
4088
4089
4090
4091
4092
4093
4094
4095
4096
4097
4098
4099
4100
4101
4102
4103
4104
4105
4106
4107
4108
4109
4110
4111
4112
4113
4114
4115
4116
4117
4118
4119
4120
4121
4122
4123
4124
4125
4126
4127
4128
4129
4130
4131
4132
4133
4134
4135
4136
4137
4138
4139
4140
4141
4142
4143
4144
4145
4146
4147
4148
4149
4150
4151
4152
4153
4154
4155
4156
4157
4158
4159
4160
4161
4162
4163
4164
4165
4166
4167
4168
4169
4170
4171
4172
4173
4174
4175
4176
4177
4178
4179
4180
4181
4182
4183
4184
4185
4186
4187
4188
4189
4190
4191
4192
4193
4194
4195
4196
4197
4198
4199
4200
4201
4202
4203
4204
4205
4206
4207
4208
4209
4210
4211
4212
4213
4214
4215
4216
4217
4218
4219
4220
4221
4222
4223
4224
4225
4226
4227
4228
4229
4230
4231
4232
4233
4234
4235
4236
4237
4238
4239
4240
4241
4242
4243
4244
4245
4246
4247
4248
4249
4250
4251
4252
4253
4254
4255
4256
4257
4258
4259
4260
4261
4262
4263
4264
4265
4266
4267
4268
4269
4270
4271
4272
4273
4274
4275
4276
4277
4278
4279
4280
4281
4282
4283
4284
4285
4286
4287
4288
4289
4290
4291
4292
4293
4294
4295
4296
4297
4298
4299
4300
4301
4302
4303
4304
4305
4306
4307
4308
4309
4310
4311
4312
4313
4314
4315
4316
4317
4318
4319
4320
4321
4322
4323
4324
4325
4326
4327
4328
4329
4330
4331
4332
4333
4334
4335
4336
4337
4338
4339
4340
4341
4342
4343
4344
4345
4346
4347
4348
4349
4350
4351
4352
4353
4354
4355
4356
4357
4358
4359
4360
4361
4362
4363
4364
4365
4366
4367
4368
4369
4370
4371
4372
4373
4374
4375
4376
4377
4378
4379
4380
4381
4382
4383
4384
4385
4386
4387
4388
4389
4390
4391
4392
4393
4394
4395
4396
4397
4398
4399
4400
4401
4402
4403
4404
4405
4406
4407
4408
4409
4410
4411
4412
4413
4414
4415
4416
4417
4418
4419
4420
4421
4422
4423
4424
4425
4426
4427
4428
4429
4430
4431
4432
4433
4434
4435
4436
4437
4438
4439
4440
4441
4442
4443
4444
4445
4446
4447
4448
4449
4450
4451
4452
4453
4454
4455
4456
4457
4458
4459
4460
4461
4462
4463
4464
4465
4466
4467
4468
4469
4470
4471
4472
4473
4474
4475
4476
4477
4478
4479
4480
4481
4482
4483
4484
4485
4486
4487
4488
4489
4490
4491
4492
4493
4494
4495
4496
4497
4498
4499
4500
4501
4502
4503
4504
4505
4506
4507
4508
4509
4510
4511
4512
4513
4514
4515
4516
4517
4518
4519
4520
4521
4522
4523
4524
4525
4526
4527
4528
4529
4530
4531
4532
4533
4534
4535
4536
4537
4538
4539
4540
4541
4542
4543
4544
4545
4546
4547
4548
4549
4550
4551
4552
4553
4554
4555
4556
4557
4558
4559
4560
4561
4562
4563
4564
4565
4566
4567
4568
4569
4570
4571
4572
4573
4574
4575
4576
4577
4578
4579
4580
4581
4582
4583
4584
4585
4586
4587
4588
4589
4590
4591
4592
4593
4594
4595
4596
4597
4598
4599
4600
4601
4602
4603
4604
4605
4606
4607
4608
4609
4610
4611
4612
4613
4614
4615
4616
4617
4618
4619
4620
4621
4622
4623
4624
4625
4626
4627
4628
4629
4630
4631
4632
4633
4634
4635
4636
4637
4638
4639
4640
4641
4642
4643
4644
4645
4646
4647
4648
4649
4650
4651
4652
4653
4654
4655
4656
4657
4658
4659
4660
4661
4662
4663
4664
4665
4666
4667
4668
4669
4670
4671
4672
4673
4674
4675
4676
4677
4678
4679
4680
4681
4682
4683
4684
4685
4686
4687
4688
4689
4690
4691
4692
4693
4694
4695
4696
4697
4698
4699
4700
4701
4702
4703
4704
4705
4706
4707
4708
4709
4710
4711
4712
4713
4714
4715
4716
4717
4718
4719
4720
4721
4722
4723
4724
4725
4726
4727
4728
4729
4730
4731
4732
4733
4734
4735
4736
4737
4738
4739
4740
4741
4742
4743
4744
4745
4746
4747
4748
4749
4750
4751
4752
4753
4754
4755
4756
4757
4758
4759
4760
4761
4762
4763
4764
4765
4766
4767
4768
4769
4770
4771
4772
4773
4774
4775
4776
4777
4778
4779
4780
4781
4782
4783
4784
4785
4786
4787
4788
4789
4790
4791
4792
4793
4794
4795
4796
4797
4798
4799
4800
4801
4802
4803
4804
4805
4806
4807
4808
4809
4810
4811
4812
4813
4814
4815
4816
4817
4818
4819
4820
4821
4822
4823
4824
4825
4826
4827
4828
4829
4830
4831
4832
4833
4834
4835
4836
4837
4838
4839
4840
4841
4842
4843
4844
4845
4846
4847
4848
4849
4850
4851
4852
4853
4854
4855
4856
4857
4858
4859
4860
4861
4862
4863
4864
4865
4866
4867
4868
4869
4870
4871
4872
4873
4874
4875
4876
4877
4878
4879
4880
4881
4882
4883
4884
4885
4886
4887
4888
4889
4890
4891
4892
4893
4894
4895
4896
4897
4898
4899
4900
4901
4902
4903
4904
4905
4906
4907
4908
4909
4910
4911
4912
4913
4914
4915
4916
4917
4918
4919
4920
4921
4922
4923
4924
4925
4926
4927
4928
4929
4930
4931
4932
4933
4934
4935
4936
4937
4938
4939
4940
4941
4942
4943
4944
4945
4946
4947
4948
4949
4950
4951
4952
4953
4954
4955
4956
4957
4958
4959
4960
4961
4962
4963
4964
4965
4966
4967
4968
4969
4970
4971
4972
4973
4974
4975
4976
4977
4978
4979
4980
4981
4982
4983
4984
4985
4986
4987
4988
4989
4990
4991
4992
4993
4994
4995
4996
4997
4998
4999
5000
5001
5002
5003
5004
5005
5006
5007
5008
5009
5010
5011
5012
5013
5014
5015
5016
5017
5018
5019
5020
5021
5022
5023
5024
5025
5026
5027
5028
5029
5030
5031
5032
5033
5034
5035
5036
5037
5038
5039
5040
5041
5042
5043
5044
5045
5046
5047
5048
5049
5050
5051
5052
5053
5054
5055
5056
5057
5058
5059
5060
5061
5062
5063
5064
5065
5066
5067
5068
5069
5070
5071
5072
5073
5074
5075
5076
5077
5078
5079
5080
5081
5082
25.16435016565579 12.67642177048817 0
25.25154619769372 17.29951207661219 0
44.58567170838538 10.24088122762005 0
44.55457874656355 19.74860866217789 0
44.5739104099879 14.73802385595487 0
34.75000010377858 29.5937907433085 0
34.7500001404871 0.4056787298723918 0
25.42390560679799 14.72066706871006 0
31.74914966414343 29.55642796332598 0
31.74992441395827 0.4330366079630998 0
24.48901465254495 19.27382337533426 0
24.46450120738653 10.6833460297639 0
44.52734612037966 17.20812092507475 0
44.56843544811098 7.752511780516016 0
44.59365791870201 22.24274605785556 0
37.24702641776469 0.3878041990684977 0
37.24999353058718 29.56698666502451 0
29.24998611233885 29.57383695954726 0
29.25 0.4330127018922187 0
23.48987491996564 21.15484081529297 0
23.46746118283982 8.912309990935123 0
39.67801729238841 0.4022875574553932 0
44.59584136484327 24.74050213571804 0
26.75 29.56698729810778 0
26.80661261600368 0.457427007986011 0
39.75332378748634 29.59972461970287 0
44.63023025703869 5.246648721413496 0
44.57149014616056 12.74586274336506 0
0.4330127018922205 25.25 0
0.4317952230098641 4.750055955812105 0
7.904241803378032 7.367242180873854 0
22.09426395525868 22.64084952075239 0
22.13147758310155 7.285307457872332 0
7.887915051307242 22.69925884597938 0
4.747617404542972 0.4413043760488478 0
4.750321768504485 29.56690115263207 0
24.76794318234542 0.4354221606185362 0
24.75162137405323 29.5660871626873 0
6.791036183893722 21.52801350528283 0
6.863272779252263 8.491217349933976 0
6.75070634465326 0.4069364313296582 0
6.750071943378023 29.56704712418125 0
22.7857954459391 29.57304316093632 0
22.74999922626681 0.4124955920563647 0
0.5130252171063425 23.20938726406958 0
0.4276813740259513 6.750009710845081 0
9.107328693170061 6.391761297369374 0
9.12530181911694 23.61659966650979 0
20.88719043788257 23.59935468389384 0
20.87469818088308 6.38340033349022 0
5.968477348917016 20.21435203379504 0
5.946126187594938 9.79704057051041 0
41.75 0.4330127018922187 0
44.56186646219535 26.76388264847897 0
8.750022267904249 0.4144647805861581 0
8.750029265527621 29.56702511073554 0
20.75 29.56698729810778 0
20.71339820696262 0.4425587941261266 0
0.4557528352511042 21.25791353898797 0
0.4206671555543053 8.728625798503661 0
10.42655673933787 5.621896303557994 0
10.51102382260803 24.42071263920279 0
5.271317473339099 11.11707831632345 0
5.294658508434321 18.79353279033306 0
19.53301817387297 24.38886971943322 0
19.50635649241065 5.563487993486016 0
44.67357398587329 3.242684967411853 0
41.74999868376521 29.5669873578958 0
10.75281051412198 0.3861075829800029 0
10.75405027679767 29.51557740022322 0
18.0675020611332 24.93041543781471 0
18.08054549251039 5.043669761827559 0
2.750000012479646 0.4118888439411847 0
0.4330106631605801 27.24999365227907 0
0.4063825326992401 3.226372548854902 0
33.24996138570171 29.5669980754384 0
33.24997335056394 0.4257463459056083 0
3.250471070347757 29.56684161247536 0
0.3921684266338268 19.75023174859952 0
0.4151640797315039 10.25496747781634 0
0.4098665291057841 18.226122033441 0
0.4038843295095376 11.7510452478776 0
19.20576851753062 0.4468716628832663 0
19.22689058357907 29.53875051270109 0
12.26674750757062 0.5045115362241237 0
12.17088853744734 29.52897658922382 0
11.94125155613599 24.96125994303038 0
11.88017161618762 4.982533766537808 0
17.23267947905357 29.57667555481363 0
17.25 0.4330127018922187 0
0.432987450215446 16.74987497717406 0
0.4281197163499364 13.19326502448611 0
13.97676116002471 25.45451764401661 0
13.97401023184545 4.63299469258515 0
15.76385538464344 29.58896556152506 0
15.7497793821849 0.4331873995226925 0
4.482699070156716 14.74377850004357 0
4.805582529531513 17.30663845357564 0
4.834300779257024 12.70095055844665 0
16.55431768751426 4.68777594038766 0
16.56081868729168 25.30707988073831 0
14.24995272812033 0.4329907056967777 0
14.26481623514853 29.56511417399226 0
0.4308841822939264 15.25716102044091 0
43.24999962749793 0.4330124068078067 0
44.5273135444824 28.27298320132955 0
1.782332330433118 29.51258714929868 0
0.3834309662364603 1.759207675113798 0
25.34776904989345 13.70325630156356 0
24.8905425644918 11.68479488575849 0
25.34349265898803 16.27967501508911 0
24.87877160638565 18.31464675012333 0
24.05056415541638 20.21077905753246 0
24.04206742744051 9.760166086316943 0
22.81924628119211 21.90052578601302 0
22.80344212979243 8.089904229481583 0
4.661422410442615 16.37296524631133 0
15.52759496010322 4.592222489161404 0
15.52593887997622 25.41597535558694 0
12.94665151081956 25.23103200588529 0
12.92008763056151 4.791205727769208 0
4.680396446250757 13.71803305502184 0
44.53692050868182 1.74876179868312 0
43.24999835599218 29.56698628502495 0
0.397988620545572 14.29296663362483 0
13.25020891749879 29.59448723820275 0
13.26233915432466 0.4251063841959564 0
18.32802140423581 29.60944310431069 0
18.25 0.4330127018922187 0
9.733485371438361 29.5743981943163 0
9.750061341809575 0.4330053980146609 0
21.73996906646761 29.56961525276917 0
21.75172954879363 0.4174225968790193 0
0.4184454128449175 22.23419041788101 0
0.4330057320398701 7.750056189656837 0
7.750173801431984 29.56699282763952 0
7.720308427382662 0.4462651288956749 0
23.68806261879804 29.51679529863659 0
23.74994779389985 0.4330062634470124 0
0.4330065288395808 5.75004871028325 0
0.4173822576499617 24.26304228981795 0
25.74995412189892 29.56699283597474 0
5.750104034405297 29.56705074985281 0
5.783647176172099 0.4320829468133862 0
25.74989205152294 0.3978897658905503 0
27.74998743258187 29.59477191795465 0
27.70246447146609 0.4374497505142987 0
30.30270594538036 29.56239134970278 0
30.24996508093105 0.4330123507141082 0
44.55353535408899 15.76485656231252 0
44.57206664243982 11.7513465563268 0
44.56698963323951 13.75001797171701 0
44.59853175215774 18.26227418334671 0
44.58307079914 9.250001739664159 0
44.58552432273174 20.71742013537778 0
35.75800686248612 29.54799558787973 0
35.76833082347547 0.5033350964441521 0
44.55573419027394 6.75313890860401 0
44.51559613884478 23.24662081877912 0
1.719947513416713 0.4343586343378441 0
3.733217095546486 0.4178862530567322 0
0.4076942143131035 26.24999148560671 0
0.4136627389562335 28.2252856357252 0
38.25630909877255 29.56073554235064 0
38.24553067455262 0.4597490436208993 0
44.56779465142488 4.248601712376853 0
40.77927126514258 0.4241483609276706 0
44.57843061741467 25.76982030862596 0
40.74580392920382 29.583714408037 0
0.7653108987945032 0.4439016673336376 0
44.54714878095376 0.795912606548935 0
0.4330127018922205 29.25 0
44.54714991344898 29.20408770896009 0
25.2743177462564 13.17076542418736 0
25.63914678613578 12.83797596101933 0
25.52862693837027 12.33867675765234 0
26.00783716667535 12.48885512665008 0
26.1157950569667 12.98681422057262 0
26.48483115856514 12.63669124156568 0
26.59681815625844 13.12037857962379 0
26.96223594130661 12.78158125295491 0
27.07416700057779 13.26494317638317 0
27.43911800180852 12.9278250118743 0
27.55010586517825 13.41390038303176 0
27.9156904174257 13.07517425388537 0
28.02629192087191 13.56178615151629 0
28.39230321266511 13.22222367065968 0
28.50296551832139 13.70907740032893 0
28.86909965289287 13.36923394766091 0
28.97993937525938 13.8560980818852 0
29.34580105237056 13.51637037779196 0
29.45674024104802 14.00319063122544 0
29.82231904280454 13.66350998880783 0
29.93321135424379 14.15050245661156 0
30.29926282934788 13.81034872619137 0
30.4100160063565 14.29733086698763 0
30.77579908041779 13.95707083063387 0
30.88673351512066 14.44415848180302 0
31.25305353132157 14.10454143457406 0
31.3641654805202 14.59117286094334 0
31.14163134173097 13.61746200984609 0
31.61900395342968 13.76502320131254 0
31.50751425350519 13.27793752364951 0
31.98492410569563 13.42552139713949 0
31.87341121500048 12.93840023046799 0
32.35085118803224 13.08599223500377 0
32.23973204743017 12.59927124040981 0
32.71688951297541 12.7465389337808 0
32.60575998815413 12.25977350750391 0
33.0828842089365 12.40697106443616 0
33.19398687543878 12.89373819672476 0
32.97177547473126 11.92021111010567 0
33.44890305411938 12.06738021635302 0
33.3377813274496 11.58057521487933 0
33.81494026910206 11.72775728127069 0
33.70381804756413 11.24093328879999 0
33.22664044766022 11.0937627579206 0
33.59268681632732 10.75409160161001 0
33.11549671140813 10.60692849620667 0
34.06988688255845 10.90126752220323 0
33.95874670241137 10.41439285204295 0
34.43565307892565 10.56122091115384 0
34.32477477287055 10.07460872031941 0
34.80188107069922 10.22163489383904 0
34.690892245029 9.73487221578465 0
35.16777766029277 9.881626755744414 0
30.99781516325419 14.93075599335274 0
31.47513450055119 15.07779298643419 0
31.1091609367134 15.4172844861568 0
31.58622490113403 15.56438433803052 0
31.22026007190677 15.90387853374483 0
31.69730442750943 16.05099004420365 0
31.33116264047658 16.39053344113315 0
31.80834773006522 16.53762193088109 0
31.44218282077048 16.87718167710829 0
31.91941212226781 17.02427168361315 0
31.55366969436427 17.36373867925518 0
32.03062022629888 17.51090900078 0
31.66460272978199 17.8505644701988 0
32.1416447346913 17.99764615818192 0
31.77572134610278 18.33722966423424 0
32.2528488451909 18.48433033398123 0
32.61870230349153 18.14429483916459 0
32.72992020379023 18.63144261058098 0
33.09592856485499 18.29161824229864 0
33.20706084816279 18.77870732830689 0
33.57318240836415 18.43887458431247 0
33.68422883579551 18.92588450129043 0
31.8867991752511 18.82387446866552 0
34.05039549725871 18.5860778205517 0
34.16142188818143 19.0731021097442 0
34.52749105841477 18.73345661972612 0
34.63862052490566 19.22034697684134 0
34.27250947201792 19.56003002913777 0
34.7497540527804 19.70726566525084 0
34.38366708628701 20.04681328876175 0
34.86089678474143 20.19418331627364 0
35.00473078676923 18.88065730184995 0
34.49486698456519 20.53372668656397 0
34.97205222192077 20.68113984779468 0
35.05698573761886 9.395058099149797 0
35.53431159436658 9.542262547849298 0
35.64468184990505 10.02827667919875 0
34.57980059375507 9.248016175316286 0
27.32804927390507 12.44187951335298 0
35.42319801837202 9.055324432383971 0
35.90056936786131 9.202555055597877 0
34.60595164700867 21.02085946987049 0
35.08319376593777 21.16815598836184 0
35.44936639431589 20.82836189473039 0
35.56051956961961 21.31542174156158 0
35.92672651574312 20.97559683253996 0
36.03788403923111 21.46268979210053 0
35.78939893327822 8.715533254235869 0
36.26679180104851 8.862775939846419 0
36.40410740701304 21.12289833825422 0
36.51527612005971 21.60997454888583 0
34.71699094203551 21.50790377347143 0
36.1556068088776 8.375707736294459 0
36.63302730419364 8.522947872584577 0
36.88152898957019 21.27014988439875 0
36.99269541859214 21.75725840096811 0
36.52183246521689 8.035854952848819 0
36.04438765364076 7.888620839589644 0
36.99927865070153 8.183103677141055 0
37.11046948797495 8.670219806803699 0
36.6264294695573 22.09708236394108 0
37.1038682752376 22.2443784358105 0
36.88807831236017 7.695982499217816 0
37.36555246319497 7.843238229217981 0
37.35895945863147 21.41742759202785 0
36.73760113019676 22.58415983277897 0
37.21504206686015 22.73151532885826 0
37.25434348138958 7.35609261174944 0
37.73184282254545 7.503356059169324 0
34.89361200098345 18.39376066951078 0
35.37085670706728 18.54095152760971 0
35.25970927967909 18.05402022566079 0
35.7369481135047 18.20118412208572 0
35.62583555944889 17.71426716050168 0
36.10311035799115 17.86146712900156 0
35.99198202056158 17.37451425680083 0
36.46924832254575 17.52168603701428 0
36.35805494921775 17.03465147124767 0
36.83541125655691 17.18190468040931 0
36.72421277927722 16.69484976881947 0
37.20155037894128 16.84206927542632 0
37.0904734610333 16.3551304793634 0
37.56776685591537 16.50228178410027 0
37.45669359017241 16.0153300912327 0
31.40974015495051 18.67677215914498 0
31.52079033219078 19.16343718222062 0
37.62062986282022 7.016182286609782 0
37.93409645013273 16.16258504923523 0
37.82293551830735 15.67552295688345 0
38.04494417410685 16.64940785170169 0
36.84880434049158 23.07129607991919 0
37.3262245013364 23.21867780866221 0
38.09815531649038 7.163453827845135 0
31.04373136212137 19.01636830347395 0
31.15479949551271 19.5030197834391 0
37.98693999887482 6.676501627565692 0
37.50975014813298 6.529493056025693 0
38.30036058964316 15.8227901076834 0
38.18918010404089 15.33569234343101 0
30.67773387356382 19.35594183511025 0
30.78880246909872 19.84258499917446 0
38.46390933760543 6.822953508169128 0
38.57458265107909 7.307870072506951 0
36.95995454667668 23.55853139592259 0
37.43742056296834 23.70586226203665 0
37.80374126850499 23.36597883164779 0
37.91493763667522 23.85318280790182 0
38.28127738402631 23.51327863153492 0
38.39247766752442 24.00050336194082 0
38.35339895483572 6.336749604841776 0
30.31176469481501 19.69543397135697 0
30.42283364032397 20.18215648311009 0
38.66662379426089 15.48295681212007 0
38.55542784541808 14.99582052221654 0
38.75883672340914 23.6605865363896 0
38.87004395924244 24.14783392705679 0
38.83050768181371 6.483267339209648 0
29.94577690327912 20.03497530961038 0
30.05684645736626 20.52171087215677 0
38.71979804933744 5.996614700265052 0
37.0710871486445 24.04574684544297 0
29.57979964329341 20.37452117689356 0
29.69085446070208 20.86126427039232 0
30.1679476837211 21.00844823997182 0
29.80191026087673 21.34803668199207 0
30.27905002782007 21.49523458537466 0
29.91296020374433 21.8348617849126 0
30.39011713204655 21.98207596919006 0
30.02401775702479 22.32172669934485 0
30.50122655698489 22.46895529228543 0
30.13511025185903 22.8086122469583 0
30.61234321096848 22.95585799735689 0
29.65789588883847 22.66137561815837 0
29.76898448951816 23.14826780041254 0
29.2918418309506 23.00100417974598 0
29.40267923470731 23.48770830958641 0
28.92568533246624 23.34063025940152 0
29.03652069627781 23.82731964195049 0
28.55962172612232 23.68024409585453 0
30.20071349839551 19.20869009896692 0
36.59367436765466 23.89836454160874 0
31.76119901102445 12.45082680993828 0
30.85376986130308 16.24379286909019 0
39.03290068064295 15.14310295555777 0
38.9216957109459 14.65593960454073 0
28.67059256812053 24.16716525124877 0
28.19339808935697 24.01996656100998 0
29.14690864573131 24.31465263678222 0
28.44866608379075 23.19321762673219 0
39.19659060903896 6.143004530783854 0
39.23642202526644 23.80789375730826 0
39.34762614019331 24.29516639393538 0
38.07793315142304 14.8485251293341 0
39.08591617040724 5.656590508436995 0
36.70475316968138 24.38562587841487 0
36.22729312168141 24.23824940072526 0
39.3991928941834 14.80323484375799 0
39.28799162817162 14.31606413814049 0
39.51038539641779 15.29040278889596 0
28.30448321363844 24.50686457708095 0
27.82723608406362 24.35973482639758 0
38.60913064855662 5.510368699790508 0
28.75771686132234 12.88252461522492 0
39.56285383710553 5.802945900190933 0
39.67301564627986 6.287141020797479 0
38.98123744973816 24.63510850675918 0
39.45884273560232 24.78244550867225 0
39.45249558319987 5.31686375120983 0
36.33840440828442 24.72551565965274 0
35.86093303794361 24.57817789900674 0
39.7140120421945 23.95521214142611 0
39.60280432419832 23.4679380311696 0
36.97928167712309 15.86794310505388 0
39.76550283794368 14.46335499208362 0
39.65429879395887 13.97617671524293 0
39.17678313810249 13.82889324107178 0
39.5430882827537 13.48899516422307 0
35.88037934866743 16.88710876799298 0
27.93834575431718 24.84655313318919 0
27.46113693095364 24.69927780121516 0
27.35003456540066 24.21252997672295 0
26.98389888105852 24.55206043485428 0
28.61353571391059 14.19630728139529 0
39.0655671547366 13.34171224924825 0
39.43186649765452 13.00180064129013 0
39.90938771275203 13.14908895110364 0
39.79817850631397 12.66189097592523 0
39.92962051123255 5.463340492615888 0
39.81895541801957 4.976690665529578 0
27.09502281609518 25.03887737108162 0
26.61773327243471 24.89164655493111 0
35.9720538753986 25.06542050130286 0
35.49457389041477 24.91807932570104 0
26.8728434652793 24.0652335801194 0
39.09242148717743 25.12241165428195 0
39.57005878759625 25.26974913147119 0
40.08040765319577 23.61525854990509 0
39.96917920426857 23.128030443693 0
39.32064116497926 12.51460533142723 0
39.68694895068296 12.17468637526957 0
32.063371095227 15.71146276100058 0
36.94665416276814 17.66864157205074 0
40.16450598380961 12.32198183381512 0
40.05323968034672 11.83474943053921 0
40.29573829226992 5.123022675873518 0
26.72889065215996 25.37850118224409 0
26.25166150996569 25.23123712498783 0
40.18509640645208 4.636606183847986 0
39.70836013137755 4.490485290027971 0
35.60568904583861 25.40532351239406 0
35.12815103373288 25.2579871207862 0
36.08323659129001 25.55266192880433 0
40.44680970559665 23.2753121900834 0
40.33550113319129 22.78814449206347 0
29.21381371692065 20.71406452752484 0
29.10277017818586 20.22736383520436 0
28.73682002663362 20.56688075844931 0
28.62577365855612 20.08025504163094 0
28.25987156886355 20.41971121617635 0
40.53084951147341 11.98204657898055 0
40.41958122181325 11.49478797083605 0
39.2036193158135 25.60972786982268 0
39.68126835784636 25.75707701064419 0
39.20940417978856 12.02742288311054 0
40.66205022011324 4.782929222699705 0
40.77212409905112 5.267035851237303 0
40.5517397327533 4.296863793007173 0
26.36276171031163 25.71814350317112 0
25.88559400741576 25.57085163262431 0
25.77447613756885 25.0839786737542 0
25.4084405977738 25.42356856370667 0
26.83995659810103 25.86542269572544 0
25.29738932282086 24.93674162057834 0
24.93134040507523 25.27629983484199 0
35.01720549095408 24.77060120311372 0
34.65067084414709 25.11056897788919 0
34.76178743695806 25.59783600542686 0
34.28424821014423 25.45053828192027 0
34.17312294019404 24.96326065548467 0
33.80671411488425 25.30319701006304 0
40.04770610645713 25.41708933050761 0
40.15892154647822 25.90443430983098 0
40.52537046721915 25.5644329455606 0
40.63658991359056 26.05179714618526 0
30.75624115229058 21.64239336280529 0
25.04235774597872 25.76312538205999 0
24.56523867672523 25.6158567677192 0
33.91788890809185 25.79039581540144 0
33.44031823631207 25.64306067836265 0
28.14883676327818 19.93313761560792 0
40.81320477034749 22.93536124883877 0
40.70190743507681 22.44812882830272 0
27.78297525032902 20.27255281810778 0
40.89720650691662 11.64207454851636 0
40.78596227662688 11.15481409783498 0
41.00844686228262 12.12935546895452 0
40.30832289487809 11.00753755646868 0
40.67471529810167 10.66755296650451 0
33.69556411539066 24.81601315799847 0
40.19711700496431 10.52026558667285 0
40.56346447568642 10.18027158849404 0
41.00305152518034 25.7117823318903 0
41.11427722622472 26.19915773853844 0
39.31483199037197 26.0970565586201 0
24.67625006792739 26.10268611286234 0
24.19910287163875 25.95541638800429 0
41.04108986701917 10.32757016494369 0
40.92982516871729 9.840271562813323 0
41.02887401727165 4.443300445087715 0
40.91823554088186 3.956641468244577 0
33.46200472572828 17.95128493435606 0
34.23985437124826 21.36053388430957 0
33.55153079353008 26.13026715000748 0
33.07398351078623 25.98291535012763 0
24.8203463815565 24.78951795185873 0
37.24778623011513 20.93030555996656 0
37.72522775088937 21.07758535602621 0
26.47381141440052 26.20509740411119 0
26.95107019255755 26.35239747729782 0
41.17962047613884 22.5953820157384 0
41.06839076222055 22.10806776355696 0
41.29085871121234 23.08268265239613 0
40.59062726913744 21.96093990052877 0
40.95714910092594 21.62078203061287 0
40.47946837620437 21.47358682067399 0
40.84592801369751 21.13348249360633 0
40.36831819232869 20.98616229195804 0
40.73471359674927 20.64617702261501 0
40.25711380416745 20.49886330075021 0
40.62349397645754 20.15889898400863 0
40.14590440793442 20.01158773050754 0
40.51227496190344 19.67163140897156 0
40.98987237773432 19.81893975366248 0
40.87863577562305 19.33166319879204 0
40.03468984595902 19.5243305731603 0
41.35625755699287 19.47897988941518 0
41.24501845681797 18.99168581211674 0
37.61404648660232 20.59045623103619 0
41.43478784847458 21.7680672873313 0
27.67196673426754 19.78601075245954 0
28.03778984779576 19.4466052132987 0
41.39501970219558 4.102935080958684 0
41.37481958178647 11.78936337237151 0
41.48606287512482 12.27665630611826 0
41.28437229787719 3.616216965580193 0
40.80712935091793 3.469574791876271 0
41.40746273848745 9.987569379917028 0
41.29620763375191 9.500272757002321 0
27.3061213169409 20.12541740047691 0
27.41710357000873 20.61191907121614 0
33.18517004957435 26.47014308203825 0
32.70765611080623 26.32278920026625 0
32.59646390527392 25.83557416176588 0
32.23014854590781 26.17543376679956 0
33.66271799100411 26.61749203657081 0
24.31012804202503 26.44228004570833 0
23.83297626678261 26.29497065757749 0
23.7219637369177 25.80812820128077 0
23.35585155633262 26.14765984029007 0
32.11899019500365 25.68824623380988 0
31.75265512783235 26.02808648175928 0
31.63200792872324 19.64997612200475 0
40.08585189577279 10.0329942014579 0
23.24485263806014 25.66086742128376 0
22.8787525943798 26.00036608495019 0
22.98974686993555 26.48718401016945 0
22.51262373852499 26.33986976135634 0
31.863794348213 26.51527558514604 0
31.38630282948764 26.36792217231355 0
40.74780712138188 26.53916818875068 0
41.22550376146085 26.68654035118892 0
41.48074301647619 25.85914151033236 0
27.56093564919206 19.29949300923057 0
27.92673658531981 18.96011328345263 0
34.35080552048234 21.84764810720856 0
33.87358837703035 21.70028951474387 0
26.94028515606729 20.46480797878366 0
27.05126092110925 20.95128677769039 0
26.58672279770773 26.68612094727552 0
27.06252059002551 26.83842464391581 0
41.72265170648711 19.13901272731261 0
41.6114140482414 18.65171620710058 0
41.13378674218369 18.50439347939875 0
41.50018115622053 18.16442323314874 0
41.02256209233843 18.01711172632367 0
41.38894649066503 17.67713918247664 0
41.8338829661871 19.62631302521356 0
38.83717420369496 25.94970271740765 0
38.94838018325298 26.43702975250162 0
31.64153286475123 25.54090526508121 0
31.49743812616811 26.85512618786305 0
31.01993503964031 26.70777108208954 0
22.62362330068282 26.82670129008618 0
22.14651011053193 26.6793776438629 0
22.03552801392299 26.19255891988145 0
21.66941972412966 26.53204273658502 0
41.76202232096253 3.763469041099935 0
41.87194869125904 4.249364745622076 0
41.65084793547702 3.276173674525193 0
41.77384267530572 9.647553600854566 0
41.66259974828368 9.160259195820235 0
41.18493985019853 9.012966325051716 0
41.55133249129396 8.672947559143987 0
26.57448681295094 20.80416728899196 0
26.685452690546 21.29066958730286 0
27.44994830613248 18.81300631049728 0
27.81570938174469 18.4736534962161 0
41.86657516277569 17.82444625048333 0
41.755331206843 17.33715070398203 0
38.4707293449705 26.28967562297591 0
38.58193153066207 26.77701317305596 0
38.10432773110102 26.62964618522993 0
41.8524533598632 11.93665467860201 0
41.96246376764468 12.42424410276859 0
26.20867330925179 21.14353778712906 0
26.3196345544076 21.63003592337326 0
42.02900868057037 8.820241767501575 0
41.91773314244529 8.332908700917379 0
33.2963280051423 26.95739266379609 0
33.77390746829258 27.10475015294552 0
33.98459866208994 22.18740950321455 0
33.50725909289339 22.04014419471786 0
40.91133204263681 17.5298395265256 0
41.0736677288094 8.525657921910735 0
21.55849196854447 26.04525194329822 0
21.1923767392359 26.38471500897671 0
21.30331337778696 26.87152069951601 0
20.82625356700859 26.72415649595111 0
40.85902146326377 27.02656270869846 0
41.33673700730222 27.17393725719798 0
34.46195595922278 22.33466022226943 0
35.84808578960596 18.68795324354964 0
33.39624649243583 21.55298701561603 0
25.18633688526412 24.44999880827364 0
24.70935652119406 24.30279639106605 0
25.07531498940318 23.96331297017481 0
24.59835224763112 23.81615290388289 0
32.00784174614186 25.20109037046875 0
40.54496932526682 17.86979613099657 0
39.71951147573013 10.37298143020388 0
39.60826652232712 9.885738176696846 0
39.24194165277664 10.22569381416522 0
41.59709453300871 12.76400180693498 0
42.07346507582729 12.91160597727458 0
41.70826441898131 13.25129782905687 0
42.18588704905676 13.39864084674562 0
41.81968782021274 13.73856112685842 0
42.29735601099561 13.8858992096588 0
41.93098794069094 14.22588678288708 0
27.42846461045127 26.49965810900824 0
27.53964364432722 26.9865731325277 0
27.90580904750486 26.64697073892659 0
28.01699846857427 27.13404061394142 0
28.3832789421183 26.79429045891638 0
28.49443012791918 27.28139284717149 0
42.20029167326223 19.28634420630946 0
42.31152955974694 19.77366457482651 0
25.84283336496038 21.48291419759499 0
42.39824284760241 14.37558328522461 0
42.04051090098837 14.71360286099676 0
38.21548022465284 27.11699352947193 0
37.73794865238996 26.96956727777018 0
38.69306413195908 27.26438138854715 0
31.13106435343915 27.1949966721448 0
31.60859635246725 27.34235692172316 0
27.33893898669643 18.32659712981487 0
27.70468986398839 17.98722962043011 0
28.1814664259282 18.13429197648989 0
28.07044558813954 17.64783881321387 0
28.5472379336842 17.79491950188535 0
28.43620724665551 17.30847015142485 0
27.95942229821253 17.161392751472 0
28.32516998512381 16.82203322420004 0
27.84835880099835 16.67502300003263 0
26.71236508079227 27.14666757259934 0
27.1803402452809 13.74725198204538 0
42.1285849706685 3.42351350974451 0
42.01733178239448 2.936122395979805 0
25.89737835904951 12.00101072572957 0
20.93717131094764 27.21099399571953 0
20.46007663701123 27.06363718096479 0
20.34916890492198 26.57679900604695 0
19.98300725627232 26.91623774698736 0
28.91302393431861 17.45553678790355 0
31.53041951532125 25.05375911438026 0
31.89680508863933 24.71365150773605 0
33.61835820240805 22.52718867005104 0
33.14120916235344 22.379694656562 0
40.00181499014737 21.32640389685121 0
41.36951201881218 25.37176116084728 0
41.84721135102139 25.5191192909196 0
39.13070096394499 9.73847650007367 0
38.764391982164 10.07841457348516 0
40.43374413164213 17.38254167714994 0
40.06738696661684 17.72248535546568 0
42.50747466274433 14.8633653145991 0
42.2329751980471 17.48445905456147 0
20.09389990824549 27.4031351846549 0
19.61678438583245 27.25570281084885 0
19.87215176350931 26.4294213338502 0
26.46348026519468 20.3176890342845 0
42.39542172771371 8.480208657577641 0
42.28414173314798 7.992860815520245 0
42.32969894824145 12.08882733141826 0
26.9732056368084 18.66590541745101 0
37.84903254948803 27.45699613419821 0
37.37144467358404 27.30956298444657 0
25.95331896401889 21.96952637960934 0
25.47700508812403 21.82227038824915 0
28.21412695541103 16.33561239683256 0
27.73733491206191 16.1886238025024 0
26.43055553646056 22.11657072697489 0
39.66833613699305 19.86426597396606 0
39.55709310890502 19.37715548237152 0
24.23243414623519 24.15557109333686 0
24.12145695136678 23.668995337056 0
23.75556245608722 24.00835527255937 0
21.92453392470356 25.70581390418946 0
30.93228705020299 18.52998818560147 0
27.48258075846519 17.01449044054232 0
29.1808987200645 22.5138979706019 0
30.90922079767088 26.2204820111074 0
38.8431125505069 12.36732718468374 0
38.73189131863811 11.88016491117003 0
38.36561719861396 12.22004587312456 0
38.25439697498666 11.73291651600223 0
37.88814212292762 12.07277721038232 0
37.77692628898942 11.58567575791215 0
37.4106924262331 11.92553826657216 0
37.52194332373389 12.41265569463098 0
37.04447044369643 12.26537552167949 0
37.15571695839564 12.75248607716559 0
36.6782696941158 12.60520355681188 0
36.78947749774273 13.09232587445699 0
36.31209384178067 12.94502976424499 0
36.42326642538072 13.43211888598604 0
35.9459317085969 13.28482464321163 0
36.05707960600822 13.77180942626637 0
35.57978614783003 13.62458281347265 0
35.69096689910428 14.11165157318273 0
35.21367727687861 13.96434999171598 0
35.32481340810624 14.45140091083627 0
34.84757278381566 14.30410706972988 0
34.95871605023503 14.79097612014285 0
34.48149695392284 14.6438034146435 0
34.59261859895476 15.13062570755653 0
36.20089782622536 12.45800835920614 0
34.11544630656039 14.98345832858009 0
34.22653358704413 15.4702511670363 0
31.07603816885313 17.21701194598147 0
33.2522885347453 22.86688968475327 0
39.49147575671618 22.98083496335305 0
30.63157861311595 15.2706947643121 0
39.49701973291059 9.398512916016022 0
40.80009469857076 17.04258621866403 0
32.74946167639493 10.94658634634018 0
32.63831381999177 10.45977485062528 0
32.27229391436837 10.7994248285057 0
32.16115205366212 10.31263177890943 0
31.79515839582722 10.65227597124337 0
31.68401645048277 10.16549571262289 0
32.05000910936558 9.825842713512646 0
31.57238942017844 9.678809571819784 0
31.93878702399045 9.339060958793343 0
31.4611333576619 9.1920259800862 0
31.82761314172419 8.852245066450811 0
31.35033347059677 8.705068035359233 0
31.71649857724336 8.365443117297342 0
31.23919303125952 8.21817533496978 0
31.60546170172085 7.878674084680835 0
31.12810915379145 7.731323273317282 0
31.49436064683344 7.391713425539101 0
31.01697431759753 7.244425977955691 0
30.65084394753423 7.584133980060496 0
30.53967714941626 7.097238067441192 0
31.38309060542937 6.904656481267633 0
30.17360507525115 7.43697875467552 0
30.06241509455942 6.950085944321323 0
29.69635981813716 7.289814515066615 0
29.58517040423503 6.802938872075737 0
29.21912876718581 7.142660346551061 0
29.107936600132 6.655795889730985 0
29.47399110387078 6.316052243381542 0
28.9967286054496 6.168920941120662 0
28.63070352477212 6.50866969196073 0
28.51947648694846 6.021798742671784 0
28.15346301860953 6.361529008017797 0
28.04224483877863 5.874663917623256 0
29.36269059062946 5.829167478603988 0
27.67622170935871 6.214381943879586 0
27.56502310803344 5.727531261200419 0
29.33031054095559 7.629500231748551 0
27.9310481440604 5.387789576453116 0
27.45379434555695 5.240669345912018 0
27.08775939452256 5.580434386802926 0
26.97654214252707 5.093568606584276 0
26.61050127259207 5.433283778917584 0
26.49930381140527 4.946464385218048 0
26.13331021674699 5.286194195752184 0
26.0220606920944 4.799470893710589 0
27.81984036575117 4.900886095258612 0
31.86051823846663 7.051956868974194 0
31.74923155179466 6.56486703135959 0
26.24449779990457 5.772968357651454 0
31.20584111149573 10.01812264994079 0
32.22666759739971 6.712157349067294 0
32.11537444989551 6.22505041001455 0
32.59285499953911 6.372351540365727 0
32.4815531202445 5.885206872122678 0
32.95898239484698 6.032437735594435 0
32.84776043102778 5.545338909504572 0
32.37030604673892 5.39810483886902 0
32.73654946742217 5.058225383334964 0
32.25908049330842 4.910995565725072 0
33.21402024699934 5.205465241601766 0
33.10280157715446 4.718331425104093 0
33.5803176313954 4.865582375468929 0
25.65609942311671 5.139104668643023 0
25.54486806705117 4.65234524654776 0
25.17890221760458 4.992001798971955 0
25.06766540683126 4.505311319736537 0
33.46907223082307 4.378398676906635 0
33.94662413032263 4.525669310970434 0
26.38750000880292 4.459420394275567 0
24.70172403212938 4.8449053884646 0
24.59047493340464 4.358274220814842 0
27.78744034629127 6.70121002957853 0
24.22455519819733 4.69781328198208 0
24.11333152179158 4.211116905148639 0
33.83537990778477 4.038461942325529 0
34.31293819519409 4.185732618389336 0
33.35781336819667 3.891194212910786 0
34.42417805258303 4.67295074552263 0
34.79052368359621 4.333024480008891 0
24.95561016141006 4.01810122785783 0
23.74739870970351 4.550722303305221 0
23.6361559469057 4.06411420928589 0
24.81294168016869 5.331646246051305 0
34.67928016903517 3.845784064173699 0
35.15688840582903 3.99308537890291 0
23.2703282478675 4.403637785841312 0
23.15901078174304 3.917085794836098 0
22.79334240823091 4.256608926063318 0
22.68190346387635 3.769912649644034 0
22.31616536741581 4.109531450389651 0
22.20476579361926 3.62294492187258 0
23.52345788785123 3.576746558476014 0
33.0703245241912 6.519658286786251 0
34.90174479045294 4.82025937432047 0
35.04563276984464 3.505807161870418 0
35.52325160809459 3.65310719863292 0
21.83898967670417 3.962407830277382 0
21.72761755145328 3.475925887575711 0
21.36185513171035 3.815331486813276 0
21.2505153219748 3.328717636708781 0
20.88475531448989 3.668227662295697 0
20.77337211526751 3.181768860853513 0
20.40763237479852 3.521167572286704 0
20.29623193672256 3.034756141401299 0
23.38172605829701 4.890731100799695 0
22.09173897987727 3.135569136644623 0
35.41199646314562 3.165807792761852 0
35.88962977418674 3.313111901236807 0
36.00087751521581 3.800416636137204 0
36.36726435430704 3.460422161391419 0
34.9343532196273 3.018509492886826 0
32.19390601801199 8.512730756433131 0
19.93037212839722 3.374080626874621 0
19.81907920693471 2.887682257196442 0
36.25603007575874 2.973113352819073 0
36.73368354501644 3.120426918896285 0
19.45321217825208 3.227042759964766 0
36.47850578787364 3.947726989963495 0
19.34192010407083 2.740654813885731 0
18.97606083068486 3.079979102285341 0
18.86476958540383 2.593574231115799 0
18.49889305247781 2.932891957323829 0
18.38758922145338 2.446533201856075 0
18.02171360861603 2.785813996391871 0
20.66004266050814 2.69439730505778 0
36.62244234247347 2.633095448962941 0
37.10011371376849 2.78041839861778 0
21.95041904437674 4.449313812446203 0
20.99582029608085 4.154929926801776 0
30.28432687099603 7.92364771495578 0
35.14851347880329 17.56643620617182 0
30.98312736634287 9.044362944810432 0
34.53540617509061 5.160168962220901 0
35.01294357674429 5.307457151962009 0
34.64663975368563 5.647372636643652 0
35.12415426873174 5.794638766568148 0
34.75786642432075 6.134548082389625 0
35.49047207741694 5.454733143337748 0
28.37088811799811 20.90630487727934 0
41.80644459910711 7.845559461140957 0
42.1728597410457 7.505509005883719 0
41.69515563608193 7.358204900845439 0
42.06157101939082 7.018147015324496 0
35.71685256337358 25.89257774781983 0
41.53959529650261 2.788798581067745 0
31.89283805016159 5.250875158480625 0
31.78160865615289 4.763766647914233 0
41.65729018705243 22.74269432611892 0
41.76852012919259 23.23003608774535 0
42.13496976836993 22.89002639660356 0
42.24618046339231 23.37736108359809 0
41.95844895130594 26.00650750736916 0
42.32492776974423 25.66647596698687 0
42.43616987701993 26.15387260982525 0
42.50669967103608 8.967556137902207 0
37.21135798872245 3.267763592831207 0
37.57779186937915 2.927750925670702 0
37.68903921791875 3.415104494048427 0
38.05548208508476 3.075091439747805 0
37.94423181235809 2.587725988323717 0
38.42193602358709 2.735071196536467 0
28.69090829296278 16.48265694367992 0
23.94398420524233 26.78188271850945 0
24.42120221460786 26.92920479158074 0
24.05501262047811 27.26887694856315 0
24.52391870157503 27.40717479020798 0
36.37797371531191 9.349831897449818 0
35.31201808152341 8.568325332691646 0
29.5675801344259 14.48970684180018 0
35.3007429999701 2.678496112653772 0
34.82308917317954 2.531187834802832 0
33.90650616970483 19.89923982783591 0
37.83639721813875 21.56472051424519 0
29.71094890789376 13.17652458738118 0
22.25727372451571 27.16620689941138 0
37.18228086659465 24.53293762226727 0
35.7500451518946 24.0907161288909 0
33.72952864615351 23.01421722119412 0
42.21878301118215 11.5974501863811 0
31.84093439746125 14.73757106516335 0
32.28553222171323 16.68470479428976 0
32.41614343776509 9.486476451710654 0
30.42847400812948 6.61036492243508 0
36.29295974117562 20.63569018966767 0
27.1623214624049 21.43772782870751 0
31.41537334719393 5.103655341285581 0
31.304141180857 4.616543567748398 0
31.67038006170029 4.276638041764818 0
31.1928873990446 4.129413814904122 0
31.55914143568797 3.789488939171598 0
31.08162109102663 3.642247123227556 0
31.44789909345052 3.30230186579368 0
30.9703457659564 3.155060609270148 0
30.60406943804697 3.495012451989108 0
30.49278598174818 3.007824929489722 0
30.12650060370108 3.347779869666748 0
30.01522542251163 2.86059520538873 0
29.64894920096697 3.200547525585993 0
29.53767491312689 2.713360617287215 0
29.17139925683123 3.05331340648188 0
29.05613802069737 2.579061568243983 0
28.69325917814344 2.908218573929982 0
31.33664612558402 2.815088853066193 0
28.57782676950317 2.434340993018029 0
28.21548542550402 2.761760337279041 0
29.760281065287 3.687742837764386 0
31.81422482615919 2.962347098177998 0
19.70554381536209 2.40032051335082 0
28.41559388247287 24.99380479882734 0
29.87901689427665 23.63517612319263 0
30.97847306783242 22.61617622628313 0
32.46203039024315 13.57278596783419 0
38.77780624110542 15.97007692318033 0
36.77684659190938 7.208838947697713 0
35.46873699483938 13.13774535964054 0
34.54658688419902 11.04720632445624 0
37.29948502682441 11.43844545865495 0
30.37853162256713 2.528692865802036 0
42.15124565721425 15.20068854763974 0
42.62838932196139 15.34801512990546 0
41.67583873805345 15.05320050308096 0
30.65422987304224 27.04660428769203 0
37.84304677787422 7.990524553470682 0
27.65069427375651 27.47386595775671 0
21.44761019728082 25.55853886834008 0
21.81356965535667 25.2191615379766 0
33.41190184183242 27.43036258048734 0
33.89023541258862 27.57535235604779 0
34.25237516084613 27.24932081817611 0
31.24219567952371 27.68225207563988 0
42.4950818890322 3.083468772851486 0
42.38381360471773 2.59605241601632 0
42.60635281825977 3.570891768805106 0
31.70297077034514 2.475104801385189 0
32.18053077025951 2.622384634385366 0
17.90870883600588 2.299480561349325 0
17.54426901212516 2.63905813478657 0
40.97025066692625 27.51396644385183 0
41.44797651521039 27.66134285875202 0
42.53928586761413 7.165453645419873 0
42.42799344550879 6.678079112354911 0
28.10410170732531 2.274723139638755 0
27.73845168129419 2.612604435251331 0
31.71488126305546 27.82435838311373 0
34.36370481201944 27.73617487834748 0
34.729411170109 27.39846931266074 0
42.52518732955014 13.06383959833131 0
42.61266117474196 23.03737926087591 0
42.72388082703927 23.52467451275778 0
42.50142198527423 22.55000081774452 0
42.67795960579835 19.43366882687604 0
42.78920154133901 19.92100489433409 0
26.86220710859935 18.17954697967439 0
17.65579987105245 3.125427933804803 0
17.17865490310836 2.978429308986865 0
17.06744874306957 2.491637578491799 0
16.70156810452823 2.831347647728753 0
16.59015887808679 2.345054879298877 0
16.22433584778358 2.684367908864491 0
16.11257155981681 2.199305356668836 0
15.74705579269664 2.53756089790917 0
15.63107342826171 2.066172151849543 0
15.26915025884945 2.392904296734166 0
25.73184565682964 20.99644007412029 0
27.62727721814025 2.125104857172408 0
27.26110986343145 2.464652864740968 0
34.84055199529429 27.8860929291891 0
35.2067689207013 27.546557317651 0
42.87312427223552 8.627523241422846 0
19.5644445491411 3.713707225243292 0
42.86157238900584 2.743400358234819 0
42.69747799069027 11.74943567358598 0
42.58540907655457 11.25766050675997 0
36.98886372709777 2.293066531514306 0
36.51117317001545 2.14573728347947 0
29.39465609087772 2.198138130876236 0
42.74983733124814 2.257472300019073 0
19.7276664488157 27.74266433265203 0
19.25050563951208 27.59521469002428 0
19.13970098518889 27.10828708010041 0
18.77340150462279 27.44772541147582 0
18.66258085175862 26.96088079516357 0
18.29629233537356 27.30029529378547 0
18.18551447547837 26.81345994334747 0
17.81930036329329 27.15284704090693 0
17.93017186053061 27.63970757819336 0
17.45304802798911 27.49225478356545 0
17.34221803405852 27.00537747877499 0
16.97594855035615 27.3447602837734 0
38.31068252375823 2.247689305353729 0
38.78839423000711 2.395037175704045 0
42.9843760031898 9.114846853246648 0
20.20486398244114 27.89009754382886 0
42.27273947062463 2.110956901359547 0
24.16464391231631 27.75442861079318 0
24.65483641526032 27.90452326255318 0
32.07509969864851 2.141334152671744 0
32.55532593237561 2.256149390486453 0
31.58260124377123 1.994271880752741 0
24.48720930286947 23.32960841043271 0
26.06419385654346 22.45608693438682 0
28.57986248605317 15.99622600382857 0
35.06974797605895 15.27791370430659 0
31.08960224662551 23.10310791869859 0
27.85001803453083 3.098783625167171 0
29.05665405967133 16.14327521197754 0
36.16829136615721 14.25910155499063 0
38.09150745320824 20.73773535350701 0
37.98031792348058 20.250601257669 0
37.50285260899434 20.10332810021574 0
37.86912048976981 19.7634779105474 0
37.26695440337244 13.23974811198076 0
28.40360144796022 19.10716020791495 0
37.99324794477189 26.14221578234944 0
37.39168026959418 19.61620098137656 0
37.75792964177134 19.27636601688544 0
40.55801253762669 23.76256759945302 0
40.49252626180975 27.36658900914192 0
36.26021709006606 22.4367468810334 0
42.42275818800466 20.26101318949075 0
42.90044072711517 20.408359406313 0
35.18948591017054 2.191169059962734 0
34.71180513076281 2.043854704669517 0
30.9379243914767 4.956436152208614 0
28.80524779140253 3.393813444281065 0
34.34543838078659 2.383893291186869 0
34.73623429196966 13.81769568148719 0
35.23536386789331 6.281808457774565 0
34.86908157402527 6.621693131193947 0
40.32251722329233 16.89529568816282 0
38.89964427641998 2.88242444268014 0
39.266108851433 2.542389809433818 0
40.68885981897046 16.55534478726365 0
38.16671775791927 3.562445737546284 0
37.80028581233571 3.902449797257994 0
34.0043007933856 14.49664531746127 0
33.63828347865539 14.83628466108054 0
28.86073770705586 26.94157851719461 0
28.97189896070196 27.42873912585104 0
28.60555278304212 27.76858957115842 0
29.08306210498083 27.91594878279062 0
33.92605314923966 12.21457820183137 0
23.64460692744492 23.52183538208802 0
23.27847715875419 23.86128130598938 0
38.65315294554449 9.5912208930195 0
38.28688586433955 9.931166543101767 0
41.58386578838194 6.870854480854071 0
41.21746006302174 7.210902146822402 0
17.08676905494926 27.8316849405697 0
16.60968286058232 27.68415903296815 0
16.49889528645092 27.19725960674982 0
16.132644263648 27.53660869722066 0
16.03106909073408 27.05963944021057 0
15.65718963643598 27.39071125546673 0
42.79538678935109 14.05794222882622 0
37.47745374652654 27.79147284124438 0
37.00403868264763 27.64870647267693 0
37.96025905453946 27.94438580935052 0
40.60375702204212 27.85399598887714 0
15.38105756053034 2.877464291131339 0
14.90392338040575 2.730521740471961 0
14.79261438613348 2.243754747389756 0
14.42684004799297 2.58319453379071 0
14.31053830201735 2.112504488577944 0
13.94881583787008 2.438787032589268 0
42.80264893746357 25.81382690446929 0
42.91391931807248 26.30119789727486 0
42.69140906895636 25.32642739331599 0
34.23412138415581 1.896548923156088 0
18.55181042703861 26.47410774512154 0
18.86492986389122 27.93402974609738 0
18.75099656847258 2.106230388884297 0
15.55145117608157 26.83324473190805 0
15.17998895856731 27.23028398423401 0
15.28988448576599 27.72679865899783 0
14.81270900387859 27.57868660572763 0
14.70194230509907 27.09173131115174 0
14.33545773516637 27.43305416246582 0
14.22482491850243 26.94603551338373 0
13.85849691616806 27.2855801024167 0
13.96915608864844 27.77250439639828 0
13.49215630816412 27.6249106902643 0
13.38151664123097 27.13802625845594 0
13.01518364358227 27.47728123879176 0
12.90244143080141 26.99725357653183 0
12.53791447202295 27.33070442289492 0
12.42509967569619 26.85095956613177 0
12.06087638098103 27.18347096343738 0
11.95021410598065 26.69681487435491 0
11.58428025313939 27.03489138765439 0
11.47372802799362 26.54796746867687 0
11.10752565519334 26.88690240592284 0
11.69507603124636 27.52129820439253 0
10.99694632680192 26.40009930249813 0
10.6306952240286 26.7392101829493 0
10.52011463845522 26.25243949969224 0
10.15384011981322 26.59158472991482 0
10.26443645730214 27.07839261318785 0
9.787528655718679 26.93074707510149 0
9.676944008464215 26.44392998490862 0
9.310619643001431 26.7830867900134 0
9.200036756168259 26.29624864765602 0
8.835628078725467 26.62924168493103 0
8.72344913575057 26.14754099405366 0
8.359095655226026 26.48036787042605 0
8.24665098374067 25.99949313390547 0
7.880350631273256 26.33862148022287 0
7.76946579525001 25.85275065343634 0
7.403079001049573 26.19209368204217 0
7.292293497953365 25.70518078425962 0
6.916372517087835 26.07021232431865 0
6.813647020983044 25.56157015179376 0
6.437508212945922 25.92752142084312 0
6.336243920874608 25.41562318401471 0
5.970854711835258 25.75203619796598 0
5.861132233847997 25.26339075539588 0
5.495888926283264 25.59896323872108 0
5.384609258274516 25.11438734244534 0
5.018237725877107 25.45350374976382 0
4.907537408615706 24.9668633500049 0
4.541062146158637 25.306194846028 0
4.430459696097572 24.81921906640352 0
4.651669396880767 25.79325881102187 0
4.174543747019424 25.64562888562655 0
4.796928304748608 24.47996074826586 0
4.319850145259714 24.33222537758007 0
4.285145269815068 26.13274254877612 0
4.686323874736765 23.99296457108141 0
4.209272757189471 23.84521619060604 0
3.842773473986458 24.18449078154533 0
3.732207349349718 23.69744359303078 0
4.098726670985762 23.35817327465132 0
3.621671190676267 23.21040350520438 0
3.988150366970473 22.87114675496382 0
3.511136052056198 22.72338952834895 0
3.807931879082894 25.98500712354821 0
6.004416459599593 26.2440185961923 0
3.877599285285608 22.38420001028316 0
3.400632542188568 22.23640382365044 0
3.767056959524769 21.89723574822039 0
3.290121290489651 21.74943088962928 0
3.918574404533018 26.47219957873965 0
3.656513145788491 21.41029860404007 0
3.179597172121955 21.26249048203413 0
3.441322599776647 26.32446611030198 0
7.521255060757316 26.66714915572977 0
3.365654487171923 24.03673042921088 0
6.22749324755797 24.92382186944429 0
3.545970566876079 20.92334841061081 0
3.069108811747629 20.77554625407466 0
3.551964098350624 26.81169360834899 0
3.998398139205257 26.94884980794776 0
3.435449951052171 20.4363649962127 0
2.95859137314093 20.28861027924298 0
3.324931412088496 19.94941845731821 0
2.848116100455258 19.80167409185741 0
3.214406346471435 19.46251105250868 0
4.354715901441164 22.53204198135235 0
3.074631966483203 26.66389662404977 0
2.964100637671645 26.17672530640507 0
3.03404496545258 22.57542046533126 0
2.737596172445393 19.31475501560404 0
3.10388109819792 18.97558950929894 0
2.627120164601841 18.82782210032362 0
2.973057066210046 18.49328873472481 0
2.513213308661829 18.34166606539715 0
2.8694330784027 18.0047977158711 0
3.185303454365027 27.15121649031416 0
8.927867332296401 27.09152330763082 0
7.658479023634388 25.36593277851574 0
2.416819672836084 17.85152515072041 0
2.744681491253083 17.52108540463108 0
2.707905475559045 27.00341295193073 0
2.818601088228419 27.49079476601137 0
2.702539085219129 21.11425576567399 0
4.133470084813954 21.55798746419328 0
9.921612726939809 27.4123028966911 0
3.30882780548162 27.67046818888281 0
2.481582466845772 20.14017780700959 0
9.08947643297404 25.80942158990276 0
2.306265160150456 17.36458513254633 0
2.65896858526758 17.02848471958659 0
3.801835398608201 20.09719472444654 0
2.194075509954672 16.8779980057995 0
2.552298386646481 16.54063510114496 0
2.060647030201896 16.34762516263542 0
2.460923437471475 16.04124864919229 0
2.341138941470753 27.34296426058087 0
2.230463812494349 26.85554536791682 0
2.260630916299661 19.16609739430811 0
3.463602312705312 18.58880432161437 0
2.451852510552005 27.83039751472937 0
12.64883676595517 27.81654053948704 0
2.908275228965326 16.2024684534496 0
2.804644523070984 15.71376975017963 0
2.355461193804985 15.5596539310807 0
2.700493254825073 15.22635557681695 0
2.22456735690151 15.07858161596718 0
2.587694206859833 14.74024139359509 0
2.110281437921678 14.59273386153144 0
2.476162316986724 14.25368567274812 0
1.998818113030502 14.10605664305471 0
2.365342731491662 13.76688451874045 0
2.84229610091225 13.9146370812241 0
2.731758527577021 13.42779015315936 0
2.254816006977372 13.27994197931093 0
2.621326263644015 12.94082201324168 0
2.144385278125743 12.7929505107738 0
2.510927562036972 12.45383486122719 0
2.987872981659486 12.60169428836435 0
2.877529979807498 12.11461140267583 0
2.40055852969153 11.96683971619063 0
2.767134985824079 11.62768625940439 0
2.290167071947049 11.47984011236505 0
2.656751266383136 11.14073451745362 0
3.133676370700719 11.28861624156676 0
3.023324947729385 10.80169352459075 0
2.546403832001584 10.65374399494975 0
2.913008065740026 10.31469751003061 0
2.436067223233604 10.16670407086968 0
2.802711685536799 9.827664566529174 0
3.279595111721552 9.975737946491332 0
3.169333185256409 9.488650044894225 0
2.692439786979822 9.340633975896797 0
3.059148896023736 9.001704865419066 0
3.536712163210126 9.149358375223077 0
3.426380032170336 8.66245206040308 0
2.948982273237586 8.51490588030768 0
3.315701186816881 8.175703490254136 0
3.793680717181044 8.322887256609322 0
3.682524583782261 7.836375795485334 0
3.205343966139093 7.688642628663754 0
3.572064706574142 7.349601331131565 0
4.049056522259541 7.497496795225315 0
3.938813344191601 7.010625172027555 0
3.461884642844804 6.862530935824253 0
3.828629895159928 6.523579447721042 0
4.305602287336129 6.671723711460162 0
4.195471819791361 6.184619926469207 0
3.718475940171185 6.036441528643056 0
4.085304634358227 5.697489477000721 0
4.562273401055368 5.845691618269228 0
4.45212613526833 5.358552190424399 0
4.929088053728535 5.506741595537921 0
4.818974204291141 5.019649350013008 0
4.342163241128823 4.871297527856363 0
5.295872653036245 5.167819636316683 0
5.185781547951358 4.680724828846648 0
5.662665808080153 4.828900593065857 0
5.552597876250069 4.341812363861212 0
6.029475687431287 4.489977062458852 0
5.91944079145814 4.002923338299617 0
6.396323980631657 4.151054360106176 0
5.442906924414693 3.85444907023637 0
6.286223392511562 3.663956905451002 0
6.763114939271977 3.812113397021667 0
6.50638627232912 4.638153509878359 0
5.406005977542236 5.654887236329701 0
6.653083156784195 3.325052075956753 0
7.130007728997676 3.473199645630428 0
7.019829181850849 2.985998145253751 0
7.496795397246016 3.134282310552001 0
7.606977292918597 3.621404141272029 0
7.973726819426712 3.282548732938828 0
8.083864580941469 3.769581559540759 0
8.450612397089454 3.430729220452852 0
6.543307771967477 2.837869574788556 0
8.560654148922637 3.917761199895796 0
8.92741431709582 3.578931439279994 0
8.817362362915679 3.091868143209103 0
9.294228790126557 3.240089901283277 0
8.19399709748491 4.256570335196256 0
9.184148475569994 2.75299001988018 0
9.661028965596577 2.901254180323413 0
9.771078094482752 3.388340077895238 0
10.13786198433356 3.049516273842356 0
10.2479056348655 3.536525339070497 0
10.61468819909611 3.197761449994131 0
10.50465320936831 2.710725176270575 0
10.98151147189303 2.858985546817912 0
7.386606196123996 2.647221716671503 0
8.670682230215444 4.404724341457957 0
8.304103506615707 4.743464149809505 0
3.608315996168734 5.54927493382915 0
3.241457827505126 5.888288805213076 0
3.131284506001982 5.401016751049106 0
2.764370188040658 5.740117902815978 0
2.656921505974925 5.255754886957037 0
3.021589948492213 4.914191446408212 0
2.543994596555262 4.765449062607924 0
2.911054723390063 4.426412049685712 0
2.435121718925853 4.27378992805151 0
2.801047714864957 3.938214575790232 0
2.323837179211161 3.789794636286883 0
2.690653339988465 3.451397638723485 0
3.167972277233524 3.599624993432567 0
3.057752201064812 3.112262655196346 0
2.580444383692516 2.963956166912272 0
2.947539797050624 2.624805244925195 0
3.424830792462462 2.773147765547597 0
2.470239186634203 2.476451239498195 0
10.87147875395509 2.371881834399645 0
11.34833409997641 2.520167549675765 0
11.45834313851596 3.007263096587273 0
11.82515286549674 2.668478208325885 0
9.550998638402373 2.414109530783342 0
9.074027969359753 2.265829196524029 0
11.93293313839431 3.153181577439568 0
3.314651660884838 2.285647116103224 0
3.7919286374431 2.433996809883183 0
3.500164853298777 10.94964799343051 0
2.290429823299082 5.595342829007917 0
2.397977938760263 6.079839942125124 0
11.23834711373627 2.032987162902833 0
3.902105776863859 2.921467979957193 0
4.269204532889944 2.582336863221554 0
10.72465380699225 3.684737743764479 0
4.15903974077365 2.094857785930822 0
4.636313047644258 2.243209162682266 0
3.175175485546216 17.24628654424387 0
3.610506687962761 11.43646115259772 0
14.06085293529469 2.92326564546758 0
29.02405674788309 17.94202204089475 0
29.38987633677754 17.60260843672603 0
40.13182304045353 14.12346332057443 0
36.19442662714552 26.03992029325045 0
41.87975640887721 23.71728619899808 0
24.89209453886713 27.07094333853069 0
31.45567247334531 22.76331348528108 0
39.15486387947607 2.054991449609934 0
39.63259321129933 2.202347827330611 0
2.069417477036392 10.50577679858451 0
1.95904799159571 10.01866519896569 0
42.26411632802768 15.68683388146207 0
42.74171539864606 15.83296269668488 0
2.103115612267448 2.815651403281674 0
1.992905079121364 2.328100290860492 0
27.14988263192668 1.977351539677867 0
26.78364639196322 2.317228648000976 0
26.89491887615757 2.804362201267905 0
26.41742264436168 2.657113525611368 0
26.3061434946259 2.16996441347421 0
25.93992750749664 2.509906544322403 0
25.82863477258109 2.022763032359727 0
25.46240515208131 2.362697900727788 0
18.61002475246113 3.419538699844408 0
28.52387400411469 1.876508115714174 0
35.31793340174903 28.03400493468433 0
10.76145389294973 1.884673602472878 0
13.83829555672878 1.949220942798497 0
13.58365612495601 2.776374179440079 0
16.7204423788143 28.17114701242739 0
26.49649365942174 18.51883283176386 0
42.90572294827325 6.825389636292279 0
42.79442793715099 6.338008349205779 0
42.31669386215223 6.190700909137334 0
42.68312802217368 5.850626304001352 0
33.95603616255111 28.12939619321487 0
1.968398135704888 4.122161041121579 0
8.780716281841009 4.891577171681366 0
8.41281708799578 5.228821811372722 0
10.35796445977226 4.023435080683587 0
14.92327657154974 28.06713623859007 0
42.97913048917452 22.69735259744041 0
42.86788415665775 22.20996758931946 0
1.974346577825962 27.68255201331968 0
15.01533359168711 3.216765628779163 0
16.45734358939735 1.847833539083712 0
43.04527374569861 11.3857740209825 0
42.94876436067248 10.91372014338421 0
43.23436927636213 11.89899816980123 0
2.039379872600975 18.19322010364319 0
43.16087331775383 5.997928268380358 0
43.04957008735916 5.510530814628167 0
31.56646105608312 23.25059744950851 0
31.4194117444011 24.56629392661711 0
31.05304422653839 24.90636726548355 0
16.33558652885035 3.171021558604671 0
26.54154082414301 22.60313460895824 0
7.937349427861532 5.081952004556895 0
8.046034102056751 5.567225688435576 0
7.570770559808329 5.420576675592383 0
20.23823870199447 26.09005948199635 0
19.76131806687842 25.94272181109316 0
5.163328204806756 24.14070286618579 0
5.05274738096098 23.65378330387047 0
5.529656937700757 23.80145549819551 0
5.419129301879281 23.3146558342404 0
5.895934563077493 23.46229271094617 0
5.785431909256641 22.97559112665807 0
6.262166307798296 23.12322825976 0
6.37269134247196 23.60988008261046 0
27.3102283125253 6.554011456271093 0
27.42143060115215 7.0408422813975 0
26.94430174672891 6.893694260585061 0
27.05549083821661 7.380420161397043 0
26.57846173652197 7.233367791639967 0
26.68960187561052 7.719977456951101 0
26.21264235143712 7.572954182866265 0
26.32377699485111 8.059506001384444 0
26.80070461354049 8.206554296262167 0
26.43488913466103 8.546062942278532 0
26.91178644304676 8.693100840266158 0
26.54602133394592 9.0325846772737 0
27.02287340061364 9.179611091639053 0
25.84686404566651 7.912473851250839 0
26.65709933380996 9.519042460787851 0
27.13394428574218 9.666087458730948 0
27.49971159551817 9.326728069250809 0
27.61082383986592 9.813184476001902 0
27.97659681458857 9.473788113476784 0
28.08772448170698 9.960276124351948 0
28.45352998544744 9.620752231581138 0
28.56464146365915 10.10733260789181 0
25.73571832861895 7.425962050479916 0
27.24503815068539 10.15263099149988 0
25.36997328421849 7.765456556780281 0
26.18029531440803 9.372042122001652 0
28.93047456246912 9.767815375462558 0
29.04156535969965 10.25439908188997 0
28.67573746907381 10.59389855287505 0
29.15264745363744 10.74097224230711 0
25.25882875778285 7.278973208897201 0
26.29135976445184 9.85844453841608 0
27.27760686824616 8.353633485681367 0
24.893111843384 7.618449498550461 0
24.7819681954593 7.132005757329291 0
25.00423637600699 8.10500771125812 0
28.78681021162469 11.08043080146554 0
29.26371411549528 11.22751427244288 0
29.62956297440352 10.88805265684136 0
29.74064553122884 11.37462440753149 0
29.40742125186893 9.914879897102599 0
28.34256473683489 9.1344007249304 0
29.29632476438806 9.428261963078892 0
25.81458481578541 9.71145496889879 0
25.92566022483155 10.19780901751286 0
24.41627118888875 7.471452039829511 0
24.30512919490374 6.985016972940768 0
27.89854009814665 7.187955337887855 0
25.3511252543609 1.875554435485459 0
24.98487341323685 2.215480546291936 0
28.30994408973604 10.93338306770189 0
40.24303086169233 14.61066377858023 0
33.36325311201945 23.35393277152231 0
33.84043215402912 23.50132740708978 0
38.69928253087494 13.68160857380731 0
43.01701291610341 7.312771380127859 0
41.81446728392085 27.3213105395225 0
41.92581317036606 27.80839564163664 0
42.3442198217011 17.97177232806452 0
42.71063626413135 17.63177173823743 0
42.29222966801487 27.46862788487522 0
42.40357761537398 27.95571326542581 0
42.76998945541346 27.61597578676742 0
32.84103978979333 19.11826324837667 0
31.03109557969 13.13142319211697 0
38.6148144625607 24.97504954551979 0
32.3380280936756 7.199349837286062 0
40.12602996802219 27.70661729102295 0
38.17001374127037 23.02612174707303 0
35.22701026907464 19.85446157502661 0
42.82187497874801 18.11909732863604 0
30.10650900449076 11.03513688803885 0
30.21758520690727 11.52173319758021 0
25.14747579007345 6.792311495172466 0
33.84764377024094 9.927748799549551 0
28.74953368971298 26.45452769808517 0
42.88123413717081 28.1034103655911 0
30.8999615453885 20.32921268385969 0
28.29713407599543 5.04802901832673 0
36.5608160892204 25.69999117061359 0
3.476247442511241 24.52383879236698 0
2.999068409123243 24.37606690720382 0
2.888475520355371 23.88890188468627 0
2.521840675786549 24.22827265506792 0
2.411241297581746 23.74104222149241 0
2.044561762816365 24.08045800520379 0
2.155184380952015 24.56772815063257 0
1.933956432721427 23.59318435621701 0
42.53395960817998 20.74833706457663 0
4.799348498813128 26.22304617258811 0
26.17575173195308 22.9425242235536 0
23.68849095739943 27.60832671576888 0
10.37903829430944 27.56440278719131 0
10.03678169569687 27.89826124646662 0
10.49120077989472 28.05110401290258 0
27.2394129648461 23.72555339167731 0
43.01165980751917 20.89564155581947 0
37.28049842419757 19.12911276509854 0
37.64673660024086 18.78927662173292 0
38.1241781169069 18.93652537991721 0
38.01298499036353 18.44942037965342 0
36.91426434097895 19.46892643286996 0
38.49036605031652 18.59659281352581 0
38.3792473124644 18.1092323044921 0
28.42100187862535 11.41986557279376 0
27.9441854964136 11.27283308329402 0
26.05123451535971 2.99702211103553 0
29.22702479133462 26.60176326792628 0
29.11589216877627 26.11462091242194 0
21.33674399116012 25.07190098952194 0
21.70265496044818 24.73259265213575 0
22.17946861363796 24.87980295787593 0
22.0715483455019 24.39652200671951 0
38.27794542300715 4.04978214278661 0
39.37734940476093 3.029779287021594 0
32.43181423707631 1.758029778087067 0
37.91148692360863 4.389765218642431 0
28.71667963755899 28.2558367115939 0
41.10617628448119 6.723570406726534 0
42.20539106118483 5.703325344846203 0
2.360055248906612 1.988880322253939 0
40.73978732922586 7.063644732030573 0
42.97436529535747 15.0433886739521 0
31.35252564121439 28.1686605575732 0
30.87608383561794 28.02189682705668 0
1.858310054405319 17.26118370891583 0
1.88269154075401 1.84051217756797 0
18.07465955996695 26.32669566211302 0
20.12746292500493 25.60336552556053 0
14.59100541973904 26.60676090958463 0
3.178414279126308 15.36500473091199 0
7.680823666011246 5.90728372148455 0
7.204491002022369 5.759482368449712 0
1.896850342600175 5.926235784774089 0
2.026678345663772 6.41770542574538 0
1.793669741010728 5.426750238209285 0
14.64734767796144 1.737959807250359 0
43.24470640062594 27.7601400705597 0
9.440941557680755 1.926868930560317 0
1.92354161245305 11.81893244529036 0
10.88633887927085 25.91332949889968 0
10.40957843133708 25.76575693825097 0
43.22798958045229 2.403572053013333 0
43.11810583936 1.952628894436058 0
41.57259058127011 28.15917717231924 0
23.79947149827339 28.09538806990183 0
23.32226519321089 27.94821439818899 0
13.60281211124069 28.11187161408607 0
37.10997326538443 28.13042058145285 0
43.16913844256439 25.47377883277986 0
43.05789729937601 24.98637065469168 0
8.962571682579506 1.782856552620997 0
3.208624611832107 13.57561551088752 0
15.40026687200729 28.21497594665771 0
31.88052623085263 28.32777053756615 0
43.185946310189 17.77963005945775 0
43.07666570617258 17.29183082136598 0
43.29676252595548 18.26704148431211 0
7.314584915054061 6.246221857615044 0
6.838085199307702 6.098234174011955 0
6.941733375908184 6.578012193341467 0
6.470581120870811 6.435792854255656 0
6.574024147937326 6.915349106162971 0
6.103761347455745 6.774091971363696 0
6.2102552697738 7.256954654793194 0
5.73764187729364 7.113160014895316 0
5.844284157281017 7.596192444910443 0
13.69509646635895 3.26259088363409 0
1.832752970318886 15.49429286977916 0
3.319084386826209 14.06239775397166 0
19.83856120930151 28.22969856969682 0
13.28121476633525 26.652494231364 0
43.15564388382469 19.58098824078231 0
40.23725833536776 28.19403198504369 0
39.75953035760783 28.04664802417373 0
43.40809817045631 11.04114887511316 0
43.31408778889625 10.57225748046377 0
17.28993048449168 3.465029190796733 0
24.87360743444537 1.728354116821009 0
24.50738431074871 2.068299388383029 0
24.61864388119707 2.555396001747042 0
24.14115392257267 2.408232234361156 0
24.02988892495129 1.921134706143128 0
23.66367222649034 2.261071466613918 0
23.55041280388895 1.780416475762463 0
23.18586607225763 2.114972261559322 0
26.38552246157226 18.03250610581628 0
2.085069632505615 28.17001875666081 0
2.564341657617891 28.29512884878642 0
43.41859772649809 28.2965600489478 0
43.34374446665987 8.776449523903967 0
36.8776107482529 1.80569342551923 0
16.38813710210206 26.71042417422983 0
35.07420855502379 1.716706634949153 0
23.93943770069236 7.324454596791298 0
23.82829176084862 6.83803502779713 0
17.19763754383592 28.31869187321038 0
36.39990188525 1.658352628069428 0
10.83455174722414 4.171603179199611 0
42.51974502187397 28.43212916849171 0
43.33932617240879 2.890798542717103 0
26.19404835313926 1.682364139630565 0
1.777790672567249 13.1320848611566 0
6.151652812400371 22.63658562776391 0
5.674981735647052 22.48893879424842 0
6.738872114306975 23.27083714602823 0
6.849399773430632 23.75743351598111 0
3.963164692485364 11.10066256066303 0
4.526150566606233 1.755723826624891 0
5.00340501197423 1.904091199133759 0
5.113555091114968 2.391555830662973 0
5.480640328183046 2.052454610101183 0
1.625760042368238 2.667330614338695 0
25.69723093640517 22.79640649931112 0
5.371327385927685 7.452037826262092 0
5.481349951059087 7.938741177651334 0
29.85170302904087 11.86119952047973 0
30.32863967284163 12.0083281884034 0
30.69453131270136 11.66884565833868 0
28.94560434948018 15.65683652082884 0
28.46881804491653 15.50979143325611 0
29.42241387327485 15.80388685326973 0
29.53347360754584 16.29033230594161 0
38.85662930575567 18.25666424829924 0
38.74569011240187 17.76861974664887 0
29.77332681090787 9.575348528338761 0
38.45779666502244 20.39787396290215 0
38.56898754843272 20.88503221926293 0
9.147291981439841 4.552895253838759 0
9.25728965317519 5.039672088865666 0
25.5522984791745 24.11048812443594 0
23.38898685274146 24.34800015368854 0
25.70351517708815 9.225071735627894 0
26.60747890679046 19.00518764264218 0
26.13079997911709 18.85812558426741 0
37.66565830990481 11.09850364379048 0
37.18825074198278 10.9513517805051 0
36.82205783581195 11.29120881240004 0
4.071171335568479 11.58793567981526 0
34.39160306633093 6.474443557493816 0
34.50281568493148 6.961558289216217 0
32.37414479711494 24.86122208357234 0
32.26362039849347 24.37351940483849 0
24.19400740158685 6.498583872943968 0
23.71702642455902 6.35163434199352 0
23.3514646789287 6.691092089915612 0
23.24028719231421 6.204697155531711 0
38.62066198031404 11.39301144790201 0
31.90573258425087 11.13892903617638 0
40.17834981413868 18.21023038510725 0
40.70728629353222 8.865669900337323 0
40.59601583670148 8.378377014973236 0
29.66223417991277 9.088777890548961 0
36.11211978370727 4.287709578662753 0
36.58973012651641 4.43501702127277 0
41.23090166726868 13.10393725868716 0
33.72413844016291 3.551236408426595 0
39.42600353835031 26.58440186956962 0
36.89384135520773 27.16186926187227 0
28.18582806558605 4.561102704337189 0
28.66288448017088 4.708195659722289 0
27.70857307657415 4.413938823636743 0
40.60935417075767 14.27075831752216 0
41.21230220541426 20.79349219243075 0
31.04915046481628 5.443513094900926 0
41.51869948532035 10.47482826365158 0
40.41414249240458 25.0770783709957 0
34.61804577061885 26.91154016518908 0
32.03662107550964 3.936738015606807 0
42.8395739961572 10.4283908341647 0
32.0804140633515 27.48358929703284 0
29.50091879615782 18.08909676063003 0
29.86676072592147 17.74969110166044 0
42.58015871633441 24.83901084313537 0
35.82802786439892 26.37984956627474 0
28.04942575290956 25.33349503535721 0
30.57175164273081 5.296294973947447 0
30.46049427940378 4.809234406750779 0
33.24658536993925 3.404001517722069 0
3.109694866717156 24.86323523946748 0
4.37934084614772 3.069786824108945 0
8.596745410050387 2.118307695992783 0
8.485218117278144 1.635401256913582 0
26.11014859197949 26.54997091489277 0
33.86779040451022 2.236618866507499 0
33.77391254570848 1.768079490692044 0
36.63734535349164 27.98836942031733 0
36.73086931947046 28.45681878683202 0
32.88604449432408 23.20667041190197 0
30.94194254106136 24.41928099871249 0
30.57566454288775 24.75908476957486 0
33.52713733693501 14.34949307190762 0
33.16115213882371 14.68913249579032 0
33.27227629625294 15.17589614836043 0
35.34656937678408 6.768958136388655 0
35.71284588179496 6.42909768847675 0
40.21128814515404 16.40806293636912 0
40.57751117373854 16.06847664967052 0
39.84495841115166 16.74799880028003 0
41.05518371168124 16.21544836123107 0
36.71084377501592 10.80414595021712 0
36.34465790294936 11.143989108342 0
37.07702166565297 10.4642931443442 0
38.17563145252367 9.44397016070493 0
38.5418985289585 9.104044333764849 0
25.33784622822715 9.564443888429899 0
42.12172504798348 16.99715125625701 0
29.59288870787801 26.26203183734784 0
29.48066486698023 25.77508736994327 0
29.44942763897061 27.57606231735273 0
29.55981616103082 28.06304679780405 0
15.02558531284864 28.58169530053717 0
30.98681396610899 28.50927429743535 0
23.17078289039558 23.37795494005903 0
23.53411598061004 23.03594199811588 0
20.31585557965309 28.37714994702947 0
23.07253648240235 1.634497236187391 0
22.70824913710852 1.9681945276589 0
39.52134603204195 1.714937433040697 0
39.9990861955098 1.862300672407624 0
39.04361150780616 1.567583038044829 0
40.11033146306129 2.349720129993955 0
40.47683142615053 2.009668612280308 0
12.33853974382083 26.37894757574102 0
13.22098787999237 3.115814083364434 0
13.1187034144326 2.622802009169339 0
1.677844258660269 24.41990476830724 0
1.788491777925366 24.90723732750363 0
43.46087660090387 9.262397309231275 0
11.12833412876863 1.545726283727181 0
11.60534910756273 1.694074160280831 0
4.048862701694862 1.607335646445483 0
23.42804738325104 28.45780257208845 0
22.94977744023504 28.31416598648649 0
22.5992520741062 1.46005305386176 0
22.23143024034752 1.81654964729209 0
24.05057459566158 7.810847495234451 0
1.632346078780188 14.44524418949889 0
43.70582433868478 2.550722439999522 0
43.37324987440641 20.55680677268797 0
43.48859720614314 21.04315955512169 0
13.32982213664104 3.602200356546351 0
10.12449450249558 28.39087745236565 0
9.591220698742486 28.22016121988921 0
43.34560548101001 22.35731612726289 0
43.45685317066918 22.84471894236053 0
27.51618328939914 1.637353800049741 0
1.553289241050905 6.27013822070943 0
1.673349325802207 6.768756705561124 0
2.141725801527208 6.907541410741597 0
1.775582231391365 7.247090184731437 0
34.95155007069841 28.37401930343901 0
22.87465328629123 6.544127877797015 0
22.76348620841472 6.057766705751915 0
22.3978583169412 6.397173126785567 0
22.28670777234218 5.91079934444007 0
43.38346123112372 6.972703318746767 0
1.626140128856569 28.01794348988231 0
5.370515636786518 1.564968279119119 0
5.84762747025632 1.713485244796217 0
1.592336410820259 10.35783084991549 0
1.48518478964931 9.860111413175561 0
6.636627827093911 7.440012565953852 0
18.4407282335629 25.98739769373624 0
43.46688823043209 7.466460532526161 0
23.90991251704305 28.58652734787526 0
2.249871660716941 1.501272496709042 0
34.12575807744995 1.412328193529856 0
1.509941037082051 27.53173922584713 0
19.64184324396706 25.44339100017447 0
40.3655839063975 1.522241458405949 0
40.84333766134033 1.669613640001472 0
10.77349317838964 25.43389113609011 0
35.42895341564288 28.52152590643907 0
19.94948347898368 28.71682592250721 0
11.4953261801628 1.206734072808365 0
11.97241380383551 1.355135438252999 0
7.215518543668448 23.41842802273539 0
7.326052800335066 23.90498589887233 0
7.748455575366521 23.57242253472096 0
7.804696596845488 24.07742539596234 0
43.52732729326316 5.657836670019407 0
43.41601960995654 5.170427698290185 0
42.93825910703581 5.023124486759524 0
43.30222471402617 4.691073895441031 0
10.46777988549463 4.510281377714644 0
10.59834089714042 28.53909488723978 0
10.65126434188835 1.397398848294618 0
26.22418490373541 13.47012682486932 0
16.83220348851253 28.65511410782524 0
6.041165703704504 22.14996777185873 0
5.564548819749916 22.00233753211717 0
5.930709001645226 21.66338624091166 0
5.477759192296073 21.50784197761659 0
43.5356400828431 25.13373505722542 0
43.42437525966702 24.646341608363 0
10.94449552860948 4.658378156504874 0
11.29100203307394 4.324321320675434 0
9.3296362387723 1.361790645179116 0
25.23986386891152 1.388372649332203 0
22.97891475973509 7.031836461678048 0
1.72136143189293 28.50896593319408 0
8.154284028859308 6.043549337683835 0
21.20049775287978 24.5772967716758 0
10.29619316301814 25.28837241868815 0
23.05689407562332 22.88826074663709 0
23.42306460841629 22.54902278539866 0
21.92109731137354 6.250233017589963 0
21.80993267968005 5.763868600725193 0
23.90144840476589 1.487490667394125 0
23.29740005556896 2.601145040400539 0
22.17557823775897 5.424395292232669 0
5.261309217568069 6.966349740288456 0
30.80554209745688 12.15605660290089 0
23.60561038388826 5.864925586190676 0
6.361558999007435 5.950206221935396 0
5.004992084949155 7.791886019327983 0
5.115578918050019 8.278373048707245 0
5.592100222004667 8.426258025744433 0
5.224422131315787 8.763617339389139 0
4.749101445163646 8.616936463752882 0
4.857384462070009 9.102809160845592 0
7.43690559887664 24.39570061637987 0
32.99701459522909 23.69373508985257 0
22.803529135936 23.71589729299102 0
28.83455045488808 15.17040448079609 0
28.35777346338762 15.02336524716739 0
7.460653652423417 4.934074417488125 0
39.19075385884184 19.71705276441284 0
38.93536150786375 20.54497072539463 0
7.913622447788162 24.54393015960514 0
8.272346715708313 24.22885226225627 0
8.388781582678096 24.69221686975543 0
20.85577537053965 24.92328548090557 0
29.89925827810456 15.95093926756221 0
30.01028843158136 16.43734577150949 0
29.78819101859668 15.46444858528151 0
15.49235439604523 3.363726160765321 0
15.11160691846224 3.711619591521092 0
17.76689702300007 3.612029408179421 0
17.37271234641194 3.952850577321037 0
25.22671849652719 9.078034300956674 0
14.17780507000629 3.391848542884933 0
34.02535328734199 6.814313173529689 0
34.13657662417091 7.301413633871297 0
34.61400274352586 7.448663713805855 0
34.24775893644322 7.788481656833873 0
33.77036717866473 7.641251665900567 0
33.88155091103609 8.128296427011687 0
33.40418573072699 7.981062729074746 0
33.51537007233865 8.468067539268214 0
33.29299557581046 7.494042575975357 0
33.4365233457459 6.179786231723519 0
3.718199154395592 11.92380194436964 0
37.80941247451705 9.784019178143158 0
26.24176786613043 19.34445320915064 0
25.78053248273129 19.19846489088428 0
36.67201747823053 26.18726548271344 0
26.46708586654756 6.746536608117765 0
28.85312519113866 7.482360548235206 0
28.96419633518468 7.969047767022357 0
28.48708307707402 7.821962672705371 0
14.11418398103625 26.4595709034433 0
14.47286999040855 26.14451217573636 0
14.93320502071383 26.27708114056681 0
16.92417764670735 3.804581609730286 0
39.04650385902396 21.03230838046963 0
32.74101720223155 24.52100305243209 0
3.864339310262427 10.61128766746545 0
4.343328127508023 10.75866031430204 0
4.232670595640954 10.27204275521487 0
4.712777345843136 10.40952043364602 0
26.75119825203976 17.69322179409422 0
26.27455010027435 17.54619340344423 0
25.9088984108463 17.88543977530163 0
4.012295112116721 3.408891330340969 0
37.90172218604972 17.96198683142891 0
26.64019002384665 17.20692594239206 0
26.16357355978201 17.05990833009382 0
26.52919520474962 16.72065695215616 0
34.06210837399557 24.47598939889579 0
23.89950810937883 22.69619054608594 0
23.78846937725542 22.20975337866935 0
24.26509754473426 22.35682711379703 0
24.14401554105314 21.85145946416749 0
40.72030882414879 14.75780343038591 0
36.80309397110804 18.98186701943661 0
26.40239982422619 10.34482196146155 0
26.03757504761895 10.68501613326531 0
26.5148303139047 10.8332268402484 0
25.56016956063584 10.53729758710808 0
25.67297067813417 11.02532405573467 0
27.99206054877236 15.36273787654301 0
27.88103127001702 14.8763523352034 0
27.51534725088499 15.21567853208508 0
27.40431916055102 14.72935131018086 0
27.03867077825127 15.06864345320647 0
26.9234541333662 14.57800081790015 0
26.58184165687392 14.91622768863077 0
26.67633502350641 15.40699967827302 0
26.45101848414075 14.43537403379226 0
26.24396538944232 15.22441751648438 0
26.31585882997328 15.74107793342783 0
38.39811577342026 10.41835717632602 0
38.47685788583115 12.70724658937659 0
29.43591521286339 21.68749781986849 0
26.78589523545447 15.89347277614023 0
2.250970819917885 7.393142879231085 0
1.884334119701755 7.732631552841283 0
33.89314596804097 14.00984308449523 0
30.68691415368668 25.24560795250516 0
40.2296480428991 8.718379770284503 0
40.11838104280984 8.231102496158229 0
39.75202737235489 8.571092064838226 0
39.64076534238123 8.083828418291322 0
39.27442977289643 8.423867701679736 0
28.99170856439367 19.74071891909081 0
25.87864240368737 19.68388079781232 0
36.22335152195093 4.774985929729144 0
36.70095315358806 4.922290703893633 0
36.33458931796356 5.262241258704378 0
36.81217643085989 5.409544894877774 0
36.44576008320561 5.749467754295965 0
40.00710533752734 7.743837448726969 0
39.35314776954772 10.71293011351886 0
12.08232593517555 1.84245314077241 0
12.44946258511042 1.503548708847902 0
37.17853857418964 5.069607205103235 0
21.69873628401647 5.277523390805111 0
41.83896983031603 6.043408901732631 0
39.01087817324941 3.369799061259712 0
23.61093490554898 25.32136501976399 0
23.13390535723408 25.17409162132545 0
41.73597176945587 25.03173870096949 0
41.25827552005768 24.88438407891872 0
31.34462153613205 22.27644627706884 0
31.82180448458035 22.4235794206819 0
31.71075659120934 21.93671723925758 0
42.39016863068973 22.06266948922083 0
31.1714226896508 11.81630216626691 0
31.06081645240483 11.32998452876798 0
43.63862732304702 6.14523913101312 0
40.71499219535615 28.34141648697225 0
40.35401040780255 28.69680842147249 0
34.16912291208783 5.500094684046498 0
2.727194290939082 1.649701443868242 0
35.6716608793064 21.80245709827753 0
31.27183170147088 6.417675038956466 0
37.83297890850119 2.100351285022857 0
38.19942663341223 1.760297504357979 0
43.1359748838893 27.2754373178863 0
43.61062786387843 27.41946231369349 0
43.50230237092088 26.93518739081598 0
30.72264856896827 23.44301413312288 0
38.68016719070486 21.37222294854382 0
39.15768668398209 21.51953513966415 0
38.79135517302034 21.85943561497033 0
38.02611678986139 24.34039500136979 0
37.58129127149441 22.39167189249084 0
37.72171799299277 1.612961662265212 0
34.29191900995303 11.87498907833716 0
34.40291306112741 12.36148803285315 0
34.76891160847779 12.02062534084398 0
34.0366247601396 12.70064943378404 0
33.00432456415447 10.12016068590165 0
34.20686071072915 23.16151173199651 0
34.31784109288287 23.64869963451904 0
34.68427728871802 23.30879773619571 0
2.26583280052758 25.05500516432885 0
1.89914350216219 25.3945762461169 0
27.03678288214038 1.488020546635047 0
1.736000201426265 3.154870351112748 0
40.49814688140538 13.78356110269537 0
29.99541894677042 10.54853420013822 0
30.47239642887253 10.69561485697697 0
2.300647775438435 23.25377889427845 0
1.823362160700864 23.10585626186644 0
1.393971873018636 23.42936470280247 0
1.346021530199209 22.95799150919288 0
1.712791154140202 22.6185473097024 0
30.09439806130541 5.149109675169376 0
29.98307871204498 4.66205200473015 0
3.388246457973501 4.574675140644423 0
28.23420990533802 28.10959181654963 0
28.34944391442761 28.59592853614986 0
27.89600332225935 28.444911956201 0
5.091883756976131 21.85330697636736 0
4.98208917831564 21.36654114871296 0
5.372032170595475 21.0196770086782 0
4.872561874173975 20.87965148923555 0
1.849245667557568 9.529686192325233 0
1.375547978601507 9.380528936841726 0
1.739029228343348 9.043710175911608 0
32.92681901794907 7.833847824474946 0
29.83994597214403 5.976226935334186 0
26.90751350363633 22.26369034132708 0
27.01855812963285 22.75027910433497 0
27.38448954153805 22.4108330401892 0
39.64833235041453 27.55923147167042 0
39.28183340941074 27.8992557803467 0
39.39302558533302 28.38667712745183 0
20.68210267901818 28.03750435031324 0
20.79319857084276 28.52457961230672 0
21.15948574755053 28.18491881159709 0
29.13513463949807 18.4284134219138 0
38.91533631503201 28.23928180328037 0
39.00135512435256 28.73782109581975 0
38.54878255457173 28.5793216728609 0
30.36128346703776 10.20916379982398 0
19.45745542225981 28.57379823519117 0
1.813119619482581 11.33188272089078 0
25.15798266862603 26.25494893325521 0
1.667319643909032 12.64504692447845 0
1.521682077307169 13.95822846677685 0
37.03838291692514 25.84730340380964 0
35.35048084043076 26.23244217868057 0
42.61788160160228 9.454811628130216 0
14.07987594537461 28.25951820124467 0
13.71348198726988 28.59895191120835 0
13.23667925349674 28.45112408068156 0
32.2916663860471 3.109631748380661 0
39.26886442321999 22.00672001566167 0
38.90254028125462 22.34657140505424 0
21.41432642490788 27.3582922983779 0
16.35431049998521 28.51008196076665 0
34.79540943423331 23.79586794816716 0
35.16170778439228 23.45601577080669 0
35.05057787075918 22.9689384436173 0
35.52797161479357 23.11621907652684 0
10.96419029992358 28.19972698599308 0
11.07434035199654 28.68702757510636 0
11.44041154601855 28.34761506740231 0
32.1877530294786 22.08391573648662 0
32.0767808195593 21.5969445555738 0
31.59962623883203 21.44979667694645 0
31.96573964526026 21.11010208418861 0
32.44295203943747 21.2572648631678 0
32.33187047059776 20.77041496305627 0
32.8090411376991 20.91755069321897 0
32.69796143301087 20.43071417801684 0
31.85461079973691 20.62328652027062 0
29.97784761635553 18.23611568843308 0
30.34364168108072 17.89672351265947 0
30.2326010223492 17.41023531543174 0
8.119621519877121 1.970319600834824 0
8.009359004469522 1.483017950219836 0
7.642776434330806 1.82140868074978 0
7.532439366140522 1.333923794137917 0
7.165563869009288 1.672916661050982 0
35.68401357354369 27.69417240280553 0
32.51981828949337 23.54643949976234 0
36.43679559058829 19.32175655847396 0
27.49543499646728 22.89787962197002 0
27.8614973463845 22.55796790516583 0
27.75043774771919 22.07131914833358 0
28.22736350277519 22.21847421321426 0
28.07438684347059 4.074167721926056 0
27.59724668109268 3.927021101440644 0
29.1854103645712 8.941892090760234 0
4.489358612876426 3.557212846105827 0
4.122448975480555 3.896272212034665 0
4.856467417910839 3.218133405289141 0
29.44120767265571 8.116152380302248 0
29.61714420179021 5.002206218480069 0
29.50573474645919 4.51505465157172 0
30.43889389842841 12.49570966837947 0
28.05525501072142 11.75923217188285 0
27.57847011045623 11.6121813239867 0
28.53204240965357 11.90631918582538 0
27.46739502092483 11.12581704693948 0
27.10218592747205 11.46684762123439 0
33.17505367175625 20.57794665183311 0
33.0636665248369 20.09116844993697 0
34.35885761789029 8.2754636683577 0
32.79526362520485 15.02884328881991 0
32.90640876195575 15.515482566013 0
33.38340218338639 15.66265422681891 0
33.01751669037932 16.00221847529783 0
33.49450690245245 16.14940864530008 0
33.12861015045532 16.4889847593533 0
33.60562126770355 16.63617622972205 0
33.23971077471114 16.9757677022671 0
33.71676876834354 17.12327092956509 0
34.08275848107907 16.78338949354091 0
34.19410359332939 17.27046102140975 0
34.55991948349259 16.93050856784731 0
34.44877383598778 16.44371241890471 0
34.92581927199161 16.59088226489002 0
32.58657488284708 19.94397631250355 0
5.590579864539812 2.539934503869295 0
39.52985873354696 7.596484302450229 0
35.82395503127115 6.916164515281784 0
37.28956852167551 5.556647768259156 0
40.62889477265156 6.576202098088062 0
38.38895197814995 4.536871492335568 0
41.72808353555998 5.555934897845274 0
24.25261837765703 2.895243266871665 0
24.72986441780833 3.042460478626621 0
39.48835202171064 3.516907793535918 0
40.35372971305405 15.09695322589901 0
40.94362137676459 15.72881160195863 0
37.65580500951845 5.216983084251837 0
30.51041012745105 28.3613134569599 0
39.7329551780394 16.26159059476496 0
36.1902522636055 6.576297285333681 0
35.4576660697067 7.256029442494938 0
32.68373249381729 14.5429720347026 0
40.58788956727469 2.497000887290469 0
38.7551939908419 4.197175604875692 0
33.41549447661954 13.86358549023306 0
39.36652993276543 16.60162511447449 0
39.47839771400226 17.08837200235724 0
39.00018899687322 16.9416060414613 0
39.85460748463906 3.177193111053125 0
34.5136092141308 12.8466184372252 0
29.7039010817578 26.74918223396856 0
30.20948569014648 25.0985286166661 0
30.09863053239903 24.61165932024153 0
29.73247577645785 24.95095952376867 0
29.95687820332567 25.92285583943294 0
29.92564305960687 27.72395680245262 0
36.59897685106386 10.31840578069324 0
36.96503255571703 9.97865138463421 0
38.06369524030858 8.958335870993162 0
38.42982201731635 8.618612357472349 0
39.89562590794824 7.257348015274726 0
40.99467633327228 6.237097231648574 0
42.09387228329379 5.216842181710355 0
42.82585718407786 4.538947054437935 0
43.20198259076039 4.22068747967473 0
37.20068718232793 28.66175814043789 0
43.56600034022306 17.42223794766334 0
43.44245433100747 16.94583165599955 0
42.96578751516068 16.80436757747695 0
43.33194930753288 16.46388138884792 0
43.80687490581013 16.60752222523462 0
43.69816498531846 16.12355600283004 0
21.27246090268519 28.66594826118324 0
21.6368867855375 28.33142144768719 0
1.3110965210256 24.75938721816449 0
1.44643667666536 11.67104546144946 0
1.341612237196703 11.18993877631933 0
12.8598112377835 3.452672042505618 0
36.76635265540213 1.31829897137953 0
11.55124512130377 28.83480827936038 0
11.91758451464727 28.4953393808808 0
17.87797076418064 4.098580824226618 0
43.719410951302 25.65573243302276 0
1.770903656437149 1.357951236918515 0
6.517785335752203 22.29758830448493 0
17.97298792832689 25.84988394291817 0
17.59943246826759 26.18094727705071 0
17.45538267845361 25.63810925227801 0
17.10351571594568 26.05558471050163 0
20.01475618208432 25.11384439539294 0
21.33476224531623 5.611640198272042 0
21.22218520203623 5.129738556296836 0
20.85826161808749 5.463685712972266 0
20.74547298854494 4.982534897783395 0
22.12197425017032 1.309492165775216 0
21.75408761796455 1.668085424793325 0
21.86510258995921 2.158263578928013 0
21.38792778551277 2.011352276136932 0
21.27634584090083 1.524385352558459 0
20.91045548592862 1.864837585039329 0
20.7978173573286 1.381151681067825 0
20.43254954588126 1.718118026332672 0
20.32007335170776 1.234727290610202 0
19.95503264965402 1.570990349158816 0
1.298098148255995 7.108693821244058 0
7.105022535108493 22.93186970405504 0
1.405031801710731 1.692990032761683 0
3.692273207106453 13.73185488094451 0
3.568636162734613 13.23960237929234 0
16.44602405469089 29.07541764805394 0
25.431511059989 19.5092220189207 0
25.51616727518081 20.01840202727947 0
43.76709060202572 4.842423195427559 0
3.795815623503938 14.21010894943912 0
11.24352829932788 25.58916048249734 0
1.293180308314447 1.210555252839397 0
20.74914151070855 24.43814773222271 0
5.693860085611689 8.906236109533934 0
25.07693133751254 19.82848925799458 0
25.15287355732758 20.35350856026819 0
28.82622973387666 28.72137508935833 0
33.65584175348378 1.30064791325907 0
34.03870046463194 0.8818029575024795 0
15.50311889300299 28.69988475668906 0
15.128128875504 29.08579222660214 0
28.45134560493281 29.12321753108247 0
8.751697564413195 24.36272609840032 0
8.865633115223719 24.83763441773988 0
9.228796718729498 24.50762647967166 0
9.342859694166616 24.98479154376418 0
43.78846288650202 10.72959480156423 0
43.69332180617047 10.26427530359445 0
36.28217769803913 1.19183416159952 0
24.86411992969266 9.416780460772191 0
24.77292567296471 8.925876706332092 0
24.99123344534515 9.899492344803683 0
1.300663250813685 12.98424912263743 0
1.190167660750678 12.49711976027717 0
20.37326607396623 5.348182481646539 0
20.2673324346056 4.84082299887357 0
4.415930739272859 1.268410284847191 0
5.227299023527845 20.54331955094871 0
4.756663561125006 20.39490580192169 0
5.110242847116503 20.05876747126874 0
4.644222180320334 19.90880181801209 0
1.224648854848123 8.852958133299749 0
23.56871782576192 7.668805579131892 0
4.211102067043637 12.02740320944827 0
4.591192878690894 11.7299732706288 0
19.84338517857242 1.083406299005551 0
19.47787413048902 1.423673261531587 0
25.64466660945336 18.73143072297615 0
14.1851467876002 28.75049926018108 0
24.72842480587052 1.274974870982003 0
4.600726244984433 9.93087986437131 0
5.078276380000872 10.07464986679176 0
24.62973625468837 22.01384947950685 0
24.4965600355316 21.48784327340162 0
24.74174545041479 22.50390809012865 0
4.38199627341541 8.956312174578803 0
1.208696680017134 22.41100050596825 0
1.602208426571195 22.13119417159751 0
2.079505323221341 22.27908720871455 0
1.968918927128129 21.79190807022438 0
1.513172448994069 21.63904477936934 0
1.861957941393335 21.30383356488291 0
1.380514680518999 21.15678171410888 0
1.748321891844267 20.8172968407046 0
1.265769020972925 20.67045115317853 0
1.636568962524731 20.33028227659203 0
31.30936083986837 24.07848346142755 0
27.77025994153446 14.38943567284384 0
25.44165995443154 23.62347437219723 0
25.91921019670142 23.77003186983472 0
28.16628460565101 12.24572255386204 0
30.13926260031406 9.235777625379971 0
22.54585854486355 24.54101201516145 0
8.500517325759976 25.17428717314185 0
3.923994881369097 12.4487260125043 0
9.623996075731503 4.700999070482926 0
19.28283811101571 25.7933028909771 0
19.16557728403075 25.32881421504455 0
39.22310915711954 17.91639079975438 0
39.33410319002833 18.40368251212318 0
4.390926953423104 20.73292442190655 0
3.429556786394002 14.54908159805783 0
6.483404057092088 24.09658205576386 0
24.36413623311329 3.382535908512628 0
39.41301918560089 20.69190775356228 0
20.60446556510321 25.75063710125058 0
4.123866820773394 9.783827348143015 0
4.942155813808583 23.16681002512538 0
21.49971197294222 2.499718963305632 0
9.931960887114325 25.61932817969461 0
9.514258454369116 4.214081316400268 0
5.640354767489296 24.28841722425536 0
25.59231491927203 8.738500450057312 0
26.02958987427482 24.25747207809434 0
36.54802379983889 19.80873455715827 0
11.56790332843067 3.49386414317253 0
12.03933846523926 3.633758826655365 0
32.49461658122697 11.77301839162697 0
26.71843291738815 19.49153987052882 0
39.92325569241285 19.03737306285365 0
36.07050444510054 19.66170323260786 0
2.618081442611434 7.054123434261347 0
26.76220229022481 23.57801157529327 0
36.45585205356787 11.63102905421893 0
35.97848107149481 11.48379089817844 0
35.86710219052449 10.99739196977408 0
35.50126811321713 11.33685877748711 0
35.61247449335054 11.82387924968675 0
32.85172094882373 25.00848372990598 0
28.52670971343514 25.48076862603184 0
40.85108589733908 7.551014884892651 0
37.43378954341151 4.242406567071438 0
40.34091790938415 9.20568697407802 0
35.74573017407927 4.627669555786461 0
25.86334513515823 15.49962934612644 0
30.34920923165487 4.322135255534139 0
30.68307112259367 5.783418895237912 0
33.61287724370501 3.063993282109939 0
40.97571950823468 13.93096536883645 0
32.29860468857731 22.57121515124939 0
2.446304717049227 21.94019019530381 0
42.06969175494649 26.49389242260568 0
41.64406898844308 16.84988329595368 0
43.12364616672122 7.801202521588446 0
43.60604221811362 7.947500503241051 0
35.66712739077585 2.338473206702798 0
23.10065329843298 26.97408545077705 0
42.45544879899983 18.45908288844509 0
34.09044760924562 3.211247636656758 0
42.05630974546986 20.60095181291508 0
42.16752036153488 21.08825320391192 0
36.92718853621604 25.36005833732263 0
37.40472097027823 25.50739010416654 0
4.599218982719318 4.044868396762757 0
37.14948889314742 26.33463503449598 0
42.10760596906114 11.10964437319494 0
29.27880215127138 17.1161297657581 0
43.04439004572315 19.09364808724848 0
43.52209368593897 19.24098306974636 0
43.63228474068835 19.75016284650576 0
38.42503609952266 22.19920151362618 0
35.92113664422093 1.514505425261062 0
32.88029337837258 3.744000782561377 0
33.58445155577388 24.32885306609352 0
27.23124191275928 4.266814792190365 0
27.11908887273965 3.779419065587987 0
28.77417278559902 5.195234363019628 0
32.93069024148508 27.29488890542671 0
33.08036482874937 27.80829236894189 0
35.46165847155029 26.71971051759883 0
35.93916299361519 26.86702569279152 0
35.41671248104177 22.62913649260734 0
3.586882186105491 25.01096840286102 0
3.220317537871029 25.35039528672108 0
34.81473219457006 16.10408864730987 0
35.29178773565167 16.25179334580814 0
28.59807649929729 8.308572518362354 0
28.12111239271285 8.161551173622307 0
41.62473034110864 24.5443635707719 0
41.14696385126557 24.39710501443187 0
22.84400434431506 27.80520256320331 0
39.40887343124254 1.231473044180834 0
38.9274741338742 1.075774863941572 0
28.16065840153721 25.82038820813324 0
27.68330101076556 25.67307333228878 0
33.13535625258534 2.916814921184528 0
42.75657109087933 21.72269470667881 0
8.230025617437342 2.456708399999947 0
9.917869158727335 2.075219575267242 0
2.361307204389487 7.880395032017198 0
38.60162778721914 19.08347007574004 0
30.02832310431032 8.749410250382505 0
28.11635145981024 21.73179483241424 0
28.59310503170999 21.87922582243944 0
33.39000538374954 2.089289155893871 0
2.376461089639477 25.54215668992386 0
2.009748638492589 25.88171145856872 0
1.532375709858037 25.73407223882077 0
1.64299320230657 26.22125345554532 0
36.26896704142982 28.32583067760087 0
36.36150233883917 28.77873109095164 0
17.45453600333826 4.43158562746166 0
9.726356168856107 5.179658389423375 0
9.376590007165554 5.536382400668195 0
41.42104752398336 15.87661766949183 0
1.994274164896972 8.21958373652129 0
1.529100496138458 8.068679596524458 0
22.47773273086576 28.14559856887614 0
22.580630323974 28.63015605741653 0
37.76600587210892 5.703709384561853 0
38.86528514767214 4.68393398509097 0
33.78146354876451 13.52411650439353 0
39.96461949546341 3.663976437891327 0
1.254359419885198 3.032264361322145 0
1.368829287973892 3.494167485061187 0
1.147659363658288 2.523266800143986 0
28.89248475072315 25.14110846145599 0
35.3895327769163 10.85120877082272 0
42.01001644878282 16.51053999918136 0
39.417675637285 7.111855936995464 0
40.51668898156352 6.091666334195637 0
41.61586627149138 5.071454989946641 0
38.08466545912226 1.274613665189808 0
1.175031237264335 20.17865844665885 0
1.529113946727232 19.84232257102768 0
43.79819916693862 8.898813033936708 0
43.90710879503187 11.21124053435816 0
10.23864239506977 28.86239981014441 0
12.96359197122558 3.941789025513511 0
12.55949302240361 1.990893573235521 0
12.92651247219938 1.651968264092135 0
12.79141180979139 1.186209618805199 0
13.27970799032189 1.308365315741188 0
17.31448776561502 28.78656218528704 0
17.67593955428574 28.46302215528191 0
1.239122486808064 24.24174081819669 0
1.2086924107237 28.32548615975712 0
1.351894802400949 28.82610004503654 0
12.29374910711395 2.812256204962628 0
7.065792113835183 1.196842016771491 0
6.690755401312728 1.526292506940052 0
6.799938312314401 2.012163151846831 0
43.99925694065476 5.824086049704569 0
5.041642162578135 19.58025691455552 0
4.568278729061092 19.44459319118695 0
30.64284507973699 28.84417346071725 0
30.14279330319601 28.70198303092424 0
31.09510813198404 28.99743540893835 0
14.75198883167381 25.81997853057234 0
40.82457249706291 28.79520844409122 0
15.64116536398054 3.798340012487563 0
43.79670174696824 3.042790013767911 0
43.45853419373908 3.389804462260052 0
43.96042049718217 3.555160980288392 0
21.15054846490035 1.081581568560734 0
11.10954105797697 25.11130320713873 0
9.707279292240328 24.62575488969018 0
8.347977680157271 1.236927248061582 0
1.062928866242622 9.695119084191042 0
43.84449413052985 7.169005648095135 0
5.732283997900151 1.243018679019329 0
5.253041317736496 1.100863062057693 0
0.8209136961047108 20.48155211968596 0
21.7862293081774 28.76644567828354 0
27.3800267827682 1.155275710484382 0
27.87101743008527 1.27050224805722 0
23.65274226686852 8.13595894634423 0
24.14907497172236 8.362944805214219 0
44.0174796253995 25.2696756468851 0
7.387570448107738 6.732244092740286 0
37.60978249565289 1.150776213613863 0
43.82974245516489 22.52338207386288 0
43.70214045535111 22.02294227819636 0
6.07557204617682 8.622855785232826 0
44.15746134854014 2.669586236272542 0
26.06756401611147 16.58956377016483 0
35.00098940259064 28.84123828771171 0
34.5727788797941 28.69542860975447 0
17.7590461334368 28.946082172489 0
18.13667237502556 28.61264380064971 0
23.00162514026507 1.146453403910716 0
2.13177955000965 1.061202866620977 0
40.72478725232915 1.205846511085486 0
41.20694334288956 1.338970981432857 0
41.31988258947996 1.818212139146187 0
41.68629952623536 1.478250754088155 0
40.25432617197152 1.034805400719808 0
34.53467659884062 1.118762488359454 0
1.181122452860272 26.10043949272873 0
1.275397441570604 26.58624945054247 0
36.6399591461138 0.8286129270464144 0
13.40073730659374 4.101444869635454 0
39.50425790453495 28.87410589043706 0
39.13773822674661 29.21415256297261 0
44.25268187956096 10.87409272599091 0
20.50615648337303 5.76767305321531 0
1.176058086498692 14.29271596038508 0
1.27282332360198 14.77188369178139 0
1.044429465591904 13.81026596316853 0
3.956914719343285 1.139559810732607 0
3.574612522639438 1.462253362783498 0
25.19443804173607 10.87648784022803 0
43.84667320445294 20.70734604655357 0
43.96710979854902 21.19045591350421 0
43.91650170556583 9.401764904700997 0
1.089941653434515 25.6133478580344 0
4.021488854447263 13.34553093707485 0
44.10349589274315 19.43461048419336 0
43.90412965191849 18.91411914662401 0
3.90625681095608 14.6967561590209 0
13.78686823145978 29.05117241202939 0
23.55554707863719 28.98540410402239 0
43.94373156916482 23.00180370365315 0
43.56962155305472 23.3337592480051 0
44.07234001482404 2.210580114072885 0
3.506723062302267 0.9078867849179098 0
0.8940341871298969 28.72936835300422 0
23.6488345783128 21.67356064092249 0
9.854681532411327 5.659244341292034 0
6.596686143140374 1.075473081967491 0
44.06568110495255 27.00501806149391 0
43.84181916005938 26.50168589374088 0
44.12112875569427 27.54294597729951 0
44.17511202670855 16.2509099080475 0
25.69384294519224 16.93650506342778 0
1.065491230004927 19.69110127437398 0
1.419256457710965 19.35485089510652 0
0.9389662456311392 19.20738567128659 0
1.30614809169569 18.86814575433943 0
24.3427072802123 9.255647472787846 0
0.9908182113633046 21.51793257538496 0
5.180702701906341 10.56853810510576 0
20.25636220627923 0.7649443381347716 0
9.59859993551917 24.15619063472296 0
6.178731235526609 9.061072273768215 0
44.16985817711257 6.349724308439741 0
24.62942529354608 20.14090572314414 0
24.7714218552551 20.67172552083029 0
25.12858602020558 0.9011461551935298 0
25.61009754371367 1.082870117847376 0
5.488933444593329 19.71712276429434 0
44.30489623213533 19.00515149732117 0
0.8686366172737365 22.81008923994682 0
12.03375386360391 28.99240598672231 0
12.39525228489595 28.64455433290002 0
11.65674983162718 29.30905298164248 0
22.03220447154641 6.736557346663664 0
21.64812567094162 6.557125447500514 0
5.633778953950035 10.25447671375819 0
10.57348185625317 5.080144127745449 0
11.08957330679553 5.156246023270857 0
0.8337783498474067 18.76192961026931 0
1.170005449394921 18.33908012522844 0
14.00358672066584 25.9730638165338 0
44.06097799172917 23.50006555579706 0
43.68215902797297 23.82313491269385 0
44.14699024766497 24.01693276748276 0
19.58986907168886 29.08592996591407 0
19.08970635959699 28.97085138097293 0
20.07037049796141 29.18841276500187 0
18.70169065824683 29.28753506632546 0
18.37891162483137 25.54313846241423 0
24.03397435914912 29.07485795570663 0
24.36860717076657 28.6779452866282 0
35.81086878900371 1.023621915273139 0
26.91539065152172 0.9901088902633148 0
35.47879686174836 29.07824522364181 0
1.780002778450047 28.99188675812723 0
11.86819571335943 0.8678389124811119 0
11.39976874748952 0.7593097464886327 0
0.895013289879504 11.55585818158501 0
0.8640220749072114 11.01571353274764 0
0.9845687469631557 29.18903510696889 0
41.57654914194424 0.9196698755826649 0
42.05413213011369 1.136869440177417 0
19.88976351882374 5.215352440076211 0
19.78920258897949 4.697159723518684 0
20.1571673441634 4.350390857181635 0
19.42046844101708 5.040544411564372 0
19.31342044918868 4.546258747278138 0
18.94918444745683 4.882438916766283 0
18.83801679790599 4.396101166531663 0
23.19424098843966 29.32342699218974 0
20.90744539721252 29.08327516243329 0
0.8233971070264232 12.83635624721456 0
0.7227934811827978 12.35910636854823 0
4.336343843839707 0.804287857898192 0
25.4217515260227 11.8540148002178 0
15.32301140274686 25.9288995190891 0
44.28782497561708 16.69119014094606 0
44.42999095403724 22.67049451967873 0
5.716426289161959 20.63852982037928 0
39.30911645703621 0.7571464810600954 0
38.8083831986909 0.5035220510676393 0
0.8582644792077012 24.51329857863573 0
5.450353761962926 9.716156014680514 0
25.04192109147329 17.82560320084555 0
25.45184262588474 18.22238819131213 0
25.39875726902155 14.20934084530661 0
25.80726319229064 13.89693108471454 0
25.92194440302761 14.41340935403829 0
24.76296995315871 11.14237637348116 0
24.27620403187422 19.73259055424765 0
24.69320644587179 18.8022963663084 0
23.15771150037886 21.52852982479978 0
23.9978834621367 21.31107264196997 0
23.86027655148701 20.70728828308708 0
23.76678606878456 9.319637066444955 0
24.0074776966273 8.863095102101186 0
24.25193971788861 10.21614466386919 0
23.22025426769301 8.462549726059853 0
6.524096871444906 21.09919785793803 0
7.192479577270467 21.90108924309073 0
7.178658206175824 8.116755722728122 0
6.745515991633061 7.973410080073563 0
7.539877148314252 7.73894902571779 0
22.47527169962617 7.720573400384675 0
23.02726955129389 7.56839898219997 0
22.45717497113328 22.28253898024955 0
8.296665703884301 7.026733943388804 0
8.7038543578639 6.694160623538876 0
21.71433196775827 22.97852752165474 0
22.21137297371415 23.11917913769609 0
21.81322214691252 23.45650308644534 0
8.296558240265609 22.98885079990961 0
7.541725275420944 22.27217586114155 0
8.710853186241804 23.33069256058678 0
8.247664786246823 23.46840155222754 0
20.48831842476882 23.9566140638291 0
19.97807470792221 24.15664514938432 0
21.30416476904711 23.29792920433724 0
21.39829918161872 23.77782503528322 0
5.11155251094214 11.6569496937354 0
5.119825491103509 18.33217338220781 0
4.801430523232117 18.72306268813857 0
4.616816191431564 18.2714840331948 0
4.273437851149684 18.66944653643705 0
4.122038153588626 18.17239351800684 0
4.434600356914046 17.80705439085528 0
3.940832135467737 17.73254254553612 0
4.24743319151915 17.32196185687855 0
4.48264122410794 16.86920785012434 0
4.010650587201212 16.87651129059521 0
3.646371907070737 18.12417015469184 0
3.473634442123178 17.71189743794534 0
19.07044144834848 24.58198253754165 0
18.59215990025898 24.80519212038128 0
4.961076600271671 12.17548490820912 0
17.57897399562863 25.09938564720995 0
17.10974369223399 25.239964227475 0
17.06727051388063 4.789270994925525 0
16.05477254665003 25.37413744762458 0
16.37743513863736 25.73295813950869 0
15.86692625941027 25.84281207712032 0
15.69929175056749 26.31905724688426 0
4.590200382330401 15.8019584761233 0
4.198082783150106 16.10538859463395 0
4.130603327482984 15.6081734379489 0
3.736624568399058 15.95091736286857 0
3.830908411557186 16.43290964113896 0
14.46784958515322 4.587115020020416 0
14.16669790067073 4.168509868051478 0
14.69534770394873 4.089947200742362 0
13.46545329719774 25.32725678923864 0
13.11337746119982 25.69704115887716 0
12.62108713596544 25.61429760725302 0
12.74285578020185 26.05320777522256 0
12.43544766099419 25.10766449774664 0
12.07406903040845 25.44361965853606 0
4.574537361342411 15.25999480633672 0
4.602335805578456 14.21118929569618 0
16.05445673265824 4.63077424605364 0
16.35198263148789 4.272315274947879 0
14.98942863437396 4.573231931733901 0
12.4108262282028 4.892177514900411 0
12.12994327065448 4.574059864835473 0
12.58018029568276 4.366018936299502 0
13.45673279347578 4.627363080822017 0
4.765515206728345 13.20316996988721 0
4.33269377003305 12.92143318881348 0
7.029511364397063 22.40810477009911 0
30.73132266553437 29.30602193365593 0
31.19446238664943 29.53264129505058 0
23.00842941025974 28.86645292412866 0
6.231990478776602 20.66916976272171 0
5.962194414044433 21.12938867523277 0
0.8586267539212962 1.573104784664192 0
0.8201895789472644 0.9963087316903323 0
25.42456076183297 15.23792247336865 0
0.822037385394367 14.54812271984194 0
1.231558063588437 0.7165413009520645 0
19.48208479153322 24.92606480430484 0
8.619567489312935 23.84695093287127 0
8.629077757736535 6.207795943078018 0
4.961076600271703 17.82451509179098 0
7.412718724329903 0.8569572302841166 0
9.578959371163956 6.056829040521016 0
14.50952905963985 25.39770780399537 0
0.7839077855519037 2.900418600960201 0
0.6880359936969356 2.385360105660936 0
10.99274643659456 24.61525146891044 0
19.04594589334383 5.371443353276725 0
44.46795517572851 5.958750853711404 0
19.35757034950689 0.9346367260603152 0
18.9999347891178 1.276715957701807 0
19.97412336496844 5.820399537033001 0
18.88895592622256 0.8080065504574456 0
18.5371039231305 1.14844549622984 0
18.59591361584783 28.80699522626094 0
18.95664313450283 28.43903729429465 0
24.99553973721644 19.24809145692055 0
27.27968317085463 0.6949255850557403 0
26.43359101550031 0.8594818250295404 0
16.25043262207421 26.22630497831158 0
25.73391539395006 13.37992556892952 0
12.52167997868549 29.12594861116787 0
19.77329803598417 0.5086936327448832 0
4.836849206712834 11.32255692201056 0
25.30547132431113 11.36272810882109 0
25.7857206228304 11.51341063006845 0
26.26389422527815 11.66175854655647 0
26.30528789409344 13.95555346131862 0
26.81097606761743 14.09177198737448 0
24.25131658152552 29.54318539977954 0
27.21320130642601 11.95220500033554 0
25.10836854917498 22.16317756775078 0
18.63898698015751 1.620990241411768 0
18.16090144863986 1.474282241177509 0
18.06327362877974 0.9072919676230029 0
17.68250710673328 1.310738523387869 0
17.48019573005452 0.8427496441786246 0
17.16507272731744 1.218759121348894 0
17.31062944414071 1.66934697770445 0
28.64306401402226 12.39277196606186 0
29.00884740812759 12.0533978078691 0
19.58885254859126 1.910950221350772 0
44.06512105848623 15.78418852673298 0
43.58508039004114 15.64090645731726 0
43.91514494114368 15.29445413053702 0
20.54389718322219 2.205172601614313 0
21.97622326206664 2.646522596487564 0
31.28289051821111 12.30350286723938 0
31.64974072544942 11.96448066756652 0
35.13500330972303 11.67636775553284 0
21.11036875602878 4.643750934885023 0
38.43458144866918 0.9273544779840179 0
4.490901498044749 9.444253206902069 0
9.819869990909709 25.13070310058649 0
22.06399753886874 4.937641163935478 0
22.54021607647635 5.084230381181296 0
24.84106899579757 3.529442644006645 0
25.20760955493827 3.189643765034729 0
33.35068026341006 17.46259367118105 0
32.87355404786013 17.31541147713272 0
30.26512986832584 15.61132530912703 0
4.271598971461465 8.470089011006971 0
25.21920360017842 22.65008109844495 0
4.014222917785006 9.296715447355972 0
30.50566993356799 8.896746866602159 0
35.03704362800563 17.07839255469311 0
32.42921104703781 15.36834543245939 0
32.65137915450805 16.34183665899437 0
28.72388873844594 14.68372721780499 0
29.20027864455419 14.83101690087463 0
30.15381758423061 15.12473003166562 0
32.98466113785513 17.8026379952863 0
33.8281414797589 17.61082609817479 0
34.30565087090962 17.75772046658105 0
22.43633854737535 24.05584430139211 0
25.8083723750645 23.28308355442041 0
39.11221668478795 17.42803182860168 0
38.63367189112135 17.2816856319121 0
38.26761809355061 17.62162578763924 0
37.78989291933726 17.47540859070448 0
30.70971115147803 17.55701109397274 0
7.547107483981192 24.87814673371955 0
7.070381344020642 24.7305685477237 0
7.455686194518583 7.243040791710397 0
27.96281030134966 3.586876072931535 0
30.59838958110299 17.07044858901945 0
30.83257827412873 23.93068698724905 0
27.12907416307849 23.23803578229992 0
27.6058786239037 23.38536243365323 0
4.612369941987467 21.70610706858335 0
1.783014504831485 19.01592308300498 0
28.33823606567406 22.70545935243271 0
25.04196201911546 12.18979708218414 0
30.61635428511666 9.383647335538729 0
10.10029675511875 4.849192525496637 0
34.42872022474045 24.13594538602048 0
32.4092656915315 23.0588277449792 0
38.8240929745965 20.05798052273807 0
2.004335432814599 19.99131710164729 0
18.81085263207234 25.65328468413686 0
33.28594734636543 21.06509286802706 0
33.65185981018784 20.72559330082902 0
25.86509946713321 16.09221988871677 0
33.93930282335236 18.09857279591186 0
20.39979954846151 24.79575046696157 0
18.9184129359692 26.13526545611111 0
2.225124847970463 20.96517826508149 0
39.63527146769725 21.66675414932912 0
39.74644777154869 22.15392528244165 0
4.199153145296165 13.85953070996166 0
3.56578019801325 15.01428837951406 0
31.1871626946039 17.70369193598668 0
32.81558831427901 7.346783364887107 0
32.44930661056233 7.686530994964807 0
25.62355481418405 20.50729272744918 0
22.65660086160519 25.0270999950205 0
26.9910400307192 10.98006590450409 0
30.8383271676901 10.35609140016521 0
30.45489047358735 18.38314863174403 0
11.65320380713788 3.979016906532413 0
31.42878287194212 10.99170695187888 0
33.18173794724916 7.006926969325054 0
30.87282826764345 8.557774072562449 0
22.91154373783339 24.20126486470103 0
26.39609834363876 23.9173841545732 0
15.97280939394141 3.502571989890297 0
14.64964533233208 3.556313644595615 0
2.556786703938677 22.42708959665895 0
18.24398816310759 3.75906341684875 0
18.35481870245836 4.245621888938937 0
32.63045562813144 24.03357208921164 0
32.15340770524935 23.88616651991538 0
27.35629942944465 10.6394424527152 0
28.37584478578703 7.335158156491043 0
33.9512760910616 23.98859043381931 0
9.454427045152048 25.46979723200628 0
33.91411546161976 6.327169781019554 0
4.232509999509237 4.383667651013932 0
3.755271274814568 4.235465034774048 0
34.90634214997926 24.28315054407788 0
26.55465038775031 1.341260943323018 0
13.65996149697518 26.29837273879125 0
37.44306259761044 10.12438565220647 0
7.181094947470092 25.21848888448879 0
35.63906048739077 23.60336338188624 0
36.00524510962574 23.26361495073284 0
12.75 29.56656854007762 0
27.11688902397675 17.3538789089274 0
33.2182715647495 24.66845954601685 0
35.9680920237661 5.602103046868908 0
36.18174170535872 20.14863751881375 0
36.65918556940105 20.29584573672021 0
13.83921725010724 3.79826392417438 0
26.40973761156176 16.23639944768367 0
26.89375161205364 16.38140341059935 0
35.81553090304175 20.48855068958628 0
9.566026140852804 25.95726478587778 0
25.09969005171675 10.38650004777494 0
3.02816723577293 16.68858804276034 0
3.523884594215858 16.81617651893283 0
39.38571999344955 8.911211391257778 0
5.223635083183694 2.878988147185733 0
5.700197195214734 3.027870422167368 0
5.333151323237828 3.366876264081185 0
19.08808935125765 3.567283671057302 0
18.72306141182754 3.907475838976401 0
11.09138145540227 3.345933219383637 0
16.86523514339044 26.85791050748046 0
16.75666860390842 26.39235685845469 0
7.768092727324454 6.391512862605749 0
8.13534757970141 25.51351396270769 0
8.612390649069456 25.6614767351431 0
9.881147280103139 3.875277212853398 0
22.40157297573374 25.85306293813998 0
11.84047417916506 26.21251805466293 0
11.35394134635592 26.06758507148989 0
8.900156533619327 5.384382062755101 0
9.404239000365461 3.727119615636358 0
23.49991720098567 24.83464888940598 0
23.97710107727385 24.98181735281815 0
22.50953369860539 6.882293226458113 0
3.569055698180208 19.11775737618381 0
3.689618030160627 19.60974653761171 0
4.094060071966755 19.20244031871076 0
36.78302340833268 26.67451214758427 0
7.559826221427043 23.0850524575534 0
6.387681479235177 21.84087465831806 0
3.91261800255829 20.58438679759734 0
21.08151746119554 25.89795373087226 0
20.04157512134963 3.860781247971358 0
3.369434197734286 12.26888229637804 0
3.47143258352002 12.75634343457232 0
5.95682409224808 8.116506526012166 0
17.79371395346238 1.811086760527175 0
41.45337117194751 14.0785600801566 0
2.507345960483864 6.566867021670525 0
7.717178431676498 4.108466333272915 0
7.24019730881162 3.960288909646549 0
6.873304263065981 4.299213108334078 0
6.983245398336042 4.786367291668107 0
6.616604087040784 5.125105177534586 0
11.3921265138614 4.809337106320349 0
4.465156955487014 23.0189357606452 0
4.831829178853351 22.68003488661336 0
9.991045293973784 4.362194294870571 0
0.5155215104533006 13.74867829268368 0
13.75205602813272 0.4309543870817087 0
14.00216517378563 0.8923846094736714 0
14.5002008838978 0.8669945922454758 0
14.28984854598396 1.317073134025744 0
14.74993914891382 0.4331837931041562 0
14.99978066171577 0.8628350452627629 0
15.24983852396092 0.4325544087665119 0
15.49960290052383 0.8654506230449694 0
15.99945560808553 0.8662266437930803 0
15.24962283415553 1.253684778266177 0
16.24970424882642 0.4333923907773851 0
16.48746090285285 0.8358321801401019 0
16.32473838208966 1.319506463840769 0
16.73691479910982 0.4220040186711493 0
23.44901604621009 7.187103789585659 0
11.80645264807359 28.00817126480317 0
12.7499571325179 0.4329879523399036 0
27.62632840903311 15.70219629622624 0
6.634168411627234 22.7780356353652 0
27.26048327826403 16.04201715005916 0
17.78303732308725 29.48262931849021 0
16.81282515013148 3.318010776390572 0
16.45119589065495 3.644151462458893 0
5.772801615987703 5.315928553529883 0
5.88281867873415 5.803046685460094 0
5.516360224486281 6.141782455084881 0
5.039329544442193 5.993686293229285 0
4.672575419502937 6.332769747557967 0
4.78247362189909 6.819937397889253 0
6.139642937181648 4.976977747263856 0
4.416296610553058 7.158490829631641 0
4.527591724183367 7.644648078997404 0
23.85867209916893 5.037483515726835 0
23.4936548709095 5.378015295598223 0
24.33586025737048 5.184547433089472 0
24.44729816084534 5.671495089475272 0
24.92429623020493 5.818425578815217 0
14.53906672628648 3.066984955998329 0
22.34251507362047 2.306671473075321 0
22.8199665184373 2.453812711205613 0
22.93182857503535 2.941131897998169 0
23.40870579633091 3.087982801718034 0
23.77517102728909 2.748093331362472 0
31.16039042538475 5.930587594004987 0
3.098217219909024 13.08915759943952 0
25.76734403113318 5.625880986952808 0
25.8785933645057 6.112632539076552 0
25.40144705266187 5.965547393242197 0
26.35573133620849 6.259689942741655 0
25.98974969869603 6.599354384575193 0
26.83296605039237 6.406799515845275 0
2.874622123401927 6.227509108233228 0
15.06775945973709 26.75459131184456 0
36.95614599915403 4.095061470520525 0
10.2147684791011 29.57984732366706 0
10.25048487282063 0.4251624124698239 0
9.994601448529581 0.849446762398868 0
9.500159730023922 0.8659763321516021 0
9.250034336908049 0.4299090533006122 0
9.020901622024716 0.8597785848506021 0
10.55542590453069 0.8694885820403968 0
21.3899959846323 6.163689514576369 0
26.00303729104925 18.37478720190624 0
21.23215226476899 29.56194111267137 0
21.24646725292997 0.4032660703413402 0
0.455158929761307 21.75166684915793 0
0.863454578507497 22.01186150324248 0
0.8876389149291128 20.97848558445889 0
0.4309250782073804 8.246440197637659 0
0.8435944619788778 8.044662065791671 0
0.9223913958130865 7.517541411070798 0
0.4361827944943109 7.252929830228548 0
0.8659404625415661 8.499923760359064 0
40.96237977856215 8.038336387879259 0
9.248140237900911 29.56794299061242 0
8.997406059038644 29.1355683656095 0
8.499706081503614 29.13433199267375 0
8.749573360335877 28.70152909991585 0
8.250160429066199 28.70128687355484 0
8.500092703546809 28.26851615337838 0
8.000478667191613 28.26843388164828 0
8.250328068939201 27.83574777168679 0
7.750708591475158 27.83567843303491 0
7.500870314910227 28.2683488514723 0
7.251109717276364 27.8356196027709 0
7.001227424677534 28.26827169666056 0
6.751433003220383 27.83551370147322 0
6.501557747189292 28.26820947656688 0
6.251764782341507 27.83546567188955 0
6.001867713399243 28.26813063460846 0
5.752062741267196 27.83538932958854 0
5.502149599740701 28.26807388193488 0
5.252343688649773 27.83531867841772 0
5.002404353603712 28.26799318777912 0
5.502289226500817 27.4026188548883 0
6.501599923414833 27.40274480303426 0
4.752584895702036 27.83523803397529 0
4.502629868881005 28.26793330817222 0
7.250788090983026 28.70108297166518 0
6.251202141545413 28.70099872742886 0
5.251596705471723 28.70087974811286 0
4.264397167745834 27.8418585867274 0
4.004936564506675 28.26918455597263 0
4.252685395374094 28.70087034755315 0
3.753181962797179 28.70092219809525 0
8.01905958125821 27.32651767561726 0
4.002041294805775 29.13372690207115 0
8.749977201606436 27.83572617170083 0
3.42533206393303 28.22103477848811 0
3.252957195712959 28.70074367319949 0
4.521236496160697 27.41304837589097 0
9.262429815077184 28.70021030893694 0
8.000233739219189 29.13410976365844 0
8.574481360153928 27.42555585854156 0
9.026315428410971 28.25833283748345 0
9.283616778267461 27.81730640923056 0
9.769615894463548 28.74767044353591 0
25.9580285281205 8.399023314723323 0
25.48112799146935 8.25196211414535 0
22.262112404463 29.5729692814994 0
22.5000000018292 29.13406079167535 0
22.25113629038341 0.4254260521641342 0
22.53272447176775 0.9076665567643758 0
26.50676250006902 24.40468955467318 0
3.389481546292423 10.46285666441267 0
27.37277046004923 2.952027083498129 0
27.00690413575079 3.291941593863404 0
26.52882541952645 3.144300266263787 0
26.16252781335389 3.484083868514309 0
25.68521332282291 3.336858593376036 0
25.79666255480655 3.824106538451554 0
26.27521576198848 3.971948331759698 0
25.57374642850509 2.849781799134426 0
21.59173485846815 24.24610305290047 0
22.76768525048277 25.51364480583684 0
8.228305935977215 0.4350034524528237 0
23.24998494446923 0.4090820464676632 0
23.48809459498709 0.8652587706285626 0
23.99641451072204 0.8310237593403969 0
24.24891511968995 0.4256082558177194 0
6.001953196176778 27.40270047899384 0
5.752194923897459 26.98728336403959 0
5.264362925770229 26.97957061687834 0
5.548640539380884 26.53840494315769 0
6.251809074627449 26.99025632237458 0
6.751400964156923 26.97008639277178 0
6.485743826749289 26.48213527279628 0
6.992623318548217 27.40778177096821 0
7.479140627883901 27.40820760556431 0
40.11292642953846 21.81379190655404 0
3.64655269185506 9.636454781343161 0
0.4405257328033727 23.73986587628013 0
0.8921230184851083 23.53110531431782 0
0.4320978966594673 6.250004129439585 0
0.8433956460335956 6.000034781572239 0
0.8672262223492311 5.497201384064001 0
1.350111587169632 5.79942803899392 0
1.32087305471391 5.231632660248298 0
1.730077084384249 4.929712165552328 0
1.276258099699056 4.738428187350967 0
0.4331086398553694 5.250104072125502 0
0.8653417599869968 4.997343251447642 0
0.8251208422483636 6.487875896227536 0
38.58808242339622 13.19444974936764 0
38.22182135382154 13.53435485096911 0
38.33299833556458 14.02150813902644 0
37.85554343176281 13.87423537879528 0
37.7444116893061 13.38708360143559 0
37.37813597390743 13.7269288396103 0
37.48928538470796 14.21405535280625 0
37.01186722359479 14.06668938071201 0
37.12305497723753 14.55381263927834 0
37.63326566538042 12.89988889235488 0
36.64564929244098 14.40643628273038 0
36.7568583134823 14.89357647226783 0
37.23426474311308 15.04096879295754 0
36.27950511837909 14.74629984070618 0
36.39068016156967 15.23335215830516 0
35.91330943295712 15.08600830740795 0
36.02453635011074 15.57301757556512 0
35.54717544038544 15.42575155983654 0
35.80210587947186 14.59877802136294 0
36.50188635042021 15.72049665353826 0
36.13558192408351 16.06029215210361 0
36.90066650426495 13.57947455975032 0
7.250147595789773 29.56700586910587 0
7.000148949860785 29.1340428788204 0
2.190063490610196 22.7664922188358 0
20.49551748159704 25.26634600432713 0
3.069119920993629 14.88273101929718 0
23.30159441709486 22.04919562622916 0
25.79787248434701 17.40164530478319 0
33.69157469810285 5.352778497295526 0
25.3652524826292 21.33578650369073 0
24.99347958169636 21.66874811270705 0
24.8701955903235 21.1565778215558 0
5.273963856905439 24.62758633738021 0
5.75091389181063 24.77552976475198 0
40.26232674124516 6.917300444471119 0
8.977379942872432 25.32194380126734 0
25.25025776490729 29.56686233023225 0
25.50001342705781 29.13403940727928 0
25.99987583939915 29.13401088783103 0
25.74990659629334 28.70114141765522 0
26.24974193427905 28.70109420997877 0
25.99978732246424 28.26826977308477 0
26.49958754028566 28.26822814372987 0
26.74953457752643 28.70102530007417 0
26.98966901547274 28.27376848853166 0
25.50001013977685 28.26831937475158 0
25.74986358292167 27.83551143115415 0
27.22782052566509 28.71255771777888 0
26.7082320887753 27.86130759260188 0
25.2273787539418 27.86478391511005 0
25.49082617866557 27.45197061482529 0
25.97859441555118 27.42464405927435 0
25.7129775478934 26.95941611275156 0
27.22205560455266 27.81444671139015 0
25.00028459900857 28.26829590641923 0
26.2499213163942 29.56698480440346 0
25.01780694717264 29.13214134323404 0
29.28270747692638 3.540573834223196 0
28.91692716604722 3.880962710512694 0
29.39432739092464 4.02786393358079 0
26.22296729769272 27.85282270805042 0
5.007623336531623 27.40591623616799 0
4.752922786406167 26.9697028569573 0
17.22929041440493 26.52635887455862 0
26.82927328547426 19.97834596708368 0
25.29017177248166 5.478767778779417 0
25.03535146160369 6.305067752360356 0
20.7153149986202 26.23738640747644 0
31.09388580974432 9.531509342954811 0
30.74259003424041 15.75722037150599 0
28.19883962297744 10.44685188235045 0
27.72196203869223 10.29978646219585 0
3.535081823879612 3.260614934393061 0
6.250106090842664 29.567059178698 0
6.000028905571174 29.1340333430793 0
6.250028908089106 0.4329960117992062 0
29.83474161737051 19.54823910475676 0
29.72343310238161 19.06175062514397 0
29.35768400129771 19.40113834202479 0
29.46874681797005 19.88782611459678 0
28.88059184791687 19.25416805606142 0
27.53263624657746 7.527599898827958 0
28.00974914825161 7.674722209524681 0
28.26464981684322 6.848344530583613 0
27.64405126783629 8.01458002934133 0
27.75480772156997 8.50090709730288 0
27.24991575723348 29.5716150983551 0
27.54952865673162 29.14397141357094 0
19.39496026957619 26.28182115509152 0
19.50595833687328 26.76879917098427 0
25.1192920864685 8.590721637296623 0
24.63842906257076 8.444948541030184 0
24.96422869768367 23.47667991508958 0
30.51986154074847 14.78445954857251 0
31.78648906348028 24.22572187530668 0
0.432628418776563 15.75112363749143 0
0.8875959633978674 15.51371292838922 0
0.8676965569397908 16.00109119002239 0
1.307584657061053 15.75093945482636 0
1.287386800834554 16.22741635986108 0
1.718691033825657 16.00499710656583 0
0.8642978848843335 16.49625039109048 0
1.287544937926498 16.67634980693443 0
16.2499552333168 29.56701314416436 0
16.7424435946471 29.56357630136164 0
15.25 29.56698729810778 0
14.77211738747589 29.55616019294921 0
14.61741171881004 29.05655532795278 0
11.19378269637686 3.833246085454686 0
0.4329627468175374 17.24996033793633 0
0.8638093037049401 16.98691329300115 0
0.8468170140670495 17.49766869874278 0
1.340226674210836 17.22282406629492 0
1.587737862258702 17.60566418387361 0
0.4259277450542065 17.74562517880684 0
0.8036545287415322 17.9858484647267 0
34.53965551424484 24.62320493612464 0
31.23350197630754 21.78952694589183 0
31.12235036638365 21.30269800947863 0
31.3172372000726 10.50461704916198 0
0.4201013970389766 25.74997756143931 0
38.02199306354841 4.876836687136558 0
25.58581267012789 22.30952884367491 0
27.6392949039187 21.5847507527675 0
39.58941530530218 17.57653508142112 0
15.75385987108227 1.291543222143519 0
31.48846856003844 20.96298620256536 0
31.37726980801821 20.47622561567161 0
27.59365422462458 17.50084677671196 0
4.746419336481907 2.73066837219177 0
26.64108309716305 3.631887419237831 0
32.22067242006036 20.28362638530599 0
32.10924479504042 19.79699813419951 0
24.52528300637241 7.968941681852826 0
0.4500178115049174 19.23048466870478 0
0.432989836262081 10.74996039556681 0
0.8108823050931164 10.48839307694057 0
0.38597161763294 9.759573779883617 0
0.4524704067629166 9.236050250256376 0
30.23787954241097 3.834980270243411 0
25.45043036965949 10.05042871604291 0
39.89063277339864 20.8390890289247 0
39.77949871283983 20.35164480360134 0
29.74998539857451 0.4329973527875381 0
29.99996967197474 0.8659671470341053 0
30.49990474572911 0.8660014658485053 0
30.24991653570751 1.298916132616126 0
30.74982446331978 1.298952847696597 0
29.7500104975706 1.298897031867249 0
30.99982390579616 0.8660488470566037 0
30.00009875930033 1.706906368037512 0
31.24973864743368 1.277710554992982 0
31.0795354278214 1.771373037781437 0
31.49982468844602 0.8624931223485603 0
31.74866027634628 1.265764895667386 0
29.75877873370219 29.57151389683864 0
29.50082789240568 29.17962434004731 0
2.47160185714538 8.36742863856772 0
30.49981935744526 1.731850181624935 0
30.7322480364213 2.176390911417407 0
28.10308855937468 15.84919796819815 0
24.34335783458821 24.64225929692423 0
24.45424301407479 25.12906010330692 0
30.46537829535356 24.27111802521635 0
29.98913660882117 24.12280212401255 0
30.96442367724567 16.73049152728661 0
32.38342360107116 11.28623867025563 0
32.01739314069715 11.6258207785917 0
34.93931763036638 22.48190454646565 0
30.64511110900251 21.15559233510234 0
35.10244782079968 13.47812935922597 0
36.93326113422563 11.77827910860043 0
36.56702976849625 12.11809042452467 0
33.03803615361797 8.320852538018782 0
33.14922124623369 8.807824061971269 0
33.62651153332369 8.955046890146773 0
33.25997729664693 9.294574393697681 0
32.67177498005616 8.66047938124137 0
40.78057721726 24.73704895391037 0
35.83475806787866 12.7978577450083 0
35.35745031453889 12.65157230939444 0
35.72369910235642 12.31111850551902 0
15.85886658664126 3.022785467860883 0
5.288080320065518 0.4097256080410343 0
5.250167035838274 29.56703867793737 0
5.001082677366167 29.13375490800458 0
29.80728486982151 7.7764953887446 0
33.04940535328691 14.20351606755315 0
31.27525667086709 25.88071846172062 0
30.7984786275172 25.73256642078942 0
41.32876268017569 7.698275041709604 0
0.4315605254629631 4.250006453491608 0
0.4283204640187392 3.746061730826728 0
0.8303666209857248 4.017868396888984 0
0.8840564116704357 3.470748182865998 0
38.95435461285078 12.85452362423226 0
33.32921579074408 25.15581387056024 0
29.54694607033087 22.17440779411428 0
29.49999999909094 0.8659631352275081 0
29.0000880018823 0.8660188616760855 0
29.25011386991292 1.298928753570538 0
28.68938937879482 1.31433210412599 0
28.48744055423368 0.8316570460897026 0
29.04717871477799 1.762706012156396 0
28.74793793314971 0.4273211016947727 0
28.24261288722374 0.4253759510797863 0
31.52663452622837 5.590744487241928 0
33.03026447926806 21.89228653436173 0
38.87562059226347 10.56563393326207 0
38.50933341636292 10.90560390858858 0
38.03188640567711 10.75850051759873 0
38.98684874367457 11.05290185962759 0
39.46439665682619 11.20023115799127 0
39.83070445276017 10.8602848137047 0
37.16928557605694 18.64212984615459 0
36.69169922761946 18.49512094712281 0
37.53555735109117 18.30229792543766 0
37.13660651798644 20.44316598496088 0
24.08807987102001 25.46860886637764 0
41.56428783508128 14.56586802890866 0
41.19783337017543 14.90487174443678 0
26.8796207552735 10.49260765210982 0
43.37738926250672 26.43487933073513 0
35.63450588429851 4.140403212568195 0
27.29165591708514 14.23934730104764 0
39.30191339777691 20.20440098120095 0
28.2418809812343 29.59759507527178 0
28.74053206782201 29.57827665791915 0
35.85691439377457 5.114884713377545 0
44.59651107142377 15.23510424332314 0
44.56815234946111 14.24800884696036 0
44.13420165045594 13.99968334792508 0
44.13402183043107 13.49999937352314 0
43.70159101361541 13.74997963106471 0
43.70111074155203 13.25008642756592 0
43.70168400111385 14.24992650056368 0
43.30837253780309 13.49325027851742 0
43.29541832520032 12.99128030081809 0
43.70871728702291 12.74284555901979 0
43.26802547094778 12.50024120891249 0
43.69328813543763 12.21440043262324 0
43.76188234843367 11.71108683414295 0
42.80514337047222 12.2558074896168 0
44.1463413314219 11.98223030370515 0
44.14364441106639 12.48234267013989 0
44.56774184219887 13.24933240800405 0
28.74189811430981 6.995498193925441 0
44.56564709033064 17.7450679051928 0
44.16200891481833 18.07403164492108 0
44.06281589393451 17.57661864212125 0
36.23281017481334 10.65852361041854 0
5.30868250177577 22.82790581003212 0
39.07946182080988 19.22998890879132 0
39.9419841269624 11.34751442677079 0
34.98025972125443 7.108809329456277 0
35.09130428255327 7.595839484230948 0
36.08973905258188 11.97098608188899 0
4.575724193935244 23.50601606348184 0
27.19515775010091 19.63887656050233 0
2.77790470729547 23.40176405165707 0
39.86331806410301 9.058443470826523 0
39.9560699586679 17.23553810080614 0
38.81048408222829 14.16877468016876 0
38.44417846372901 14.50861728865829 0
37.96671975255968 14.36133807885351 0
41.11964510902644 12.61665489440701 0
40.75327792225657 12.95654274668339 0
40.09929970390775 15.92183329026233 0
44.5999135213921 9.748481997849661 0
44.11552540232414 9.907151125660814 0
44.57533643551183 20.23165762649881 0
44.12648058366412 19.96855261489343 0
40.8185540906065 9.352972541001025 0
38.80418420330145 27.7518273679123 0
29.37476177265535 11.71405077928561 0
29.4858331423572 12.2006450600272 0
29.96240450666476 12.34784567896503 0
29.59684754064607 12.68719122763667 0
26.10141557245247 7.086347389166524 0
13.75336645337469 26.79667995797582 0
30.54389613461516 26.55907887636409 0
32.24983510486413 29.56524121429573 0
32.02287103945311 29.14507064939777 0
32.50372743737731 29.13557585920726 0
32.24998043598269 28.70107112640084 0
32.75053164476308 28.70264566330081 0
32.47268499501855 28.30574418055917 0
33.00065899088257 29.13454445925244 0
33.25007881888003 28.70269132066002 0
32.25 0.4330127018922187 0
31.99972114935132 0.8598750073533292 0
32.49990336251186 0.8649672290366581 0
32.24996740757619 1.298946117463592 0
32.72367282279712 1.32569441945312 0
32.95862011423685 1.830774688145159 0
32.98757689800946 0.876567990410706 0
37.32258682533637 3.755088695724856 0
32.56038987818953 8.173422822127762 0
38.35954136909668 25.80232884604069 0
33.99266380474277 8.615237800306403 0
31.24991417195816 0.4324458148336117 0
41.36145436297654 5.897057436863289 0
0.4210880268233268 26.74999765550945 0
0.9132565655190383 26.99744340164052 0
0.8462805710960986 27.53239983296304 0
32.00411873565706 5.737974329800631 0
44.14240543780313 14.48561948860009 0
43.70101962205853 14.74993124476213 0
43.26796615034246 14.43369326813109 0
40.65613432409294 18.3571424513259 0
40.28956112576134 18.69738377548018 0
40.76736123990261 18.84444257284717 0
39.12135979798956 3.856946689723273 0
0.4283617812512723 27.75090904152538 0
0.8540066522393239 28.00150812319781 0
39.12518685392212 23.32066293662113 0
28.24674399422469 14.53696434013843 0
28.1360180779352 14.05002041341907 0
34.78246632870987 17.90659145465882 0
18.13287068164956 3.27244166751969 0
36.52718140677281 27.50226487424661 0
35.51431739298926 17.22649693017251 0
31.39511066701784 12.79066270333736 0
30.91686706780961 12.64329706518578 0
30.55143133492335 12.98281547429785 0
5.957172080914926 2.201509934462443 0
23.21129722256998 27.46179461208653 0
37.69732623351091 9.298517666983624 0
37.3310058068859 9.638958665346081 0
40.40096310692705 19.18447076535082 0
33.74998837806062 29.56699972515944 0
33.50007038883086 29.13435908496476 0
34.00329768684642 29.17325256335967 0
33.79064320663312 28.6959196420264 0
33.43701975863364 28.2430667227774 0
34.25039279834795 29.57949987130809 0
33.75644637782369 0.4271684596019938 0
34.25752463764893 0.4027812486965967 0
40.01482681787134 27.21920277021525 0
40.38133125418873 26.87918081210012 0
33.54787229885176 6.667011659355738 0
33.80281544018126 5.839956507203523 0
39.16323268235583 7.93730024376161 0
38.79606815933458 8.278759593283613 0
36.6129859143793 16.20765260355797 0
36.24647929433848 16.54720346246921 0
35.76914973762479 16.39950502445302 0
41.27770121149275 17.18987179786189 0
41.94510086900249 20.11361746659873 0
40.2206878578156 2.837035020784889 0
39.53716109034757 27.07180260014638 0
30.66349538944031 13.46935858943708 0
44.58667444344297 8.750005340665528 0
44.57051355164377 8.250423151774449 0
44.07166465055076 8.007939399935756 0
44.15629439951098 8.558610339984352 0
44.48515853686423 21.24520483142532 0
44.55965929777213 21.77094419597293 0
34.72502803362488 7.935630133901256 0
35.24999554825371 0.4330101316753172 0
34.99999999997173 0.8660147706810069 0
35.24780053364564 29.57930281428362 0
37.71170471174932 15.18834674234173 0
37.34548228390719 15.52811979184278 0
36.92339649540282 5.896790198752248 0
36.55670761866892 6.236509027581018 0
42.02373457871504 22.40268061939265 0
29.51177555528983 1.72554829348022 0
3.249999160009377 0.433012216923423 0
34.25886481071111 13.6709871744554 0
42.94662049013262 24.49899807464915 0
42.46880050919543 24.35177475496475 0
42.45967705357606 4.878382533011365 0
25.26424617029427 28.69437714145928 0
34.14047203785206 26.76425996617086 0
34.50671496519467 26.42481932097114 0
40.45219814563116 9.692995762721482 0
44.58118838867951 7.278670523830781 0
3.278154535763505 4.087065784292207 0
3.749996865112333 29.566989108036 0
2.750086510948471 29.56696441588851 0
3.001062676809049 29.14071934741729 0
2.513619602855819 29.14776193026335 0
2.280128337112615 29.57317544144224 0
36.2526029697828 29.58076830571742 0
36.75043098485336 29.58438776498574 0
36.99277349656526 29.1704442564962 0
37.49998503889274 29.13397747151792 0
37.76950183254165 28.72796525058147 0
38.00184970067075 29.15253990271905 0
37.74998896180492 29.56697516273875 0
38.5638133549343 29.08460308899463 0
36.29949919280045 0.4206697804516466 0
8.250023814613737 29.56707661578454 0
6.117146267735524 24.43602528202011 0
42.47340422208107 10.76889390463433 0
42.36254163554688 10.28185425207391 0
27.89397779594223 20.75903070687944 0
39.74361304550153 2.689744197603002 0
2.246422655529674 0.3971232467136989 0
40.6420705409823 12.46929405577015 0
28.84784084564044 21.05355610933242 0
29.32489014562184 21.20068956979943 0
37.74468467524628 0.4034537030399843 0
38.34658651246286 19.9107369281154 0
44.52029232760832 25.26716235674812 0
44.58871435914685 4.74654961450231 0
44.50117340332844 3.6799817853052 0
44.09284265209843 4.035899096554875 0
43.57501980613051 3.884451793721572 0
44.58845645114874 26.25561716016669 0
44.12888732506556 26.04318553279249 0
40.24689895616743 29.57460637147086 0
39.96057358439668 29.09805476541963 0
22.36757522880584 27.65355130973106 0
41.9502770463455 6.53078664072124 0
40.22400498889925 0.5109101862642351 0
41.26652121269682 0.437579267945841 0
41.24930043598309 29.5840796618319 0
41.4933647801417 29.18028762889877 0
41.98852008173403 29.14768358034684 0
41.66905884854935 28.69756171399607 0
42.24808341886387 29.56927119429871 0
42.4738522837636 29.15783352090113 0
42.74532244072057 29.57134396256862 0
42.99783467603427 29.08207826556393 0
43.49999875492614 29.13397599135999 0
43.74591239132892 29.56934688433686 0
44.0030887037478 29.14841430629182 0
43.7499972170128 28.70096594500474 0
44.2487673926512 28.7240680065255 0
43.97821820715138 28.30462878173621 0
42.25000000046163 0.4124454034918283 0
42.74999993822407 0.4295841445528268 0
43.00000040292679 0.865451431501441 0
43.49999717431051 0.8659275503386397 0
43.24999923590217 1.277706130229317 0
43.74999387951639 1.279697564431896 0
42.77251977310779 1.288766313906549 0
44.00376772735791 0.8487404079442822 0
44.25033941674655 1.28145162040359 0
42.45788566391484 0.8849469080409289 0
44.55125320463422 27.26030778121206 0
44.56949990728198 27.75303276160399 0
34.05787681549708 5.012882071891763 0
32.74790893518087 0.4333823778741994 0
42.6586274123485 27.12853332936784 0
24.01048631779096 23.18261743480079 0
43.23265069972767 21.87098721150318 0
43.74823404923079 0.4303303362648911 0
43.20745334056335 10.09307306997169 0
38.53317113691739 3.222437464467246 0
3.498283369725343 5.062078185818963 0
10.85338642947835 27.71263146813314 0
25.0961613442575 2.702572500512705 0
40.89182344119449 25.22441108725431 0
40.30288337467634 24.58976173449847 0
39.09816892214488 11.54025323310788 0
38.72598717500266 25.46236450005207 0
38.24840505230915 25.31496273741149 0
40.95363075555712 2.15688982801294 0
36.32565227663432 18.83473051906279 0
39.93647526138974 24.9297694408593 0
41.44005340339893 8.185614178783654 0
42.10242543068291 24.6917230873138 0
41.74118750792076 11.44955697278126 0
39.70057707199221 18.06360276987718 0
42.57164960243722 5.36380527749283 0
41.40208433579655 23.56994448914772 0
32.99156043499829 4.231178914209774 0
44.13778770973863 12.99507819693631 0
40.4847321190159 7.891101988783896 0
43.60404077632944 2.08116581724822 0
35.26810736428776 4.480336224570925 0
32.70420024605563 6.859537891286251 0
11.71522271239896 2.181324347392772 0
41.90639698120933 2.449254222731192 0
39.01944032142885 9.251278435754774 0
36.84492408340166 3.607748304887966 0
38.14314389603916 11.24570196529903 0
38.64757109885136 23.17343316399385 0
32.12845144739087 12.11243350659404 0
42.21367683842874 25.17909246633995 0
33.79534614496465 19.41263640094838 0
40.27013578111534 26.39179075374643 0
32.7824839119228 9.147126740127332 0
42.97349159251301 3.23204523561528 0
43.20235965918765 23.67289118645828 0
42.99245072534251 28.5909290053926 0
36.77037186742623 20.78302398334482 0
42.14023903288678 9.307529515201367 0
31.97169529669974 7.539053441513087 0
37.06732980170232 4.582341207137405 0
31.16427434311364 25.39332074666004 0
42.23945075680447 3.910486645009177 0
3.645203999881417 3.747989048211256 0
41.08371365532778 28.00311729599268 0
41.17339100718647 3.129148624597224 0
35.60167082996522 5.941949975752546 0
36.86807558826925 15.38074282899424 0
35.23932165287322 25.74519169146086 0
2.728288008778289 7.540947050356092 0
32.75069715313762 29.56705993469897 0
32.34129430388148 26.66263093477556 0
10.04331171524395 26.10486308109838 0
34.28036050970436 5.98726420813278 0
32.86061504763713 11.43338231882501 0
39.88641288422403 1.379495223296749 0
41.32351645618805 21.28078919797906 0
39.86810936250713 28.54938770233307 0
33.74940108030003 15.32306202616152 0
43.87361041041436 5.344313652263185 0
29.67724749238938 14.97785130442588 0
29.0904181370021 14.34405414608383 0
43.89328280981019 24.79525710005614 0
41.59196807057137 26.34651876354877 0
41.97781012323519 18.31174327620755 0
42.64979671882904 7.652994115721356 0
41.5460537050658 22.2553782801427 0
28.51470914774914 19.59368285410642 0
37.46654383886177 2.440392073995644 0
43.09075114564455 23.18512929131633 0
43.27216985988794 6.48531704369088 0
39.79247770705848 26.24441286083747 0
27.57221692257804 25.18616876453241 0
2.617197334896787 1.18800975948783 0
2.213396370821485 3.303002057736379 0
43.26101572480177 20.07328021149847 0
41.1010844851603 20.3062116916439 0
37.02543364952884 19.95601369082429 0
32.09596439141033 13.91213330433631 0
41.47256994096225 6.383795849757725 0
29.75568437181602 17.26319169295829 0
41.16644488643472 16.70263124415309 0
38.67714383041253 1.907641676974846 0
38.23537939533568 19.42357927394191 0
37.47673130532255 8.33036371611443 0
41.15232167544993 10.81483245317879 0
37.1432824778803 6.869120022937876 0
23.0226476081052 24.68768457224223 0
38.20843686187227 7.649447994912926 0
27.14997937860278 15.55489747268445 0
37.69249719639713 22.87882504344343 0
36.74394547260955 9.00974952109615 0
29.31138097219723 15.31740744091278 0
31.2155121679623 2.316682674676482 0
41.91244252617054 21.91539816637622 0
37.47012299009339 21.90454301230135 0
40.92442616728204 23.42262093076697 0
42.64736912673542 13.55137492182925 0
38.64421104665411 3.709764450109805 0
42.59931789464274 17.14445483501555 0
36.41062414782962 7.548759172917185 0
38.50365707440099 24.48776283552352 0
35.67821120628846 8.228503782584335 0
36.01147103051591 9.689292203977361 0
39.5241548266417 21.17933305813352 0
26.49974762389314 29.1339764111209 0
37.54860173216981 24.19305391856004 0
34.21376706957386 9.58788795477723 0
41.26356517964162 11.30212735955684 0
0.4330953304620628 16.24973917276834 0
34.60394037662438 1.580347082066801 0
33.65915048534816 7.154159946326284 0
41.46747194352957 19.96625359523237 0
40.0206051544094 13.63627896493329 0
33.32527942615069 5.69262718715389 0
32.48528133742018 25.34840326370756 0
36.30554287182473 26.52713166249291 0
32.81892952349234 26.80960716300928 0
28.80197371724376 16.96909483125556 0
35.77838327968328 2.825805198417232 0
34.94588687327725 8.908171631636723 0
36.44959422311889 25.21275568964343 0
2.837358724243174 2.137276140482825 0
29.81456349279836 27.23649495813479 0
23.86622659465193 24.49510867645552 0
35.11587400870992 19.36755376455549 0
35.59309783891128 19.51467688554892 0
34.09573886357645 22.67445339095424 0
36.14905571790892 21.94971454440601 0
39.87637947867398 14.95012346585817 0
35.33817991028108 20.34137899748194 0
3.255115306819704 23.54965724504258 0
26.06917740124928 8.885547540327067 0
27.34256769718999 4.753786864706267 0
30.3763202646382 16.0974728753179 0
30.82668217481571 4.469330946002877 0
42.48798038575376 16.65751988232317 0
29.33805411756308 27.08892224677026 0
35.19431560453643 21.65514962082874 0
38.13728964082807 24.82763963975063 0
1.866032476862621 27.19481957986627 0
27.2279140199085 17.84023485829972 0
39.14407012476153 15.63022849046741 0
27.83311541523892 10.78639440909509 0
33.55962508182004 12.55371746370819 0
32.14784539035237 4.423881109797779 0
30.71539147949996 3.982186643650202 0
38.31385981898935 21.71204073997306 0
27.19896418205823 6.067194040133067 0
16.24337546614306 28.02353794180522 0
38.20269116339388 21.22488952192637 0
38.41139872165303 16.30974120077546 0
42.76094518377605 8.140382636546326 0
2.221304909788575 28.72402699395076 0
34.20170618210823 3.69850388126371 0
41.17930359918901 28.4787317027333 0
3.095108396226408 7.201496159513925 0
34.0291176661853 26.27749240530014 0
30.76563092382432 27.53404357444546 0
34.3702692669743 14.15718029037874 0
28.29249609898529 18.62072432570519 0
27.00566775506617 16.86759446609012 0
32.36390566916943 18.9709360514375 0
3.351679959485509 6.37547044276595 0
26.35310174749901 19.83098536911178 0
32.82797100387064 13.23324920694758 0
2.929332668209888 27.97822102750451 0
31.1996289982075 23.59064586000223 0
31.4505479780232 28.65279986909156 0
28.89786296603031 11.56692973661371 0
33.3181975887134 19.26538801909097 0
1.515363382492186 2.180599785876165 0
33.48150724616449 10.26742100448084 0
34.47388638787621 28.22674292904844 0
33.97160813920298 16.29658972133776 0
29.51849128763448 10.40147385429053 0
30.74993465073575 0.4329180797421373 0
31.92539144665986 3.449557477586868 0
30.90576213909382 6.757486246147268 0
27.16662390595384 7.867083938877129 0
32.62532744780403 4.571113443424073 0
41.70320300255159 26.83391111089109 0
27.0841868291059 19.15228335884858 0
39.82523868822376 24.44247825392572 0
30.85569536540869 2.666978642440021 0
27.38869325089441 8.840271575239786 0
26.37408422858865 12.14855682591686 0
31.72982840204208 14.25133610509188 0
2.215664097006986 9.192283557003245 0
34.18069042852451 11.3879512509173 0
26.76824368569817 10.00560584383436 0
2.597309736297369 26.51613100596696 0
42.18095810683137 26.98129201467026 0
43.74192511857962 6.653543630640019 0
30.5835325995536 11.18233694740394 0
30.86736357026567 22.12926234558743 0
29.88786352837644 2.403497633681443 0
29.18187573073463 28.38664729550658 0
4.459717441498427 26.62472529686114 0
36.81590319297191 24.87283844697878 0
30.24572083919901 23.29536315292154 0
29.95120148152846 6.463204164623514 0
39.9745953783548 9.545728583632799 0
38.56115050221609 1.418877537748845 0
31.97399593735766 27.0014628530489 0
20.97043556940585 25.4113720844473 0
21.5257078541383 27.84521323190251 0
42.08905193295395 18.79904794468905 0
37.99941801182549 12.55998519981136 0
7.35034255223322 4.447297894935597 0
25.98766221061528 20.16971388459508 0
32.52714307706655 9.973150554842366 0
9.037423355401391 4.065918861084857 0
3.682261237413265 1.947043699565725 0
28.40826242485233 5.534934595656392 0
19.02890396773413 26.62152690042873 0
28.65826874423829 18.28135563492564 0
42.54742832917972 26.64123354478037 0
26.67085902359096 1.829365038456947 0
25.99704681915171 26.0586359073019 0
3.64501236973641 27.3099737934924 0
25.62444547113776 6.939341137822741 0
6.006515995202683 23.94907863960156 0
37.35528851233073 1.953020492379007 0
28.78118910358357 24.65421742459095 0
28.81946323378628 9.281369195191004 0
26.79644365989437 21.77716471635088 0
27.99358531479011 1.781531662300878 0
1.427565026651362 25.25124605481751 0
25.66341697713852 24.5971699717672 0
27.17447247912529 27.29268247502498 0
27.76200765379443 27.96095162506838 0
27.98032190072833 28.89456010461332 0
32.30511808557844 8.999686559126108 0
34.57312138722865 22.82171101191647 0
4.891964317811688 1.42075382733641 0
37.29347300531617 25.0201487049024 0
1.848300738183504 3.640915463626214 0
3.953370134676078 24.67155080016778 0
28.12731553540409 27.62140540527434 0
32.96283062156004 25.49570850907165 0
31.63793023173854 6.077816481896361 0
40.27569785704519 12.8091828117803 0
27.00442452350829 29.13835553983463 0
26.86518202538393 4.606614405402052 0
36.03333153164118 1.999004999292614 0
5.139689299478622 25.90178071386533 0
29.16772532119671 16.62970665267092 0
36.144747965058 2.485871581612358 0
26.65224119750201 23.090109987334 0
12.18844186162838 2.32638183246501 0
43.02260692948626 26.78607813514341 0
34.45675971010932 2.871200324007331 0
24.38232516261398 1.612810054755007 0
25.71657538501141 1.541586990248767 0
18.03404399163229 28.12083617768964 0
3.975211449829928 5.210276569281483 0
1.406875479358735 7.584086098672153 0
22.29057188025331 25.36643102317322 0
2.325862741985084 9.679272926931638 0
40.37344388871693 7.404041252363323 0
34.39545436391325 25.93767756877958 0
35.3793187294593 4.967556693892528 0
35.48194236312884 19.02778421367693 0
6.96006292324919 24.24467803273895 0
4.244514087892224 22.04513679600784 0
2.632475089510439 24.71544937206906 0
39.90365603148862 26.73179861110255 0
39.57569041945862 11.68747625113154 0
10.02785156153097 2.562469571738841 0
22.65194303623527 5.571330797422927 0
13.48316123685053 2.282291788777732 0
24.25554440921437 28.22623611668143 0
1.581252972508409 23.92081684593597 0
5.198966391217098 22.34096208379882 0
33.86048699074314 15.80983047646945 0
40.19161358491032 24.10251611970751 0
29.87176956093226 4.174987602164602 0
30.53395959679291 20.66885319329518 0
38.71291030398283 19.57067930515547 0
25.51283271087786 6.452259814968116 0
7.0945225904334 5.272872042223963 0
34.56804682893754 3.358547118686129 0
3.756359986995019 10.12397794999053 0
43.23036948857508 8.289589773822199 0
25.5203179373305 25.91141456577782 0
27.20607882352391 25.52579276465443 0
7.990477854562725 26.82692918170724 0
42.56669914829236 18.94637008190105 0
40.38691726061579 13.29639526679285 0
8.023929244116349 25.02732639217516 0
3.144526674753646 23.06253813956304 0
7.827270778049217 4.595304189209882 0
7.046192689122591 26.56358777222305 0
9.821158859335233 1.59454256042771 0
21.63555627420559 1.203682479214114 0
37.24391618483256 1.469834294646287 0
12.33560522087259 1.037795980756432 0
17.70840255257828 26.66761437945862 0
26.09781227996898 20.65700453411287 0
41.53236172901312 16.36315454193262 0
3.246080229404161 11.77667654949873 0
10.70606089480112 28.99951790430719 0
6.728059069362885 5.611563648557603 0
1.038132467340475 2.031398799584149 0
9.417812174850265 27.32659333325463 0
41.99620055922387 10.62202819672556 0
20.42683141926713 28.86425333968058 0
43.28034304846847 25.96115139937365 0
7.750528512122035 28.70120111520036 0
2.179775480223391 10.99280111092747 0
35.55496590725986 1.853921999157619 0
37.54482381932982 4.729656661557154 0
8.707142123790529 2.604897460612809 0
20.57101581025427 27.55052125229578 0
33.97916612056355 2.723972416328229 0
10.74221188918594 27.2258325965898 0
23.46684162514584 26.63451341867338 0
41.57868914731721 20.4535569458675 0
26.75321861313955 4.119350734742252 0
24.79161895586725 26.59444518516899 0
41.62993006276961 10.96216960318149 0
7.964444770755504 0.9352498765595882 0
14.44622737243134 27.91966959480408 0
2.033948971117262 12.305935859382 0
13.12592400083306 27.96411564433146 0
15.76638112681918 27.87588451651209 0
30.94957192750932 10.84288497022617 0
19.34929361971386 28.08574047799272 0
34.82814021308039 21.99488778075938 0
37.60049378679843 14.70117445592858 0
26.14055084099986 24.74435847849143 0
35.39042837840724 1.29907630648254 0
29.88435985828564 10.06195479233661 0
17.56293500553716 27.97769958475174 0
21.78031791724149 27.01879313585562 0
25.330578311769 23.1366444235419 0
38.1106539914618 13.04720494487053 0
39.05954521461071 26.92440741039051 0
1.888282965793607 13.61906669979592 0
2.953985619828778 14.40046241981566 0
15.13993606477942 1.942815751725359 0
42.93266389622715 18.60649187469021 0
41.8850248190678 10.13476474237034 0
30.76156884303209 8.070880414836523 0
37.94756295452584 22.05186038742751 0
11.04115750026925 1.07791091049423 0
37.12250546726222 1.028263857537913 0
26.72173667261305 5.920061670348662 0
38.90789646556404 8.76462896886885 0
33.50159067526152 2.57676186378748 0
3.865128852933715 4.722952241708963 0
32.45148895732511 27.14822568918992 0
30.79456151825973 6.270606466204455 0
3.205069478159501 1.798749147121999 0
13.35165052601551 28.89729135345421 0
34.41648642993813 18.24602997115672 0
28.88544623701499 5.682104713015148 0
11.16540774608771 29.16139863137024 0
27.27341680318526 21.92424763794596 0
24.37613683867317 22.84321544950554 0
40.66924822897907 24.24982889657425 0
39.17069932755541 27.41181710088893 0
41.34209943594909 13.59115260542971 0
2.667287826221635 22.914594041794 0
0.8872028888206316 25.09103918836452 0
41.68990064153558 20.94085660343554 0
2.743097652947831 25.20263338279909 0
1.74192669945085 14.94112431121191 0
29.6445400984852 16.77675085741279 0
37.65978985205526 24.68027393886461 0
23.57786878254627 27.12149321923811 0
43.41285634213489 18.75600724941108 0
4.502381794474424 21.21909468140847 0
32.51407393169027 4.083958243998378 0
8.340406795379515 2.943729563888651 0
36.53447006964115 13.91927168173929 0
30.25025008317293 9.722716735828588 0
41.03565446276367 23.90986845730555 0
25.25561636867815 20.84839783310353 0
4.063961252450479 25.15859414545586 0
30.20578592112941 5.636230807455728 0
7.5003367815678 29.13407257101496 0
34.87297148567116 26.08499671157291 0
3.904538905639598 8.80966117496002 0
32.57212532831464 27.608701780205 0
28.76936101923413 18.76776940741069 0
28.27196806668521 26.30728686757264 0
1.509803610715871 3.97583670290776 0
41.0868038926697 14.41808493294924 0
36.07922145016772 6.089237463051481 0
4.023646757989056 21.07134006329275 0
38.32663244421222 27.60440598027794 0
26.15151948466909 11.174622392275 0
40.86451044595503 13.44375905818749 0
18.56492635883998 5.203056307461782 0
24.67070237077591 6.645519261242571 0
25.6317549613552 26.41683238717598 0
25.24090737756215 26.737674444254 0
41.80116871578208 21.42814358561583 0
27.37139990730515 16.52821114192344 0
37.55443387831306 10.61137264289445 0
29.72855187926827 5.489252212010298 0
37.9206904890148 10.2712372581795 0
30.12139810326811 16.9236976482407 0
6.249924152220821 5.46380158711559 0
38.05877620364456 22.53899827798396 0
28.63816022306943 25.96757839957843 0
30.31719242412254 6.12344686697311 0
32.40284705611985 3.596811756498514 0
38.44627539530779 28.08987560703412 0
31.2983091206745 18.19030972585526 0
10.39466140268711 2.223590738966834 0
31.01118683093737 20.81592800666213 0
6.909972294439896 2.499157941348006 0
35.70434417862801 20.00156814984422 0
42.25140182052256 9.794754760999396 0
34.33759613159575 15.95698391337696 0
29.00352378954762 25.62798490215967 0
24.5589554201285 6.158563587279309 0
35.30550225292739 22.14214535352272 0
3.102048679014295 1.308717803608911 0
43.77875545970325 18.42237732823587 0
27.52816546416288 21.09834720380452 0
27.80452994922125 12.58892973755642 0
28.28109999291066 12.73580942069644 0
2.984787087508995 6.71466618371154 0
27.68994188527941 12.09881482676072 0
21.0483016378028 27.69790732336767 0
34.9841980843204 26.57217752069217 0
37.77097577348218 25.16749667729501 0
41.99112200857799 24.20455055947122 0
23.97044934475917 5.524611584854306 0
27.3172063095232 26.01271490062734 0
1.709275597641629 10.85187237290033 0
3.697449604645673 25.49800287164827 0
26.85034543285158 12.29503635421152 0
42.27884446078886 21.57549705466093 0
37.88216247422031 25.65485720821379 0
41.51337622560682 24.05718179827813 0
36.48258157739922 23.41104805529893 0
11.21818927480378 27.3734561221544 0
35.43597803120244 14.93847143731552 0
34.70363423467156 15.61738351171176 0
35.09549368426722 27.0592169547849 0
29.0699629597017 22.02674779790782 0
29.12027312029825 12.54000170328574 0
38.53628662585042 22.68632237588758 0
42.72905722079963 9.942488623375201 0
35.78285750539686 22.28941149882982 0
1.556869145632348 12.158020098811 0
39.0138559318233 22.83364004850163 0
42.64525885615392 21.23554143613102 0
4.280238538056466 20.24720506043557 0
31.26603813072703 19.98962059041863 0
37.51582108208503 25.99477037035753 0
36.11631663594106 23.75089274319048 0
6.751024516928645 28.70104622370799 0
1.411151313461584 13.47119550777344 0
43.0954734418731 9.602831108636028 0
14.54625395143576 28.43917898721831 0
24.85318370026475 22.99002289785722 0
42.35748716121569 23.86457724931486 0
35.57285667155602 27.20678857625687 0
18.39821408382145 27.78101056025939 0
29.2341777363487 13.02946915706246 0
2.923799330829976 22.08859394282035 0
22.73407118655373 27.31459035421592 0
37.62690200814128 26.4821219317196 0
32.76910382622577 3.256832199111805 0
39.38017660200126 22.49378436799963 0
29.24641029628583 18.91481127333314 0
27.79456790774455 26.16001535942614 0
43.12257381114495 21.38303366694623 0
23.12859314495862 5.718178418997059 0
43.58152538290013 9.755248803632544 0
3.33084110721013 25.83738796456128 0
5.995244271521216 6.289041866497833 0
31.74330731371769 20.13662222797852 0
35.27270974428581 23.94331748057204 0
39.8578292302299 22.64099527369447 0
37.26044149846719 26.82204477298147 0
4.179708824695581 19.7516636084006 0
28.81494184846062 22.85358243596609 0
6.500431661701466 29.13422385507463 0
32.65936864039926 2.765255480255441 0
43.59805135185434 21.53141984252636 0
35.89406693235195 22.77647112255188 0
22.90477872113116 4.743201055701727 0
29.61212872492686 18.57541139121714 0
35.38363491091202 24.43067376356039 0
40.22412716127526 22.30103154980761 0
29.02854100506382 4.368178050390215 0
4.709037568426574 4.532560007850044 0
2.813084970004379 21.6014108357722 0
35.95934638399487 19.17476744215335 0
10.2916895364212 1.742747605588892 0
42.83534978090724 24.01202425589363 0
15.87589880952554 28.36240320878003 0
36.37141936335522 22.92388948705253 0
22.42802315902269 4.59645688125231 0
31.99798144906037 19.31041935812193 0
2.853687892612825 25.68969817237677 0
7.863551742646589 2.795585971976429 0
27.97218185053054 23.0451663562384 0
36.41646573690193 27.01447536848283 0
33.03337783310135 2.40584091662549 0
28.00509208602855 21.24543493039162 0
30.56639735945889 18.86940293879091 0
5.628430670435421 6.627681040282276 0
43.31359529842854 24.15999826601387 0
28.32803685348159 3.245930377955046 0
1.079800308898694 12.01004014198855 0
5.075927932983483 4.193342345630089 0
36.21407834123057 18.34816157354559 0
11.32924309636511 27.8605218986784 0
43.77554771020674 24.31875736205927 0
21.58680149020731 4.790383981412869 0
5.751597291362607 28.70082696626346 0
0.9340594486958764 13.32327793310532 0
2.336321748127446 21.45279611615646 0
29.25131970073927 5.342258407020005 0
27.48512947012868 3.439625016314499 0
34.67125281526159 17.41795513290396 0
34.12887851565839 20.87320906919349 0
43.22039998032663 15.97819228233692 0
21.47352980354714 4.30191548760623 0
30.82100036193791 18.04347884763661 0
37.42422497889346 17.81545661055197 0
35.1808311892179 15.76475614120056 0
33.47404544643335 23.84115337927182 0
30.4874316531899 16.58387488007739 0
4.966171865690434 3.705813721350896 0
7.75315536942689 2.308573521793084 0
35.65817706284567 15.91251929982783 0
37.31269714552199 17.3287162493465 0
32.0828763470713 8.025975869502828 0
33.76297799067068 21.21280580128328 0
28.48204731965251 21.39267243025725 0
5.500762775002542 29.13393073220839 0
36.58029580584292 18.00840993434203 0
33.10769083116953 24.18081204971583 0
5.149674190337805 6.48024510659601 0
2.838537416084456 8.02800378669443 0
20.63381305057872 4.497708720134609 0
15.98793999919548 28.85005413024941 0
7.276335412607549 2.160240278910035 0
28.23173496929896 8.648028861141531 0
37.05795332277201 18.15543258729912 0
27.8656848481175 8.987354073557032 0
32.91982258903764 21.40439434613004 0
20.5194087875763 4.007728931971434 0
4.722379876394573 22.19293163212051 0
36.05013681935706 27.35435237928889 0
4.751959326806599 28.7007524952906 0
32.50754144300181 17.65706456956951 0
28.95897343087339 21.53996580629194 0
27.71650329232381 23.8726742929565 0
6.703849074441072 25.07214503319634 0
32.39646607666822 17.17052441006944 0
32.55365581088658 21.74421383894258 0
2.592212480845021 20.62738312249816 0
32.76309608411774 16.82847244670643 0
28.70858361176914 8.795011518964541 0
32.17418275244658 16.19755217457582 0
4.250592992521199 29.56718349508665 0
32.540801269688 15.85524217247315 0
2.486948961891038 26.02918521963646 0
28.55137608441055 4.221188931541789 0
30.08923512918429 18.72241989571601 0
3.501618510930847 29.13499047354909 0
28.70408468806434 22.36623126542704 0
32.47515989592572 19.4574051988241 0
21.89118475334674 27.50567427876555 0
6.593722819016085 24.58397013681454 0
12.17208358396293 27.66886133712458 0
27.66004879690383 13.90027869825026 0
31.95168811925816 15.2250044990064 0
28.08296801948394 23.53286559403011 0
36.16045567746924 27.84107499217822 0
2.582341615295604 8.853927369552505 0
32.77525504181454 22.71912623944334 0
19.67820679276613 4.204257331971743 0
26.28583860064716 23.42975767570987 0
35.79438869263389 28.18095959984204 0
25.90996427483159 4.312234825996439 0
32.31839339060538 14.88249513880633 0
38.96771194288223 18.74346723163365 0
2.114691013807477 20.47860590225552 0
5.809725905554618 3.515738967763806 0
29.0748413872608 8.455415209159732 0
32.95232858491266 19.60453505332134 0
29.13996615330373 4.855187891700655 0
4.894993305440313 7.305452104869884 0
31.93248363277822 22.91109001740855 0
25.43272759542967 4.165162918449342 0
19.20087322534785 4.055847330176425 0
39.44553767352716 18.89045673676279 0
2.120307203129322 26.36868616863758 0
32.04309327914651 23.39865748668855 0
25.31979278248808 3.676587233424025 0
39.81189742797676 18.5504548737007 0
29.55152207056008 8.602479859744733 0
12.28333988827415 28.15597908909552 0
31.67675760566362 23.73818600871497 0
32.89336953333343 9.633782069642317 0
6.17657319780179 3.176495906446835 0
1.753656992417852 26.71240107610742 0
33.42940591676201 19.75181753663496 0
4.638055102001026 8.130940081290047 0
24.08222452262785 6.011635677122843 0
33.37049553092936 9.780935104768988 0
4.967581334916122 9.585299382611346 0
1.386747818143611 27.04785243413604 0
29.91789924093342 8.26287873571888 0
2.370913158875847 19.65306944205452 0
37.67844917663493 16.98881676693619 0
33.54070873058625 20.23858350656243 0
35.90185185703339 28.669818253811 0
6.066938618112651 2.689196440122647 0
33.73691707317993 9.441292150632879 0
34.0177514278139 20.386063134914 0
30.39510271008055 8.410223009176384 0
12.76019182838865 28.30378565373986 0
4.160417936811452 7.983739503102401 0
24.47838695628034 3.871471996675076 0
34.10314522603767 9.101547505098999 0
34.99085673034641 12.99239630870023 0
2.105111238553366 8.70579086121186 0
24.00116943715238 3.724305610817169 0
1.89356308647605 19.50427415675147 0
44.58723529046339 24.24638573682447 0
1.627756468631883 8.557811689714784 0
23.8874757851146 3.234885178209502 0
30.72765698737625 9.870208544042018 0
34.46930245206553 8.761774645595111 0
22.00205640165495 27.99358146304861 0
35.4030828524884 16.7390298146683 0
35.24696933257248 12.16461157939874 0
16.88544320207351 4.285942493930769 0
34.83545309945772 8.421956199834447 0
22.11581022238641 28.4724211868409 0
28.43979750669369 3.733823209858034 0
2.151042944741267 18.67988911971947 0
35.20164625217133 8.082113371492341 0
32.66445703539642 22.23174202617427 0
34.6574951605761 11.53421421414516 0
23.04634885724919 3.430009646909447 0
3.765970966402133 27.81994705427751 0
22.57946413059496 22.76321226073022 0
22.56915402281562 3.282756225557485 0
35.56788561363927 7.742321326813975 0
35.02443858078693 11.19085923179133 0
1.669630070494012 18.53143551884219 0
30.07324037322152 12.83463596920276 0
22.45542085959903 2.793419092236785 0
35.93415116458564 7.402478095281984 0
4.501447242563057 29.1338648834397 0
12.87762571265572 28.77179949107172 0
30.04324011893735 14.63809705422982 0
36.30040545694741 7.062616555893658 0
4.782742634493768 0.9304663122357901 0
36.66677008513313 6.722755082127705 0
31.53840231325484 11.47788340522461 0
21.61505686757561 2.989315160387179 0
38.77809214669515 29.56551072471139 0
30.35574658012456 23.78302675761916 0
37.39970639981622 6.043131880561845 0
6.433468422874071 2.350516083170254 0
37.87653120223101 6.19002288379294 0
23.01681865133465 5.230947841616823 0
21.13792527793648 2.842144038583697 0
29.5128408802515 23.97528257632906 0
38.1555399941141 17.135494131522 0
29.622844000746 24.46284416721408 0
21.0233032314003 2.352122187899679 0
32.20616877719048 14.39750250909315 0
38.49865729413825 5.02390747060528 0
37.03326887083906 6.382966544664399 0
38.52200190155828 16.79560844233869 0
38.97569035721148 5.170409926998285 0
22.94798484064925 22.40145826132436 0
30.18667436379306 13.32360716864948 0
38.88834750629463 16.45576041180356 0
29.25715536160711 24.80197964648804 0
20.18337952454909 2.548032307656449 0
38.24322415566751 5.850500946769269 0
44.56901936685806 2.25 0
39.25466628352373 16.11588742518617 0
39.59795406002991 4.004018642890472 0
38.13246934058969 5.363717712185887 0
40.07496145821714 4.150466373559004 0
42.03755798026172 28.29417431397503 0
39.62096401502217 15.77601963979992 0
20.06862752643314 2.057570919816698 0
39.98710220492303 15.43626765125614 0
39.05261292225065 7.450678481840049 0
40.46553345721395 15.58290913135363 0
42.13743733762399 1.630971082292083 0
40.83132170131626 15.24363987506743 0
39.34247465784954 4.830734122351807 0
41.78653221092664 15.53864725608819 0
19.22891179684642 2.254013861352652 0
32.5717545190966 14.0577757931942 0
6.323481459495071 1.863199456453057 0
39.23177129762676 4.343882389160033 0
41.89808008474376 16.02446744989445 0
40.15169126070681 6.430405967160645 0
30.43303524583426 26.07120363479456 0
32.93787373709392 13.71820903737996 0
6.215466912733142 1.386795221991317 0
19.11388799314638 1.763259401675919 0
40.44139728794214 3.810551019813492 0
40.3307466839634 3.324045242011508 0
41.25087637325677 5.410169593829988 0
34.88011837686563 12.50621866806929 0
33.3038243044343 13.37863056208064 0
40.69725361057387 2.98337655394403 0
33.66971746522214 13.03916774183611 0
30.06810465536686 26.41025038256133 0
41.30936582020328 15.39096477502064 0
41.06367719628518 2.643454757103815 0
18.2734828346986 1.959767232534359 0
41.43016609281204 2.303388932255388 0
41.79215366633088 1.965172338645427 0
34.14716486878292 13.18603857122892 0
43.10577625239358 15.49553373360228 0
30.40040298848522 27.87281369263903 0
30.03481281742684 28.21192552398151 0
42.37596516040038 16.17231102706754 0
17.43001898939347 2.153057488610752 0
34.91157315010984 10.70658687400269 0
29.6529212350948 28.51193228038126 0
34.62467229903537 13.33232116630595 0
42.85385646575677 16.31868812785371 0
43.28660699290784 13.96601800711884 0
16.94897987929263 2.003601775648146 0
26.73769963649383 11.80905987809181 0
29.36783532397672 25.28872630442147 0
26.62664449298527 11.3220460896056 0
16.82490150401247 1.535189354241755 0
44.07450188337792 21.67018007188762 0
29.84450926066813 25.43579164625597 0
30.32155439326648 25.58385357391091 0
35.27742795731324 10.36664617238508 0
35.75505608331702 10.51320832766358 0
36.12095459755659 10.17370739719298 0
36.48693974666381 9.834001901699617 0
36.85266150184884 9.494157261991376 0
13.50004428307422 0.8617189826446197 0
30.17899264267605 26.89767231651909 0
30.28991049673884 27.3852642719805 0
37.21908572844957 9.154119123132073 0
37.58539344737933 8.814200114584718 0
37.95146091925385 8.474304837788956 0
38.31770839275293 8.134347139711533 0
24.39096850666536 20.97238578460436 0
38.68544027827422 7.793067254336114 0
38.93912859664452 6.967145170420796 0
39.30579918331026 6.6274576891023 0
10.18696430095058 24.79762581337285 0
39.78370943587054 6.773080959426583 0
40.03751286859168 5.947022660408118 0
40.40451270043283 5.607261037292233 0
40.88269335282136 5.752938235640775 0
41.13664381595272 4.926889346994567 0
41.50353548917049 4.587133139241258 0
41.98132664504125 4.733762477486518 0
42.34716791821882 4.394063534020709 0
42.71681556012561 4.058163998461797 0
43.08869942692139 3.726007456423091 0
13.77831520073465 29.53710414003178 0
0.8443784860075816 4.511444228915604 0
42.42721855657548 12.57811643392208 0
32.96572426546582 28.28531610145214 0
1.359877288981686 15.26085687890819 0
26.08547871638353 1.214012946719675 0
43.95227183449911 1.707958648101096 0
25.25 0.4240742431761575 0
42.63274139934363 1.732505646969308 0
44.14469030907257 4.542860326544069 0
15.98578317056219 1.723605262172835 0
44.51288841594699 11.23236617559427 0
8.5332900898806 5.722214280920923 0
5.327489406251949 9.24050652341638 0
21.96640222353456 0.8409235497781751 0
19.75641202697802 29.57255962644642 0
6.096859461774301 0.8694150885747245 0
0.4289498809749794 11.25864016164013 0
9.047877427332587 5.89675153931047 0
43.67538157413727 17.9236561844519 0
36.00762438343579 29.14503289892157 0
9.487224181726535 29.1472531596282 0
26.70541610201892 13.60004075738411 0
44.17068605456635 7.504900446228605 0
25.40572916482595 15.76726400764435 0
24.53196943840181 9.795037559004781 0
12.50272561907317 3.792774935362468 0
44.57225708851477 12.24363037892282 0
12.39790563446263 3.302363868885335 0
16.98702845150212 29.13818296991778 0
14.7721521330328 1.271191170789091 0
12.75764413349442 2.961465621498034 0
20.69924463881514 0.9281298070891104 0
43.4533108982036 15.17362084560257 0
44.57835234145091 23.75043405867709 0
0.9254943791959853 9.245574514659824 0
12.65519836250875 2.465468162551156 0
5.59059353873127 26.05982874985251 0
1.264266688825991 29.58075951989176 0
17.58866856796542 4.908565668157976 0
13.02152718197594 2.123042754697146 0
4.11336726839367 15.12909588677347 0
25.17500306325523 18.70339824859232 0
13.38648824075918 1.790132781022766 0
13.77574102137199 1.42086063445749 0
18.46726078009013 4.718379700477399 0
17.97063338509054 4.574400578515025 0
24.49427083289138 0.8505285997849068 0
3.72860173934556 17.28422936568865 0
2.185032921328578 5.102163464972959 0
2.98335569097399 0.8391914341157332 0
29.99369825003357 29.16378274807015 0
39.79345853762699 0.8860196488295173 0
43.94888609449532 17.07525358950659 0
0.4007796030601334 0.7662506157969133 0
22.32487442044081 23.58677352413027 0
3.273132104607306 15.84942416253283 0
22.69115293778414 23.24187965037395 0
21.93933625005291 23.91992850114515 0
43.76509714878819 27.87761613366992 0
15.3117428706276 4.157224993176943 0
2.085604038797094 4.607884194893675 0
8.82721477539231 1.305205905324446 0
0.4005643515883968 20.25508554983451 0
11.71411866140326 0.4100961886196046 0
19.96118821873062 24.62764537416318 0
44.23467617831281 29.58935328839539 0
44.23503280546382 0.4102699478281799 0
26.24928634478728 0.4121542832567684 0
28.0137380062625 0.8278761720382359 0
40.52197656292715 29.16136566678422 0
7.237143484671659 0.4101735559654607 0
25.847698931115 14.97376465902944 0
43.73626970550907 20.24667757562604 0
5.478841120541663 19.2444313544286 0
6.305358684877397 7.761647680171613 0
0.4227130268678749 28.73996207627333 0
12.2305870849946 25.8968159437689 0
1.666826576608631 0.9012705206368157 0
0.840718142784084 6.99105504991827 0
0.4252904102737673 22.70939051288648 0
17.75 0.4002635596990061 0
0.75 29.59967936855887 0
20.91526087349195 5.929389287938173 0
44.23849205112224 18.58045914601005 0
41.04209004713388 0.8607151388617549 0
13.57617950847486 25.78210113347986 0
26.24450783732597 27.02570937614841 0
25.26243166987453 16.76682680137081 0
0.844655511973933 23.98187181991815 0
21.64964305960192 7.001769021600962 0
10.06404355390565 24.17674024780593 0
21.46763662468713 29.13125173245 0
34.52532144446312 29.16025420718337 0
8.478864396745404 26.93751916987811 0
0.4105044836941936 1.265811967877539 0
23.46066872268665 1.339028055425919 0
12.09531895174252 4.140154024433414 0
28.9999797084261 29.1750103816134 0
31.5536156953655 29.12056356319689 0
18.49234291402092 28.25360980228096 0
2.750007686759435 28.74268757742054 0
0.4230745127078563 20.75715649594575 0
0.4121700267839401 24.75998129734849 0
12.82114492601534 26.50949231000311 0
32.21972263164314 27.92749001409769 0
33.48696241519998 0.8658776378761495 0
10.1968699932258 1.279031838934454 0
43.70105239839148 8.413150429137339 0
16.87929064481343 25.63935831367441 0
5.802390823874298 9.364368177124652 0
10.65178429750516 24.98328055266269 0
37.58531606259953 28.26557042012444 0
28.29659904758625 1.46017455862189 0
33.19937780189065 1.319084002418229 0
0.8232143701996577 26.47313787571625 0
3.86364925042081 12.94232719045146 0
8.231299097765895 6.546010896745448 0
42.87460978524479 12.76980602220748 0
1.732300911813667 16.79161373190012 0
36.77691785614169 0.3826990541438473 0
1.242132441556819 10.67510286827081 0
24.54013029085391 29.10942375790867 0
43.65625681037062 4.391251234728271 0
11.46981305372395 24.79543062726052 0
37.93654078244066 0.826483403948906 0
11.58680589385824 25.27386825669456 0
31.93130091296805 1.677094605213206 0
20.25 29.61872434491249 0
38.10559650856884 28.40975304764047 0
3.371902463408812 16.33420040563556 0
23.25448520828195 7.985123492643506 0
22.02390365885472 29.16495375574087 0
3.703734526850699 15.45770108773615 0
0.3811476831076668 12.70699138574392 0
6.586910627650401 8.867515275152581 0
11.3043679757521 29.61457470744117 0
0.395287294811304 18.71388000900569 0
11.70249730100587 25.74489767420636 0
7.007090158979203 7.097690311533408 0
15.59912817500745 29.16647369297186 0
44.62364468694434 16.26982492586883 0
43.66956994948043 26.11932691793299 0
9.112304322374499 24.05982077936238 0
7.837559315434738 6.902163784548158 0
7.242108409046633 27.01010184042867 0
44.60485036718997 2.7947257206523 0
15.83493441104389 4.21883170506332 0
25.49041616204901 17.72691770977094 0
1.646448330344523 4.452502729063676 0
42.86132264563453 14.58428629728632 0
34.21265899179051 28.5289524131828 0
7.080477741840191 7.623311664763889 0
44.16347061901178 22.16421810739732 0
4.470994269906342 12.42131047130102 0
15.00000000000004 25.36460661699132 0
44.18422712919983 10.46099919740508 0
4.825274122342734 10.86082256921081 0
3.874091126795264 18.79944663075858 0
18.7239546101073 0.4041777697838036 0
13.06426599950787 4.365564328007935 0
10.13627461039544 5.278027137503098 0
1.15875404470793 10.1844002944067 0
20.98610487713965 24.06312524959304 0
44.22347686248589 5.050244450768911 0
13.20986399063927 26.15363429426237 0
0.8958320710705721 15.04443903583492 0
27.44627004330538 28.31113209976272 0
30.20820701340467 2.094972986202439 0
1.610679764490566 18.01781226864153 0
4.236741083291811 16.53139652456076 0
0.3787117257302626 14.75619053735174 0
4.980420467028658 19.13140583222338 0
5.559222626445706 20.17111281223605 0
39.2614854788851 29.62698015990875 0
42.19778574812405 28.74124282261001 0
11.50471893813273 5.232021189603138 0
18.21739691831335 29.12422144808767 0
24.98416126891782 27.48999282816323 0
13.0421032728989 29.20668363339164 0
22.64209377401687 7.298757087952042 0
16.9770481935286 0.8174076523425882 0
0.3630113310741407 2.710358542579341 0
24.81272609993114 28.67731781690226 0
44.20350934780258 24.50228123133734 0
4.097488921979732 27.39702745330678 0
44.18005750665485 11.57765408082547 0
18.72753239665015 25.24106673483334 0
17.97468386425042 25.36701153078225 0
4.229180091300638 0.3778144028229793 0
15.98407634831188 26.62973411430886 0
34.92065078177355 1.316181456507792 0
28.91993471999419 2.170150964001763 0
5.031302969405733 26.59477305598649 0
35.44392470782238 0.8250116441112301 0
44.18471872339966 14.95328137989554 0
9.955402963397226 29.18324265816656 0
4.38863787759065 11.25439849908655 0
1.981698607379911 17.70763835716795 0
24.3430862075552 20.5289569575373 0
13.0507659389057 0.8332126662449966 0
41.0000000029295 29.21980159021415 0
43.46123876102733 1.644957360821284 0
15.46004925794495 1.641386867734155 0
25.95629909085252 0.7771433523039306 0
5.57289805891169 10.74632961660749 0
23.71942403834273 8.567171597376495 0
44.14293998977658 6.799272333854461 0
21.45844949447189 0.7755498417541951 0
44.17825853055345 20.44166927344289 0
4.193853736713375 14.35378354289256 0
33.55511160087104 27.83729404429386 0
36.51434173515435 29.19635115971827 0
44.64520338797544 18.73026865946585 0
1.225840505862301 6.646083325297944 0
5.570292526790158 0.8144139015811707 0
6.950345833391687 0.7707092887268416 0
24.70153324523298 10.262754068115 0
6.422242370306339 8.305525449429457 0
44.66553251424813 1.253963245816101 0
0.7627720854273434 19.9782219606045 0
44.66505989351005 28.75 0
17.41525583053895 29.18602644019953 0
7.441842747450259 22.68743951107258 0
2.97398223873229 28.39196059648472 0
1.217658177483084 4.267639383599407 0
14.1723542208127 1.707523801422006 0
2.454792651593507 0.7639532598143415 0
20.2486116898452 0.3432393530011542 0
44.22665209547621 9.042762682411563 0
44.64037903513485 10.73835880263668 0
29.29642635401852 28.81237050722795 0
39.2546445865424 0.3310399069397558 0
6.008560964850933 26.64841969971209 0
11.2400955460706 0.351945833509463 0
6.266025874127372 21.42395048999879 0
44.6196645597114 6.341239693501114 0
0.7674532654543249 25.96271782474434 0
9.005464737913112 27.51254593296828 0
42.93530585552933 13.25597263462319 0
6.779366776288027 21.98234163737144 0
1.450121140606715 29.22417855364976 0
24.20879643777906 1.196146621821448 0
25.40545059052906 19.0781214676588 0
20.46675511435097 29.27156877767735 0
0.7971569969422063 22.41304685408016 0
1.242682299104004 8.361424873042083 0
24.69342301053885 19.64478007352824 0
14.31643595642547 3.790043617272755 0
1.194063139154835 23.79123387149352 0
4.524451699042014 19.02542894761091 0
8.511810507785739 0.8106665645730118 0
6.226390337502853 9.474985681394436 0
14.22414108055457 29.1609254410993 0
1.206694983844184 17.76431413616734 0
26.43933281050176 27.46533437344436 0
9.750126948860133 1.185982086902072 0
0.3454861596882743 12.23301969224383 0
20.39711571665152 6.182957381082208 0
40.58715862461136 0.8039166537212079 0
1.223435057101202 27.82032779047021 0
1.25 0.3177898990519736 0
15.99999390084892 29.25200569765541 0
31.84715229669147 28.7678900886557 0
44.31959718515697 5.532337913182449 0
44.61744230651331 19.31075087910783 0
43.35447109824657 28.76128219969284 0
44.68765093628998 16.75 0
35.00015095012706 29.25442676265899 0
44.24670934166957 26.50708054071325 0
7.948083974922646 23.16279723807818 0
22.99999535577162 0.7430467138576589 0
10.85540601200758 5.488903421186391 0
37.43926036975633 0.7426481325842822 0
21.24148712286665 6.683393342411376 0
42 0.7426244252962935 0
11.70416108571625 4.481489823840715 0
3.245093974526142 18.13971921440596 0
44.25095966691445 3.178232064667382 0
26.20868612906298 14.75854148088879 0
31.49966261438976 1.604220806636713 0
20.32790203251581 24.39202831508074 0
7.662037793810839 27.04379834531492 0
0.757052474167363 9.984186647088908 0
9.482148687670621 23.77862486998946 0
13.78260343969071 4.269779186427302 0
18.49265761764802 0.7401868971972618 0
0.7912070136967628 14.13854991394081 0
36.14652659489313 0.8032781491000698 0
44.20817404595048 27.9449777443838 0
25.66560630110619 16.52319502571583 0
1.253959566377954 21.95400336229553 0
27.63154684661114 28.74381796254098 0
0.3189017316658855 2.241883496258581 0
16.70077661676444 25.98545191865194 0
0.3660254037844446 0.3660254037844464 0
44.63397459621554 0.366025403784457 0
44.63397459621554 29.63397459621554 0
1.163187719622186 6.247567668173302 0
11.75 29.7014192314111 0
44.24708486178491 24.95072051499172 0
44.20701309598864 20.87031102019002 0
0.3634796322775351 29.63652036772247 0
41.2332599455745 28.8743182159867 0
30.38096522125524 29.14764459777373 0
44.20263426951989 25.61892200750522 0
2.09756706289399 15.87576682366206 0
38.22632311211557 28.79219847120982 0
12.66539990556812 0.8095316699272352 0
24.39502816713686 8.762259827766611 0
15.3043108089457 26.43763085961729 0
39.52086244090746 29.26482021585218 0
22.24099459893755 28.83655900569617 0
16.14369534236688 3.902097386225041 0
29.76365438448401 2.023362286358772 0
5.843956805357578 19.85458523273017 0
9.664470777055847 27.72854440788056 0
18.75048124242432 29.70298135653828 0
42.66031108329086 28.79444743091508 0
10.08220697504255 5.969417671469248 0
27.25201792265329 0.2940316467394535 0
0.7868907686433424 8.88669818108302 0
30.7484322884522 29.70247835327913 0
13.47972517570976 29.27429125626134 0
1.012758822186882 23.17194600504276 0
8.124522401251168 23.85644559822961 0
14.33782860016909 25.76374406457122 0
27.63675831404117 0.8607857341224587 0
16.75584434196021 1.145338954382822 0
33.38670575852185 1.701049675630809 0
0.722312485189164 19.52800417597346 0
4.866272499207781 16.79437981927122 0
10.38637998039429 29.21870759757394 0
36.75554984338051 28.85096269161851 0
2.120978730788099 29.19613093992686 0
1.639995753518654 16.38042860611172 0
42.3869803102779 1.32303252246351 0
43.44728073819012 11.4408347467927 0
4.389918392628051 27.04848710150463 0
24.62691983816209 28.34485899759198 0
3.856347409683551 18.45132675400608 0
44.26944696816518 15.44224224415704 0
20.99999320246723 0.7064227857517853 0
32.72176220309628 27.97183047827789 0
10.99785164249641 0.6889525311025455 0
24.86646346486508 10.68770098120021 0
3.937979529766324 0.7506691666935854 0
15.01402512852302 1.570215688650636 0
44.2967371820924 9.500009019633922 0
25.50658285993665 0.7028203763647873 0
4.416404229435116 13.42243725851187 0
34.50825570283106 0.7188591277637713 0
42.98161450097781 13.72969636518536 0
19.02334804157867 24.97483448496467 0
43.00000264087096 1.567856839411704 0
18.39434489712881 25.14113644205847 0
0.783266733986256 18.35669259349186 0
0.7149357779452714 11.9831685786177 0
0.6996965778301387 25.49999460889952 0
27.99803401055928 29.28974529621704 0
3.086060662504153 17.69961345501138 0
25.25901559276391 27.12946070864158 0
23.24164276052824 29.70853522356895 0
1.166796694543088 3.796179068702477 0
0.7693002079372633 28.37856357166413 0
43.81224028063021 7.638715822829564 0
22.87211646161693 29.22424596723252 0
4.558591453978135 12.0885429648968 0
1.203053855764125 7.893029609895265 0
44.24795055484875 7.115376803046654 0
0.6681997970865154 2.004682035174305 0
34.2571925440387 28.88516692303171 0
5.105398753458015 0.7529792453629103 0
16.61008436309262 3.976373872502279 0
1.190730770203242 27.34803076195409 0
5.261037713327408 26.27332615620932 0
28.25378132364064 1.123944714507704 0
6.507533889354498 0.6942715632796457 0
0.7107405499853598 9.538658122106707 0
26.85533931979343 27.50630607331322 0
29.75079744030788 28.88785619634855 0
23.7658230710917 1.126230921802678 0
36.9932729713927 0.6629855461025524 0
2.011442024417732 0.6928835562828777 0
44.68272038788158 5.655858954643413 0
0.6835821657132897 28.97709138406161 0
43.29147728006813 14.83104036111957 0
$EndNodes
$Elements
6 10164 6 10169
1 5 1 126
6 1 6 
7 6 7 
8 7 8 
9 8 9 
10 9 10 
11 10 11 
12 11 12 
13 12 13 
14 13 14 
15 14 15 
16 15 16 
17 16 17 
18 17 18 
19 18 19 
20 19 20 
21 20 21 
22 21 22 
23 22 23 
24 23 24 
25 24 25 
26 25 26 
27 26 27 
28 27 28 
29 28 29 
30 29 30 
31 30 31 
32 31 32 
33 32 33 
34 33 34 
35 34 35 
36 35 36 
37 36 37 
38 37 38 
39 38 39 
40 39 40 
41 40 41 
42 41 42 
43 42 43 
44 43 44 
45 44 45 
46 45 46 
47 46 47 
48 47 48 
49 48 49 
50 49 50 
51 50 51 
52 51 52 
53 52 53 
54 53 54 
55 54 55 
56 55 56 
57 56 57 
58 57 58 
59 58 59 
60 59 60 
61 60 61 
62 61 62 
63 62 63 
64 63 64 
65 64 65 
66 65 66 
67 66 67 
68 67 68 
69 68 69 
70 69 70 
71 70 71 
72 71 72 
73 72 73 
74 73 74 
75 74 75 
76 75 76 
77 76 77 
78 77 78 
79 78 79 
80 79 80 
81 80 81 
82 81 82 
83 82 83 
84 83 84 
85 84 85 
86 85 86 
87 86 87 
88 87 88 
89 88 89 
90 89 90 
91 90 91 
92 91 92 
93 92 93 
94 93 94 
95 94 95 
96 95 96 
97 96 97 
98 97 98 
99 98 99 
100 99 100 
101 100 101 
102 101 102 
103 102 103 
104 103 104 
105 104 105 
106 105 106 
107 106 107 
108 107 108 
109 108 109 
110 109 110 
111 110 111 
112 111 112 
113 112 113 
114 113 114 
115 114 115 
116 115 116 
117 116 117 
118 117 118 
119 118 119 
120 119 120 
121 120 121 
122 121 122 
123 122 123 
124 123 124 
125 124 125 
126 125 126 
127 126 127 
128 127 128 
129 128 129 
130 129 130 
131 130 1 
1 6 1 90
132 2 131 
133 131 132 
134 132 133 
135 133 134 
136 134 135 
137 135 136 
138 136 137 
139 137 138 
140 138 139 
141 139 140 
142 140 141 
143 141 142 
144 142 143 
145 143 144 
146 144 145 
147 145 146 
148 146 147 
149 147 148 
150 148 149 
151 149 150 
152 150 151 
153 151 152 
154 152 153 
155 153 154 
156 154 155 
157 155 156 
158 156 157 
159 157 158 
160 158 159 
161 159 160 
162 160 161 
163 161 162 
164 162 163 
165 163 164 
166 164 165 
167 165 166 
168 166 167 
169 167 168 
170 168 169 
171 169 170 
172 170 171 
173 171 172 
174 172 173 
175 173 174 
176 174 175 
177 175 176 
178 176 177 
179 177 178 
180 178 179 
181 179 180 
182 180 181 
183 181 182 
184 182 183 
185 183 184 
186 184 185 
187 185 186 
188 186 187 
189 187 188 
190 188 189 
191 189 190 
192 190 191 
193 191 192 
194 192 193 
195 193 194 
196 194 195 
197 195 196 
198 196 197 
199 197 198 
200 198 199 
201 199 200 
202 200 201 
203 201 202 
204 202 203 
205 203 204 
206 204 205 
207 205 206 
208 206 207 
209 207 208 
210 208 209 
211 209 210 
212 210 211 
213 211 212 
214 212 213 
215 213 214 
216 214 215 
217 215 216 
218 216 217 
219 217 218 
220 218 219 
221 219 3 
1 7 1 60
222 4 220 
223 220 221 
224 221 222 
225 222 223 
226 223 224 
227 224 225 
228 225 226 
229 226 227 
230 227 228 
231 228 229 
232 229 230 
233 230 231 
234 231 232 
235 232 233 
236 233 234 
237 234 235 
238 235 236 
239 236 237 
240 237 238 
241 238 239 
242 239 240 
243 240 241 
244 241 242 
245 242 243 
246 243 244 
247 244 245 
248 245 246 
249 246 247 
250 247 248 
251 248 249 
252 249 250 
253 250 251 
254 251 252 
255 252 253 
256 253 254 
257 254 255 
258 255 256 
259 256 257 
260 257 258 
261 258 259 
262 259 260 
263 260 261 
264 261 262 
265 262 263 
266 263 264 
267 264 265 
268 265 266 
269 266 267 
270 267 268 
271 268 269 
272 269 270 
273 270 271 
274 271 272 
275 272 273 
276 273 274 
277 274 275 
278 275 276 
279 276 277 
280 277 278 
281 278 2 
1 8 1 60
282 3 279 
283 279 280 
284 280 281 
285 281 282 
286 282 283 
287 283 284 
288 284 285 
289 285 286 
290 286 287 
291 287 288 
292 288 289 
293 289 290 
294 290 291 
295 291 292 
296 292 293 
297 293 294 
298 294 295 
299 295 296 
300 296 297 
301 297 298 
302 298 299 
303 299 300 
304 300 301 
305 301 302 
306 302 303 
307 303 304 
308 304 305 
309 305 306 
310 306 307 
311 307 308 
312 308 309 
313 309 310 
314 310 311 
315 311 312 
316 312 313 
317 313 314 
318 314 315 
319 315 316 
320 316 317 
321 317 318 
322 318 319 
323 319 320 
324 320 321 
325 321 322 
326 322 323 
327 323 324 
328 324 325 
329 325 326 
330 326 327 
331 327 328 
332 328 329 
333 329 330 
334 330 331 
335 331 332 
336 332 333 
337 333 334 
338 334 335 
339 335 336 
340 336 337 
341 337 5 
1 9 1 90
342 5 338 
343 338 339 
344 339 340 
345 340 341 
346 341 342 
347 342 343 
348 343 344 
349 344 345 
350 345 346 
351 346 347 
352 347 348 
353 348 349 
354 349 350 
355 350 351 
356 351 352 
357 352 353 
358 353 354 
359 354 355 
360 355 356 
361 356 357 
362 357 358 
363 358 359 
364 359 360 
365 360 361 
366 361 362 
367 362 363 
368 363 364 
369 364 365 
370 365 366 
371 366 367 
372 367 368 
373 368 369 
374 369 370 
375 370 371 
376 371 372 
377 372 373 
378 373 374 
379 374 375 
380 375 376 
381 376 377 
382 377 378 
383 378 379 
384 379 380 
385 380 381 
386 381 382 
387 382 383 
388 383 384 
389 384 385 
390 385 386 
391 386 387 
392 387 388 
393 388 389 
394 389 390 
395 390 391 
396 391 392 
397 392 393 
398 393 394 
399 394 395 
400 395 396 
401 396 397 
402 397 398 
403 398 399 
404 399 400 
405 400 401 
406 401 402 
407 402 403 
408 403 404 
409 404 405 
410 405 406 
411 406 407 
412 407 408 
413 408 409 
414 409 410 
415 410 411 
416 411 412 
417 412 413 
418 413 414 
419 414 415 
420 415 416 
421 416 417 
422 417 418 
423 418 419 
424 419 420 
425 420 421 
426 421 422 
427 422 423 
428 423 424 
429 424 425 
430 425 426 
431 426 4 
2 1 2 9738
432 3417 4091 1645 
433 3767 4431 1465 
434 3580 4385 2171 
435 2810 4564 2300 
436 430 3744 2916 
437 2703 4850 3088 
438 2887 4873 3329 
439 3310 4740 4674 
440 2933 3500 428 
441 208 3002 207 
442 2862 4974 3880 
443 3009 3130 2360 
444 324 2999 323 
445 1578 3455 1580 
446 2902 3864 2466 
447 480 3915 2929 
448 2895 4748 3889 
449 2663 3114 2984 
450 3674 3676 1814 
451 510 2967 2966 
452 3585 4815 1985 
453 77 2957 78 
454 3575 4815 3585 
455 3329 4873 554 
456 537 4720 3205 
457 2334 3371 3006 
458 3026 3323 2671 
459 78 2957 478 
460 1466 4018 3625 
461 540 3016 2938 
462 207 3002 591 
463 585 2963 2921 
464 439 4749 2998 
465 510 2969 2967 
466 2822 3667 3107 
467 16 3015 17 
468 170 3125 169 
469 3308 4444 2907 
470 2929 4965 480 
471 523 4737 2918 
472 446 3014 2926 
473 4771 4914 3295 
474 1814 4809 3674 
475 3008 3130 3009 
476 2921 2999 585 
477 564 2991 2920 
478 2258 3368 3366 
479 2920 2971 564 
480 2448 3094 2253 
481 539 3011 2945 
482 3444 4947 4247 
483 2263 4859 3442 
484 2939 3374 485 
485 2923 4702 549 
486 4212 4790 3414 
487 512 2954 2952 
488 2014 3759 3757 
489 2916 4961 430 
490 3829 4666 2912 
491 2947 4743 463 
492 3097 4768 2743 
493 2260 3323 3026 
494 3006 3371 2676 
495 3444 4247 563 
496 3023 4914 4771 
497 3722 4749 439 
498 1838 3713 3712 
499 2926 3013 446 
500 2955 3283 459 
501 3088 4812 2703 
502 4123 4889 3535 
503 3059 4564 2810 
504 3032 4754 3040 
505 3420 3423 2203 
506 3137 4777 555 
507 1993 3465 1995 
508 3880 3881 2862 
509 1949 4889 4123 
510 1522 4660 3781 
511 2634 3577 3576 
512 2192 3092 2193 
513 2028 3573 3571 
514 539 3015 16 
515 4756 4843 544 
516 3781 4846 1522 
517 2992 3372 483 
518 3889 4748 448 
519 4788 4828 558 
520 2049 3904 3902 
521 549 4612 2923 
522 2682 4681 3504 
523 3806 3807 1825 
524 3085 4722 2837 
525 3722 4715 2591 
526 2997 4851 545 
527 2207 3465 1993 
528 2982 3890 479 
529 3742 4400 2913 
530 2466 3864 2467 
531 2984 3114 492 
532 2880 4849 2999 
533 3579 3580 2649 
534 3321 4665 1835 
535 2743 4768 2361 
536 3014 4681 2682 
537 2865 4787 4685 
538 582 3834 2975 
539 3423 3424 2203 
540 2918 4906 523 
541 2344 3014 2682 
542 2014 4801 3759 
543 2619 3431 2194 
544 2903 4707 2835 
545 3578 3579 2649 
546 3807 4699 2777 
547 4707 4882 2835 
548 3414 4790 3422 
549 3880 4974 493 
550 1825 4847 3806 
551 3833 4890 4257 
552 597 3913 3912 
553 3901 3903 599 
554 455 4799 4290 
555 3186 4848 4835 
556 2936 3607 2960 
557 1838 3714 3713 
558 2643 3119 2635 
559 2803 4431 3767 
560 1645 4573 3417 
561 3047 3049 524 
562 4257 4887 3833 
563 2777 4907 3807 
564 428 4784 2933 
565 476 4954 4779 
566 1578 4218 3455 
567 4802 4810 3768 
568 518 4444 3308 
569 2677 4385 3580 
570 2649 3580 2171 
571 2258 4758 3368 
572 4758 4947 3368 
573 567 4785 3003 
574 2910 3127 3010 
575 1975 3767 1465 
576 3370 4970 476 
577 3607 4833 2960 
578 323 2999 441 
579 585 2999 324 
580 3016 3017 2938 
581 4674 4740 2841 
582 2859 4843 4756 
583 2866 4947 4758 
584 2643 4943 3119 
585 2916 3744 2768 
586 3107 3667 501 
587 4779 4954 2904 
588 3442 4859 3040 
589 3676 3840 1443 
590 3286 4854 3045 
591 2932 3145 576 
592 2298 4756 3071 
593 3045 4946 3286 
594 508 4713 2979 
595 3830 4666 3829 
596 2253 3094 2252 
597 1787 4744 3053 
598 3452 4733 1604 
599 170 4924 3125 
600 3071 3229 2298 
601 3827 4804 2753 
602 3040 4754 3442 
603 3312 4740 3310 
604 2992 4788 3372 
605 2904 3114 2663 
606 1580 3455 1604 
607 4290 4799 3003 
608 2924 3841 587 
609 524 3103 3047 
610 3139 4777 3137 
611 2678 4743 2947 
612 554 4873 2969 
613 2872 4828 4788 
614 3886 3982 2403 
615 113 4970 4786 
616 530 4867 4862 
617 451 3120 2974 
618 1604 4929 3452 
619 2612 3058 3057 
620 2926 3014 2344 
621 3571 4700 2028 
622 2929 3915 2931 
623 2930 4838 3884 
624 1443 4888 3676 
625 576 4837 2932 
626 4842 4974 2883 
627 2939 3375 3374 
628 3721 4715 3722 
629 2857 4851 2997 
630 3032 3040 3039 
631 3882 4695 2861 
632 489 4853 2940 
633 3010 3127 536 
634 3884 4965 2930 
635 2612 4805 3058 
636 3894 4080 2004 
637 4835 4848 2222 
638 2901 3982 3886 
639 2875 4902 3019 
640 2300 4564 2325 
641 3139 4877 516 
642 585 4730 2963 
643 493 4974 4842 
644 529 3580 3579 
645 2982 4781 3890 
646 3625 4018 3632 
647 2880 2999 2921 
648 3003 4785 2844 
649 3834 4964 2975 
650 47 4787 2942 
651 3205 4720 2743 
652 2193 3092 2817 
653 2194 3431 2889 
654 511 4222 2977 
655 4786 4970 2956 
656 3262 4744 1787 
657 2049 4755 3904 
658 3417 4920 4091 
659 2885 4789 2886 
660 2837 4856 3085 
661 4247 4947 2866 
662 3041 3056 2673 
663 4793 4972 3222 
664 545 3062 2997 
665 4853 4893 2329 
666 596 3099 3096 
667 4800 4861 2031 
668 4865 4894 1839 
669 2943 4831 80 
670 2902 4590 3864 
671 169 3125 509 
672 2634 4725 3577 
673 2930 4965 2929 
674 3625 4976 1466 
675 485 3376 2939 
676 2823 3667 2822 
677 3000 3094 2448 
678 2957 3004 478 
679 3283 4876 459 
680 3118 4253 2469 
681 2229 3100 2614 
682 3828 4804 3827 
683 2672 4850 2703 
684 3500 4844 428 
685 584 4903 2944 
686 2885 4964 4789 
687 476 4779 3370 
688 2949 4770 59 
689 17 3015 446 
690 3712 3715 1838 
691 2944 4932 584 
692 2952 3124 512 
693 2945 4895 539 
694 2999 4849 441 
695 3721 4780 4347 
696 492 2987 2984 
697 534 4791 3095 
698 2942 4980 47 
699 529 4949 3580 
700 80 4948 2943 
701 2951 5020 471 
702 3056 5063 2673 
703 586 4774 3099 
704 1990 4829 4752 
705 2927 4857 487 
706 4685 4787 488 
707 3312 4726 1996 
708 2646 4810 4802 
709 2966 4711 510 
710 2920 3092 2192 
711 3008 3123 2248 
712 365 3091 364 
713 2974 3121 451 
714 487 5015 2927 
715 2940 4901 489 
716 3465 3466 1995 
717 3013 3499 541 
718 2938 4721 540 
719 512 4995 2954 
720 4862 4867 3098 
721 459 4786 2955 
722 2888 4796 3117 
723 3140 4877 3139 
724 597 4915 3913 
725 3903 4917 599 
726 3525 4322 2143 
727 484 4728 2941 
728 2961 4950 4865 
729 2656 4400 3742 
730 364 3091 435 
731 3023 4771 2222 
732 2962 4782 519 
733 2926 3499 3013 
734 2222 4848 3023 
735 2629 4182 3379 
736 3522 3527 1463 
737 2927 3105 2812 
738 3830 4849 4666 
739 3084 4972 4793 
740 3099 4957 586 
741 488 4807 4685 
742 3071 4756 3082 
743 3096 4750 596 
744 2590 3860 3859 
745 2248 3130 3008 
746 3205 4986 537 
747 3019 4827 2875 
748 2958 4968 487 
749 59 5011 2949 
750 3766 3767 1975 
751 4705 4819 3881 
752 2898 4538 3776 
753 3588 4950 2961 
754 1996 4922 3312 
755 316 4961 4909 
756 3074 3077 3076 
757 471 4776 2951 
758 4227 4283 496 
759 2979 4713 2980 
760 3126 4893 4853 
761 4696 4949 529 
762 4909 4961 2950 
763 477 3093 3000 
764 3586 4894 4865 
765 2919 4949 4696 
766 2630 3327 3089 
767 3088 5046 2915 
768 2183 4773 3075 
769 3105 4714 2812 
770 3279 4714 4708 
771 3078 4737 523 
772 3049 3050 524 
773 2950 4961 2916 
774 3321 5024 4665 
775 3504 4681 2946 
776 3085 4793 4722 
777 604 3123 601 
778 2203 3425 3420 
779 3092 3429 2817 
780 2607 5001 3884 
781 3881 4819 3882 
782 3765 3766 1975 
783 2941 4924 484 
784 92 4968 2959 
785 3037 4859 2641 
786 4817 4858 2220 
787 3117 4796 3118 
788 2590 3861 3860 
789 2915 4812 3088 
790 3884 4838 2607 
791 3109 4807 488 
792 3903 3904 532 
793 487 4857 2958 
794 1835 4706 3321 
795 77 4901 2957 
796 2589 4695 3882 
797 429 4926 4852 
798 2706 3100 2229 
799 3011 4943 2945 
800 463 4703 2947 
801 2915 3212 2632 
802 2963 4730 2965 
803 2676 4738 3006 
804 2613 4805 2612 
805 563 4247 3104 
806 549 4702 3913 
807 3147 4729 3780 
808 492 3110 2987 
809 447 3017 3016 
810 3095 4791 3096 
811 2913 5044 3742 
812 2959 4872 92 
813 543 5027 3050 
814 3075 4861 4800 
815 2671 4827 3026 
816 441 4849 3830 
817 2619 4710 3431 
818 208 4928 3002 
819 3006 4844 2334 
820 3089 3327 2609 
821 3002 3154 591 
822 3032 3039 3030 
823 3044 3103 3042 
824 3060 3062 545 
825 3071 3082 3069 
826 3066 3078 3064 
827 2956 4970 3370 
828 2932 4837 2998 
829 2969 4873 3117 
830 1538 4253 3118 
831 579 4780 3721 
832 3369 4271 2247 
833 2907 4983 3308 
834 1463 4874 3522 
835 84 3024 457 
836 87 3029 473 
837 57 3093 477 
838 27 3038 491 
839 30 3055 497 
840 33 3058 527 
841 2923 4612 2883 
842 2862 3882 2861 
843 3304 4972 514 
844 3446 4792 2889 
845 3894 4999 4080 
846 3067 4826 4752 
847 4078 4797 3855 
848 3050 4866 543 
849 2975 4716 582 
850 3525 4323 4322 
851 3576 4958 2634 
852 1525 4825 4808 
853 536 3127 2996 
854 3122 3271 2052 
855 4860 4960 3984 
856 2810 4735 3059 
857 3809 3810 2647 
858 3035 3101 3036 
859 3776 4811 2898 
860 3329 4918 2887 
861 3047 3103 3044 
862 3062 3063 2997 
863 2004 4617 3894 
864 3416 3424 3423 
865 3020 3094 3093 
866 2650 3700 3699 
867 2641 4977 3037 
868 3074 4773 3077 
869 4837 4963 2998 
870 4752 4829 3067 
871 587 5042 2924 
872 539 4895 3015 
873 2996 3195 536 
874 42 3076 513 
875 3029 3102 473 
876 2967 3118 2469 
877 3277 4834 4773 
878 3019 4902 447 
879 3548 4712 570 
880 3068 4826 3067 
881 3780 4891 3147 
882 3122 4990 3271 
883 3075 4773 3074 
884 3379 4775 2629 
885 511 5004 4222 
886 379 3132 378 
887 2882 4831 2943 
888 2650 4794 3700 
889 107 4320 3110 
890 2900 4981 3086 
891 4737 4829 3213 
892 3915 3916 2931 
893 2641 4859 2263 
894 519 5022 2962 
895 2993 4444 518 
896 3051 3262 3068 
897 2918 4737 3213 
898 2591 4749 3722 
899 2889 4967 3446 
900 3063 4886 1540 
901 2912 4997 3829 
902 2942 4787 2865 
903 583 4984 2973 
904 2977 4760 511 
905 3008 3009 3007 
906 2971 3132 564 
907 4852 4926 2903 
908 3289 4931 465 
909 4612 4842 2883 
910 3889 4955 2895 
911 3092 5062 3429 
912 2973 4890 583 
913 3912 4763 597 
914 599 4762 3901 
915 601 3123 600 
916 446 3015 3014 
917 2248 3123 604 
918 2791 4128 3154 
919 3057 4884 2612 
920 3375 4987 2685 
921 474 3101 3035 
922 4283 4832 496 
923 2471 4323 4245 
924 2882 4914 4831 
925 3076 3077 513 
926 514 4972 3084 
927 3717 3943 3711 
928 461 4586 2995 
929 4708 4714 3102 
930 3100 4761 2614 
931 3024 3186 457 
932 41 3076 42 
933 4759 4798 238 
934 1540 5006 3063 
935 3027 4606 4574 
936 2743 4720 3097 
937 3902 4962 2049 
938 3464 3466 3465 
939 4813 4840 3272 
940 2673 3126 3041 
941 3083 3085 547 
942 2360 4975 3009 
943 3569 4700 3571 
944 3007 3009 434 
945 3005 3006 538 
946 3609 4858 4817 
947 3025 3026 542 
948 3035 3036 3033 
949 3080 3081 526 
950 3087 3088 525 
951 3072 3073 546 
952 128 600 535 
953 130 3007 434 
954 11 3005 538 
955 122 3018 438 
956 15 3011 539 
957 120 3016 540 
958 118 3019 447 
959 19 3013 541 
960 116 3025 542 
961 3030 3039 23 
962 50 3035 3033 
963 3042 3103 62 
964 102 3080 526 
965 72 3087 525 
966 35 3060 545 
967 97 3086 520 
968 3069 3082 99 
969 3064 3078 67 
970 40 3072 546 
971 70 3079 548 
972 513 4822 4820 
973 2969 3117 2967 
974 453 4960 4860 
975 3366 4952 2258 
976 3131 3697 2357 
977 4735 4742 498 
978 3085 4856 547 
979 2028 5002 3573 
980 3024 4848 3186 
981 2632 3212 2638 
982 4818 4879 3529 
983 4820 4822 2864 
984 3461 5020 2437 
985 3455 4218 3454 
986 2924 4746 3841 
987 3744 4769 2768 
988 3464 3470 3466 
989 2852 4770 2949 
990 471 5020 3461 
991 3017 4902 2876 
992 2975 4964 2885 
993 3526 4155 1391 
994 577 4723 3716 
995 2991 3092 2920 
996 600 3123 535 
997 451 5016 3120 
998 3372 4788 558 
999 4712 4911 570 
1000 2685 4941 3375 
1001 2248 4718 3130 
1002 3097 4720 6 
1003 4156 4164 2443 
1004 3062 3122 3063 
1005 3028 4840 4813 
1006 555 4982 3137 
1007 2691 3376 2693 
1008 3086 4856 2900 
1009 3059 4735 104 
1010 465 4931 3020 
1011 83 3024 84 
1012 86 3029 87 
1013 56 3093 57 
1014 26 3038 27 
1015 29 3055 30 
1016 32 3058 33 
1017 3038 4761 491 
1018 3608 3609 2980 
1019 2403 4766 3886 
1020 2647 4802 3809 
1021 4745 4757 1757 
1022 564 3132 379 
1023 378 3132 464 
1024 4574 4606 2265 
1025 2680 3004 2957 
1026 3110 4320 2989 
1027 3079 3212 548 
1028 3865 4816 2899 
1029 4145 4573 1645 
1030 590 4590 350 
1031 518 4830 2993 
1032 2810 4742 4735 
1033 3855 5030 4078 
1034 3093 3094 3000 
1035 3126 4853 489 
1036 1391 4156 3526 
1037 4808 4825 3861 
1038 2812 4714 3279 
1039 590 3863 3862 
1040 427 3195 602 
1041 519 4782 3072 
1042 3066 4737 3078 
1043 3714 3716 3713 
1044 3125 4924 2941 
1045 1439 3715 1116 
1046 1838 3715 1439 
1047 3006 4738 538 
1048 3027 4574 458 
1049 108 3110 492 
1050 3716 4723 3717 
1051 2437 4945 3461 
1052 1088 3697 3131 
1053 107 3110 108 
1054 3130 4718 3131 
1055 2876 5005 3017 
1056 2048 4797 4078 
1057 454 3943 3717 
1058 3154 4128 2831 
1059 2791 3154 3002 
1060 4347 4715 3721 
1061 3890 4781 593 
1062 2979 5053 508 
1063 3466 3467 1995 
1064 4245 4323 1795 
1065 4322 4323 2471 
1066 2852 4868 4770 
1067 2835 4882 3714 
1068 541 4606 3027 
1069 460 4966 3288 
1070 2207 4994 3465 
1071 2247 4803 3369 
1072 3109 4820 2864 
1073 483 4940 2992 
1074 3499 4606 541 
1075 3713 3717 3711 
1076 4773 4834 3077 
1077 3010 5041 2910 
1078 3768 4810 3766 
1079 44 4820 3109 
1080 3569 4862 4700 
1081 3106 4851 2857 
1082 3012 4738 3119 
1083 2649 4836 3578 
1084 3081 4564 526 
1085 2360 3131 2357 
1086 2968 4711 2966 
1087 3049 3051 3050 
1088 3022 3024 83 
1089 3028 3029 86 
1090 3020 3093 56 
1091 3037 3038 26 
1092 3012 3119 437 
1093 3054 3055 29 
1094 3057 3058 32 
1095 3034 3089 3021 
1096 3039 3040 475 
1097 514 3084 3083 
1098 448 4748 3001 
1099 479 4971 2982 
1100 525 4850 3056 
1101 3861 3862 3860 
1102 3466 3470 3468 
1103 1985 3586 3585 
1104 3676 4888 1814 
1105 3075 4800 2183 
1106 3041 3126 489 
1107 3862 3864 590 
1108 3862 3863 3860 
1109 535 3123 3008 
1110 544 4843 3080 
1111 2976 5030 533 
1112 3864 4590 590 
1113 2995 4885 461 
1114 1391 4164 4156 
1115 2445 4156 2443 
1116 2430 4143 3243 
1117 37 4851 3106 
1118 3295 4914 2882 
1119 2939 3376 2691 
1120 2693 3376 2871 
1121 3632 4109 1385 
1122 2974 3243 3121 
1123 3053 5056 1787 
1124 3881 3882 2862 
1125 509 3125 3112 
1126 3112 3115 509 
1127 546 3076 41 
1128 4846 5082 1982 
1129 3051 4744 3262 
1130 3026 4876 2260 
1131 602 3195 2996 
1132 3945 4702 2923 
1133 2680 4537 3004 
1134 3087 5046 3088 
1135 129 3007 130 
1136 127 600 128 
1137 1 3097 6 
1138 10 3005 11 
1139 121 3018 122 
1140 14 3011 15 
1141 119 3016 120 
1142 117 3019 118 
1143 18 3013 19 
1144 115 3025 116 
1145 22 3030 23 
1146 49 3035 50 
1147 82 3022 83 
1148 85 3028 86 
1149 109 3114 110 
1150 55 3020 56 
1151 25 3037 26 
1152 88 3105 89 
1153 126 3195 427 
1154 44 3109 45 
1155 28 3054 29 
1156 61 3042 62 
1157 103 3059 104 
1158 31 3057 32 
1159 71 3087 72 
1160 101 3080 102 
1161 34 3060 35 
1162 96 3086 97 
1163 37 3106 38 
1164 98 3069 99 
1165 536 3195 125 
1166 66 3064 67 
1167 39 3072 40 
1168 69 3079 70 
1169 124 3010 536 
1170 538 3012 12 
1171 438 3010 123 
1172 13 3012 437 
1173 106 4320 107 
1174 541 3027 20 
1175 21 3027 458 
1176 460 3034 52 
1177 54 3021 465 
1178 51 3033 460 
1179 53 3034 3021 
1180 24 3039 475 
1181 75 3041 489 
1182 74 3056 3041 
1183 525 3056 73 
1184 63 3103 524 
1185 514 3083 94 
1186 68 3078 523 
1187 100 3082 544 
1188 95 3083 547 
1189 2898 4811 2897 
1190 2645 4794 2650 
1191 350 4590 349 
1192 2915 5046 3212 
1193 2143 4783 3525 
1194 3086 4981 520 
1195 3577 4725 515 
1196 2871 4798 4759 
1197 3414 4978 4212 
1198 2899 4984 3865 
1199 3029 4813 3102 
1200 2998 4963 439 
1201 3102 4813 2262 
1202 4018 4109 3632 
1203 3781 5082 4846 
1204 2945 4943 2643 
1205 3369 5040 4271 
1206 3073 3074 546 
1207 3136 4647 3296 
1208 4230 5012 3424 
1209 2981 4778 598 
1210 3033 4966 460 
1211 2927 5015 3105 
1212 3061 4990 3122 
1213 3243 4143 2061 
1214 2430 3243 2974 
1215 2674 3125 2941 
1216 3003 4799 567 
1217 334 3916 333 
1218 3112 3125 2674 
1219 3114 4954 110 
1220 3018 4913 438 
1221 3127 3128 2996 
1222 2351 3128 3127 
1223 2348 4318 2351 
1224 2972 4879 4818 
1225 2351 4318 3128 
1226 3232 3268 2990 
1227 3296 4647 1403 
1228 3058 4805 527 
1229 3381 4942 2670 
1230 3504 4304 3502 
1231 3267 4521 3268 
1232 473 4714 3105 
1233 3117 3118 2967 
1234 459 4876 3025 
1235 3244 4782 2962 
1236 3467 4757 4745 
1237 3268 4521 2990 
1238 3105 5015 89 
1239 2904 4954 3114 
1240 3466 3468 3467 
1241 3219 4664 2349 
1242 3522 4874 3523 
1243 3715 4698 1116 
1244 2959 4968 2958 
1245 2715 3155 2679 
1246 3833 4887 2896 
1247 3084 3085 3083 
1248 2715 3166 3155 
1249 514 4872 3304 
1250 7 4720 537 
1251 3637 4591 3636 
1252 3815 4682 4621 
1253 2682 3503 2681 
1254 3104 4767 563 
1255 540 4721 3018 
1256 333 3916 3915 
1257 532 3916 334 
1258 3774 4689 4639 
1259 1924 3797 3796 
1260 3070 4981 3255 
1261 3150 3151 794 
1262 2681 3503 3134 
1263 3134 3503 1121 
1264 622 4584 620 
1265 1924 3824 3797 
1266 3339 4518 3340 
1267 3151 3954 794 
1268 623 3824 627 
1269 3507 4686 4632 
1270 3124 3249 512 
1271 3697 4501 2696 
1272 629 3795 631 
1273 3470 4697 3468 
1274 2073 4261 3165 
1275 2865 3156 2654 
1276 2698 4508 3227 
1277 3121 4764 451 
1278 3150 3796 2273 
1279 3189 4092 2695 
1280 2946 4304 3504 
1281 2349 4318 2348 
1282 3286 4407 3285 
1283 2413 4092 3189 
1284 3178 4261 2073 
1285 1694 4309 1693 
1286 2853 4407 3286 
1287 614 3790 612 
1288 1088 4501 3697 
1289 3340 4518 2276 
1290 474 4839 3101 
1291 2718 3259 3238 
1292 3640 4588 2108 
1293 2697 4261 3178 
1294 3440 4244 1236 
1295 3503 3504 3502 
1296 2697 3178 2698 
1297 3171 3789 835 
1298 653 3566 624 
1299 3255 4944 3070 
1300 3609 4817 2980 
1301 3603 4244 3440 
1302 2202 3425 2203 
1303 1468 3595 1120 
1304 3854 4495 504 
1305 2836 3425 2202 
1306 2262 4708 3102 
1307 1175 3541 1177 
1308 3135 4636 1539 
1309 3434 4447 3435 
1310 1377 4591 3637 
1311 1121 3595 3134 
1312 105 4735 498 
1313 1336 3985 3172 
1314 4349 4352 2699 
1315 3133 4352 691 
1316 669 3174 671 
1317 691 4361 3133 
1318 2774 3603 3435 
1319 3144 4619 1375 
1320 3015 4681 3014 
1321 3178 4508 2698 
1322 2774 4244 3603 
1323 691 4352 4349 
1324 3296 4655 3141 
1325 1437 4521 3267 
1326 3135 4647 3136 
1327 835 3790 614 
1328 3165 3595 2073 
1329 3750 4390 4371 
1330 815 4350 3142 
1331 3148 4600 1292 
1332 3913 4915 549 
1333 532 4917 3903 
1334 3149 4580 1273 
1335 1835 4665 4661 
1336 3789 3790 835 
1337 3292 4476 2986 
1338 3142 4371 815 
1339 3152 4563 2422 
1340 3794 4562 830 
1341 3074 3076 546 
1342 3292 4507 1437 
1343 3142 4350 2699 
1344 3155 3166 2684 
1345 3161 3175 923 
1346 4092 4529 2695 
1347 3435 4447 2774 
1348 1539 4636 4627 
1349 4371 4390 815 
1350 3640 3954 3151 
1351 3082 4756 544 
1352 2273 3796 2525 
1353 4655 4661 3141 
1354 2512 4429 3191 
1355 3892 4999 3894 
1356 2699 4350 4349 
1357 3130 3131 2360 
1358 3418 4495 3854 
1359 2731 4174 3190 
1360 2731 3190 1955 
1361 3073 3075 3074 
1362 1693 4309 3166 
1363 1375 4619 4610 
1364 618 3986 616 
1365 3164 4309 1697 
1366 3149 4589 2717 
1367 671 3174 923 
1368 3791 4448 1298 
1369 3223 4252 3592 
1370 4507 4521 1437 
1371 794 3795 3150 
1372 923 3174 3161 
1373 1292 4600 4596 
1374 1341 4390 3750 
1375 3176 4281 3206 
1376 1217 3592 3220 
1377 3350 4558 1259 
1378 1296 4451 3153 
1379 2400 4252 3223 
1380 3156 3238 2654 
1381 1295 4425 3157 
1382 4589 4596 2717 
1383 1383 4577 4571 
1384 3592 4252 3220 
1385 3000 4869 477 
1386 3159 4525 1247 
1387 2084 3180 3179 
1388 2682 3504 3503 
1389 3163 3173 1165 
1390 661 3638 659 
1391 2084 3179 2707 
1392 2986 4476 4469 
1393 3350 4572 3349 
1394 1843 3567 1098 
1395 3168 3794 1298 
1396 621 3824 623 
1397 2571 3734 3597 
1398 1273 4580 4575 
1399 627 3824 1924 
1400 1924 3795 629 
1401 631 3795 794 
1402 1272 4595 4413 
1403 4572 4575 3349 
1404 835 3986 3171 
1405 2986 4507 3292 
1406 2715 3459 3166 
1407 2349 4664 4318 
1408 2091 3226 1511 
1409 2336 3181 1963 
1410 1577 3246 1637 
1411 4469 4476 1296 
1412 1637 3246 3184 
1413 498 4742 4741 
1414 3167 3225 1299 
1415 2718 3238 3156 
1416 1259 4558 4554 
1417 4429 4503 3191 
1418 1299 3196 3167 
1419 1298 4448 3168 
1420 3159 4550 2712 
1421 3153 4451 4442 
1422 2281 4537 3155 
1423 2091 4012 3226 
1424 3172 3986 1336 
1425 3166 3459 1693 
1426 795 4456 4059 
1427 2969 5013 554 
1428 3155 4537 2679 
1429 4489 4491 3170 
1430 3566 4584 622 
1431 1697 4549 3164 
1432 4550 4554 2712 
1433 853 4491 4489 
1434 2544 3175 2542 
1435 3653 4640 4563 
1436 2695 4529 3567 
1437 2084 3181 3180 
1438 3153 4469 1296 
1439 2980 4713 3608 
1440 2327 4466 3251 
1441 3337 4467 2272 
1442 2512 3191 3190 
1443 3166 4309 2684 
1444 2847 4732 4727 
1445 3795 3796 3150 
1446 3220 4559 1217 
1447 624 3566 622 
1448 1165 3566 653 
1449 3151 4588 3640 
1450 1165 3542 3163 
1451 1120 3595 1121 
1452 2422 4571 3152 
1453 4571 4577 3152 
1454 4442 4451 1295 
1455 1217 3541 1175 
1456 4484 4487 3162 
1457 3238 3259 1647 
1458 3113 4636 3135 
1459 3176 4448 3791 
1460 3285 4407 1650 
1461 1177 3541 1299 
1462 3791 4281 3176 
1463 1348 4487 4484 
1464 2073 3595 1468 
1465 3183 3188 1162 
1466 1697 4309 1694 
1467 795 4059 3542 
1468 1162 3214 3183 
1469 3225 4547 4269 
1470 2542 3175 3161 
1471 3716 3717 3713 
1472 3342 4357 2274 
1473 3157 4442 1295 
1474 3213 4829 1990 
1475 4596 4600 2717 
1476 3274 3508 1647 
1477 2696 4501 3790 
1478 2702 3274 3273 
1479 1247 4525 4520 
1480 1581 4483 1579 
1481 3281 4012 2091 
1482 3440 4510 3439 
1483 1347 4511 4502 
1484 3168 4562 3794 
1485 2709 4316 3290 
1486 2594 4659 4450 
1487 4145 4881 4573 
1488 3337 4518 3339 
1489 4610 4619 3148 
1490 2958 3197 2245 
1491 1273 4589 3149 
1492 2702 3508 3274 
1493 1637 4215 3273 
1494 1647 3508 3238 
1495 2628 4619 3144 
1496 1292 4610 3148 
1497 1963 3181 2084 
1498 4575 4580 3349 
1499 3015 4895 4681 
1500 4627 4636 3144 
1501 3819 4459 3492 
1502 3333 4330 2275 
1503 4510 4520 3439 
1504 3190 3191 1955 
1505 3783 4526 2109 
1506 4554 4558 2712 
1507 2102 3233 2327 
1508 3164 4549 4534 
1509 2102 3234 3233 
1510 1375 4627 3144 
1511 2705 3202 2706 
1512 1259 4572 3350 
1513 3643 4658 4552 
1514 164 3322 163 
1515 2865 4685 3156 
1516 1217 4559 3541 
1517 2284 3226 3177 
1518 3859 5029 2590 
1519 3273 4215 2702 
1520 616 3986 835 
1521 1539 4647 3135 
1522 1650 4378 3290 
1523 3134 3595 3165 
1524 3347 4580 3149 
1525 1579 3246 1577 
1526 2336 3182 3181 
1527 1511 3226 2284 
1528 1336 3986 618 
1529 3638 4456 795 
1530 3157 4425 3158 
1531 657 3542 655 
1532 2289 3698 2713 
1533 1247 4550 3159 
1534 3198 3237 2426 
1535 2624 4600 3148 
1536 3174 4480 3162 
1537 2340 3237 3198 
1538 1403 4655 3296 
1539 3179 3597 2707 
1540 2713 3698 3615 
1541 3169 4491 853 
1542 3184 4215 1637 
1543 659 3638 795 
1544 4480 4484 3162 
1545 1472 4447 3434 
1546 4781 4955 593 
1547 1162 3638 661 
1548 1472 4436 3187 
1549 3176 3206 3175 
1550 3344 4535 4357 
1551 2695 3567 1843 
1552 2736 4563 3152 
1553 673 3206 676 
1554 1650 4407 4378 
1555 4502 4511 3169 
1556 3207 3497 2614 
1557 1098 3567 2102 
1558 4661 4665 3141 
1559 4520 4525 3439 
1560 4336 4452 3214 
1561 2571 3597 3179 
1562 2366 3256 2362 
1563 3333 4402 3334 
1564 3158 4425 4413 
1565 853 4502 3169 
1566 2614 3497 1988 
1567 3170 4487 1348 
1568 2719 3307 2704 
1569 516 3322 164 
1570 1107 3939 3597 
1571 3415 4490 3852 
1572 3192 4190 1643 
1573 2366 3257 3256 
1574 3233 4466 2327 
1575 3636 4591 3189 
1576 3597 3734 1107 
1577 2633 3353 3294 
1578 504 4495 3852 
1579 2109 3939 1107 
1580 3160 4525 3159 
1581 1657 4555 3193 
1582 447 4902 3017 
1583 3790 4501 612 
1584 2272 4467 4434 
1585 3539 4205 1933 
1586 2274 4399 3342 
1587 3275 3307 2719 
1588 3227 4508 2731 
1589 434 4768 3097 
1590 1257 4425 1295 
1591 2798 4468 3630 
1592 4597 4599 800 
1593 4579 4607 1341 
1594 1492 4567 4436 
1595 3750 4579 1341 
1596 1236 4510 3440 
1597 2544 3176 3175 
1598 3302 4134 2287 
1599 3770 4461 3216 
1600 2426 3237 1913 
1601 3409 4464 3658 
1602 620 4584 1336 
1603 1348 4489 3170 
1604 1214 3964 1184 
1605 3203 4462 1045 
1606 2705 3208 3202 
1607 3542 4059 3163 
1608 163 3322 3319 
1609 1101 3458 3210 
1610 2276 4534 3340 
1611 937 3458 1101 
1612 3797 4607 4579 
1613 4402 4434 3334 
1614 4534 4549 3340 
1615 1845 3331 3228 
1616 4482 4503 799 
1617 1664 3498 1990 
1618 3290 4378 2709 
1619 1990 3498 3213 
1620 3271 3536 3270 
1621 2684 4309 3164 
1622 2720 4147 3867 
1623 4190 4477 1625 
1624 3215 3216 1926 
1625 2613 3536 3271 
1626 1045 4462 988 
1627 3194 4408 801 
1628 2272 4518 3337 
1629 3351 4558 3350 
1630 3407 4307 3495 
1631 2223 3208 1537 
1632 3958 4158 3650 
1633 4298 4316 2709 
1634 1646 4513 3201 
1635 3489 4367 3487 
1636 3193 4555 2935 
1637 3495 4307 3494 
1638 3328 4014 3326 
1639 1579 4483 3246 
1640 669 4480 3174 
1641 4434 4467 3334 
1642 2349 3694 3219 
1643 730 3818 732 
1644 3197 3307 2245 
1645 3408 4409 3547 
1646 3231 3268 3232 
1647 2288 4204 3725 
1648 3557 4104 3554 
1649 1643 4316 4298 
1650 4598 4604 3180 
1651 2257 3581 3222 
1652 2719 3280 3275 
1653 3564 3606 1895 
1654 3198 3589 2340 
1655 3219 3694 3235 
1656 1813 3268 3231 
1657 1349 4158 3958 
1658 2275 4402 3333 
1659 1220 3947 1218 
1660 2318 3751 3358 
1661 1698 4549 1697 
1662 163 3319 162 
1663 3187 4447 1472 
1664 3336 4467 3337 
1665 3725 4204 2799 
1666 663 3214 1162 
1667 2748 4506 3199 
1668 923 3206 673 
1669 3205 3256 2884 
1670 3796 3797 2525 
1671 3266 4457 2521 
1672 665 3214 663 
1673 3302 4206 3303 
1674 3558 4110 1892 
1675 1279 3770 3650 
1676 887 3589 3242 
1677 3173 3566 1165 
1678 4490 4582 462 
1679 2876 3606 3564 
1680 1721 4457 3266 
1681 2103 4344 4321 
1682 3301 4134 3302 
1683 2288 3698 3200 
1684 3557 3558 1892 
1685 2362 3256 3205 
1686 3245 3801 2314 
1687 3575 3583 3574 
1688 1642 4445 3209 
1689 3181 4598 3180 
1690 3171 3986 3172 
1691 2714 4130 3291 
1692 3208 4140 1537 
1693 2784 4459 3819 
1694 2582 3801 3245 
1695 3650 4158 1279 
1696 2366 3328 3257 
1697 3574 3583 517 
1698 4633 4668 3662 
1699 2511 4420 3934 
1700 1643 4298 3192 
1701 1474 3490 1152 
1702 3167 4547 3225 
1703 3818 3819 3492 
1704 3680 4475 1045 
1705 3306 3724 2716 
1706 4568 4578 1839 
1707 655 3542 1165 
1708 3560 4168 3520 
1709 3200 4204 2288 
1710 2698 3227 2722 
1711 2275 4330 4228 
1712 3201 4513 2694 
1713 3200 3698 2289 
1714 3235 3694 1883 
1715 3485 3490 1474 
1716 1260 3813 3224 
1717 795 3542 657 
1718 4519 4524 1842 
1719 3887 4392 2789 
1720 2704 3307 3197 
1721 3583 3585 3584 
1722 3175 3206 923 
1723 3222 3581 2724 
1724 2713 3615 3614 
1725 3294 3353 1677 
1726 2318 3358 3357 
1727 3202 3208 2223 
1728 2392 3443 3218 
1729 1713 4276 3240 
1730 3559 4168 3560 
1731 4228 4330 3303 
1732 1101 4029 3614 
1733 1988 3497 2714 
1734 3332 4330 3333 
1735 3270 3536 1455 
1736 1152 3490 1154 
1737 3482 4301 3479 
1738 3852 4495 3415 
1739 830 4562 3819 
1740 904 4416 935 
1741 1270 4476 3292 
1742 1470 4367 3489 
1743 3482 3485 1474 
1744 4321 4344 3539 
1745 3614 4029 2713 
1746 4206 4228 3303 
1747 935 3458 937 
1748 3228 3655 1845 
1749 3680 4485 4475 
1750 825 3817 3491 
1751 4443 4464 3409 
1752 3491 3817 3492 
1753 2301 3563 2721 
1754 2491 4440 3324 
1755 3693 4314 3692 
1756 2118 4406 1119 
1757 2508 4471 2850 
1758 4413 4595 3158 
1759 2730 4081 3974 
1760 3305 3306 2716 
1761 3214 4452 3183 
1762 3240 4276 3241 
1763 3217 4224 1431 
1764 2731 4508 4174 
1765 3188 3638 1162 
1766 3281 4049 3282 
1767 2786 3555 2321 
1768 3634 3635 3282 
1769 4408 4496 1133 
1770 3210 4029 1101 
1771 1628 4289 3230 
1772 2109 4526 3939 
1773 834 3432 846 
1774 4621 4682 755 
1775 4540 4555 1657 
1776 3231 3792 1813 
1777 3293 3294 1677 
1778 402 3249 401 
1779 522 3316 3315 
1780 1862 3359 1860 
1781 2091 4049 3281 
1782 1266 4451 1296 
1783 1537 4140 1449 
1784 3459 4208 1689 
1785 3341 4357 3342 
1786 1678 3293 1677 
1787 1933 4321 3539 
1788 1299 3225 1179 
1789 1666 3498 1664 
1790 3658 4464 3657 
1791 2312 3813 1260 
1792 825 3972 3836 
1793 3502 4304 1431 
1794 3974 4081 1699 
1795 2721 3563 3427 
1796 522 3317 3316 
1797 2442 3851 3241 
1798 1184 3964 1182 
1799 1344 4381 808 
1800 3491 3972 825 
1801 2366 4014 3328 
1802 1123 3328 3326 
1803 3867 4147 2711 
1804 3239 3813 2312 
1805 801 4429 3194 
1806 2302 3346 3229 
1807 1179 3225 1181 
1808 1131 4433 3221 
1809 1892 4104 3557 
1810 3630 4468 1695 
1811 1926 3947 3215 
1812 3242 3589 3198 
1813 3763 3765 3627 
1814 3290 4316 1616 
1815 3160 3441 3438 
1816 1926 3964 1214 
1817 3206 4281 676 
1818 4357 4535 2274 
1819 891 3589 888 
1820 1474 4301 3482 
1821 3356 4205 3539 
1822 2524 4517 4417 
1823 3209 4445 2690 
1824 1373 4202 3532 
1825 3101 5021 3036 
1826 3244 3752 2031 
1827 3345 3538 3356 
1828 830 3818 730 
1829 2716 3730 3305 
1830 246 4034 517 
1831 3227 3432 2722 
1832 3547 4409 3546 
1833 3497 4130 2714 
1834 1789 3346 2302 
1835 3356 3539 3345 
1836 3838 4315 2382 
1837 3683 3952 2095 
1838 3216 3964 1926 
1839 3682 3952 3683 
1840 3599 4338 3600 
1841 1146 3493 1148 
1842 3575 3585 3583 
1843 732 3818 3817 
1844 3199 4506 2148 
1845 2287 4206 3302 
1846 2392 4012 3281 
1847 1933 4205 4146 
1848 3852 4490 419 
1849 1479 3493 1146 
1850 1585 3506 1583 
1851 3265 4514 3266 
1852 3626 3763 3627 
1853 2720 3867 3506 
1854 1299 3541 3196 
1855 3298 4351 2730 
1856 1218 3947 1926 
1857 3836 3972 3484 
1858 2375 4274 3816 
1859 1086 4325 1123 
1860 3658 4479 3409 
1861 4486 4513 1646 
1862 3476 3477 1479 
1863 1883 3544 3235 
1864 3247 4381 1344 
1865 3532 4202 2524 
1866 436 3763 3626 
1867 2345 4314 3693 
1868 1142 3481 1144 
1869 3330 3331 1845 
1870 2108 4588 3223 
1871 3635 3691 3282 
1872 517 4034 3574 
1873 801 4503 4429 
1874 3477 3493 1479 
1875 2715 4208 3459 
1876 1541 3361 1540 
1877 1279 4461 3770 
1878 3291 3540 2714 
1879 3835 3836 3484 
1880 3584 3588 3587 
1881 4146 4205 3358 
1882 4382 4409 3408 
1883 2659 3563 2301 
1884 522 3315 161 
1885 401 3249 552 
1886 2321 3555 3236 
1887 1622 3285 1650 
1888 512 3249 402 
1889 3563 3564 1895 
1890 1342 4392 3887 
1891 1424 3330 1845 
1892 1260 3947 1220 
1893 3218 4012 2392 
1894 3192 4477 4190 
1895 3555 3557 3554 
1896 3835 4255 805 
1897 1372 4436 1472 
1898 3814 4039 3501 
1899 2727 3731 3537 
1900 3547 4464 4443 
1901 162 3319 522 
1902 2463 4353 4131 
1903 3230 4289 3496 
1904 3282 4049 3634 
1905 3324 4440 1560 
1906 3160 3927 3441 
1907 3357 3359 2318 
1908 3253 4340 2729 
1909 3851 3968 3241 
1910 1530 3346 1789 
1911 2736 3729 3654 
1912 2718 3977 3259 
1913 3654 3729 1159 
1914 746 4433 1131 
1915 3224 3947 1260 
1916 2107 3952 3682 
1917 1706 3336 1705 
1918 801 4408 789 
1919 2318 3359 1862 
1920 3241 4276 2442 
1921 2102 3567 3234 
1922 1583 3506 1615 
1923 2721 3427 3426 
1924 1643 4190 1607 
1925 2327 3251 2737 
1926 3421 3866 562 
1927 3300 3301 1723 
1928 1763 3968 3851 
1929 1907 3556 3236 
1930 846 3432 3227 
1931 2201 3255 2900 
1932 3287 4406 2118 
1933 1727 3300 1723 
1934 3604 4403 3605 
1935 1745 3269 1784 
1936 3456 3457 3393 
1937 3600 4338 1937 
1938 2749 4391 3230 
1939 3441 3927 1812 
1940 3336 3337 1705 
1941 3236 3555 1907 
1942 1813 3792 1289 
1943 3280 4137 1736 
1944 3261 3262 1787 
1945 4531 4544 1734 
1946 148 3367 481 
1947 3565 4386 4261 
1948 3264 3266 2521 
1949 1668 4265 1666 
1950 3395 3456 3393 
1951 1845 3655 1426 
1952 665 4336 3214 
1953 3605 4403 974 
1954 3366 3368 3367 
1955 2719 4137 3280 
1956 3547 4443 3408 
1957 859 4256 843 
1958 4419 4445 1642 
1959 1045 4475 3203 
1960 2639 3278 2000 
1961 4506 4570 1100 
1962 3253 3254 1351 
1963 2786 3557 3555 
1964 892 3669 911 
1965 186 3678 573 
1966 436 3773 193 
1967 3816 4274 2584 
1968 3626 3773 436 
1969 3242 4415 887 
1970 935 4416 3458 
1971 1131 4452 4336 
1972 1680 4226 1678 
1973 3359 4073 1860 
1974 2376 3553 3551 
1975 976 3443 2392 
1976 3679 4166 3352 
1977 1431 4304 3217 
1978 187 3678 186 
1979 1720 3301 1724 
1980 472 3380 265 
1981 3484 4255 3835 
1982 4135 4224 3217 
1983 4073 4273 1207 
1984 2556 3351 2041 
1985 1678 4226 3293 
1986 2364 4262 4133 
1987 3275 3280 1742 
1988 1113 4089 3537 
1989 696 3258 698 
1990 4449 4546 685 
1991 1649 3261 1787 
1992 3682 3684 2107 
1993 1351 3258 3253 
1994 456 3470 3469 
1995 843 3432 834 
1996 3494 4307 562 
1997 2000 3278 1561 
1998 1455 4223 1452 
1999 3934 4420 1044 
2000 4453 4473 854 
2001 2312 3814 3239 
2002 3251 4466 2772 
2003 3528 4030 450 
2004 633 3954 635 
2005 3367 3368 481 
2006 3196 4559 4302 
2007 498 4741 4320 
2008 2314 4328 3245 
2009 2340 3589 891 
2010 1113 4224 4135 
2011 463 3448 179 
2012 1199 3556 1239 
2013 3391 3457 3414 
2014 3751 4146 3358 
2015 3265 4531 4514 
2016 3300 4134 3301 
2017 1571 3274 1647 
2018 3553 3992 1480 
2019 3594 4237 1976 
2020 1437 3267 1284 
2021 887 4415 845 
2022 3495 4409 4382 
2023 2564 4315 3838 
2024 2762 4418 3240 
2025 3301 3302 1724 
2026 2724 3581 3269 
2027 2772 4455 3237 
2028 1144 3481 1479 
2029 3276 4183 3443 
2030 456 3469 269 
2031 1981 4185 3507 
2032 3254 3962 1351 
2033 2325 3331 3330 
2034 3199 4519 2748 
2035 3352 4166 2407 
2036 3199 4524 4519 
2037 2376 3992 3553 
2038 3305 3730 1599 
2039 888 3589 887 
2040 2838 4175 2385 
2041 3306 4199 3724 
2042 1447 3562 1111 
2043 3225 4269 1181 
2044 160 3315 3313 
2045 2018 3272 2878 
2046 2812 3279 2089 
2047 3584 3587 3582 
2048 2436 3496 2435 
2049 1666 4265 3498 
2050 1456 3270 1455 
2051 3303 3338 1724 
2052 1747 3269 1745 
2053 1305 3701 3252 
2054 3356 3538 3354 
2055 3259 3977 1567 
2056 2031 3752 1550 
2057 3317 3598 3316 
2058 1166 3950 3263 
2059 3443 4183 3218 
2060 374 3528 450 
2061 1132 3601 3250 
2062 4632 4686 817 
2063 2726 3640 3639 
2064 393 3577 515 
2065 3416 3423 3388 
2066 450 4168 3559 
2067 3817 3818 3492 
2068 3545 3968 1763 
2069 3474 3737 3475 
2070 3263 3733 1166 
2071 3551 3552 2376 
2072 2027 3255 2201 
2073 2214 3283 2955 
2074 4438 4457 1721 
2075 3252 3971 1305 
2076 1615 4483 1581 
2077 873 3726 909 
2078 698 3258 1351 
2079 1159 3729 3645 
2080 2609 3327 2063 
2081 3505 3506 1585 
2082 1431 4224 1027 
2083 2278 3295 2882 
2084 1709 3336 1706 
2085 3335 3336 1709 
2086 3532 4417 3531 
2087 2350 3613 1904 
2088 2404 3814 3501 
2089 4131 4353 2483 
2090 1869 4057 3426 
2091 2745 4333 4306 
2092 897 3591 3590 
2093 1724 3338 1718 
2094 3251 3669 2737 
2095 1783 3602 2140 
2096 4370 4481 2365 
2097 2312 4039 3814 
2098 2270 3349 3348 
2099 868 3552 774 
2100 2652 3508 2702 
2101 3426 4057 2721 
2102 1123 4325 3328 
2103 3684 3930 2107 
2104 3536 4223 1455 
2105 4454 4459 2784 
2106 3321 3598 3317 
2107 1079 4066 3601 
2108 1723 3301 1720 
2109 1113 4135 4089 
2110 3453 3454 3404 
2111 1240 3343 3341 
2112 3487 4367 3490 
2113 3191 4503 4482 
2114 926 4165 901 
2115 1556 3277 2183 
2116 3393 3457 3391 
2117 3582 3587 244 
2118 667 4336 665 
2119 3449 3453 3404 
2120 4563 4640 2422 
2121 2671 3323 2054 
2122 2772 4466 4455 
2123 1479 3481 3476 
2124 3250 4086 1132 
2125 2660 3613 3260 
2126 4639 4689 878 
2127 3315 3316 3314 
2128 2041 3351 2043 
2129 3364 3369 3365 
2130 3359 4273 4073 
2131 149 3367 148 
2132 1544 3361 1541 
2133 1711 3335 1709 
2134 3364 3365 557 
2135 1905 3606 2196 
2136 1239 3556 1907 
2137 1968 4343 2168 
2138 979 3276 977 
2139 2703 3294 3293 
2140 3747 3748 3143 
2141 2256 3304 2959 
2142 3760 3804 502 
2143 160 3313 159 
2144 3685 3930 3684 
2145 3507 4185 2585 
2146 1780 3360 3298 
2147 897 3642 3591 
2148 1677 3353 1674 
2149 613 4350 815 
2150 1624 3285 1622 
2151 397 3579 3578 
2152 3761 3804 3760 
2153 251 3308 551 
2154 3339 3340 1701 
2155 2521 3602 3264 
2156 2270 3348 2045 
2157 3354 3538 1230 
2158 157 3309 553 
2159 3138 3296 3141 
2160 3388 3423 3386 
2161 2730 4351 4081 
2162 3867 4499 1615 
2163 3194 4496 4408 
2164 899 3691 3635 
2165 265 3380 264 
2166 2089 3279 1827 
2167 3537 3731 961 
2168 3332 3333 1725 
2169 553 3325 156 
2170 161 3315 160 
2171 3276 3443 977 
2172 4751 4754 3032 
2173 1142 4133 3481 
2174 1280 3292 1437 
2175 2720 3505 1852 
2176 3701 4187 2742 
2177 2621 3347 3149 
2178 1852 3505 1592 
2179 3677 3678 187 
2180 3804 3806 3805 
2181 3793 4478 4430 
2182 911 3669 3251 
2183 2654 3508 2652 
2184 2395 4120 3590 
2185 2514 4284 3596 
2186 1615 4499 4483 
2187 3313 3315 3314 
2188 561 3378 3377 
2189 3374 3375 560 
2190 3316 3318 3314 
2191 4404 4415 3242 
2192 1449 4140 1447 
2193 3783 3802 2728 
2194 391 3329 554 
2195 2561 4237 3594 
2196 3495 4382 3407 
2197 247 4034 246 
2198 3238 3508 2654 
2199 179 3448 178 
2200 2749 4419 4391 
2201 562 3866 411 
2202 1181 4269 1183 
2203 2250 3289 2609 
2204 3537 4089 2727 
2205 1764 3545 1763 
2206 3543 4068 3544 
2207 1038 3540 3291 
2208 3544 4068 3235 
2209 3479 4301 3493 
2210 3612 4071 2744 
2211 4133 4262 3481 
2212 2322 2323 1989 
2213 2046 3371 2334 
2214 794 3954 633 
2215 4614 4630 3785 
2216 4278 4333 2745 
2217 2714 3540 1850 
2218 2297 2298 1834 
2219 1037 3291 1392 
2220 2012 2632 2029 
2221 565 3446 3445 
2222 2297 3655 3228 
2223 3662 3966 3661 
2224 1513 4328 2314 
2225 3341 3342 1272 
2226 269 3469 268 
2227 1527 3655 2297 
2228 2302 3255 2027 
2229 2065 3327 2630 
2230 2741 4127 3733 
2231 2196 3606 2876 
2232 1145 3645 1143 
2233 396 3578 521 
2234 2729 4340 4051 
2235 2075 3295 2278 
2236 843 4256 3432 
2237 188 3677 187 
2238 1714 3332 1725 
2239 2299 2300 2037 
2240 2747 4288 3297 
2241 193 3773 192 
2242 2606 2810 2300 
2243 1064 4397 4312 
2244 1780 3298 1994 
2245 1850 3540 1094 
2246 3419 3535 3534 
2247 2610 2970 2223 
2248 3569 3571 3570 
2249 260 3611 3610 
2250 3311 3312 3310 
2251 1987 2223 1537 
2252 2725 3222 2724 
2253 1520 2052 1518 
2254 2376 3552 868 
2255 3571 3573 3572 
2256 2525 4579 3749 
2257 1191 3659 1204 
2258 1987 2610 2223 
2259 1901 4474 4472 
2260 3245 4328 4326 
2261 530 3569 3568 
2262 556 3363 407 
2263 150 3364 557 
2264 4180 4259 1453 
2265 1546 1989 1544 
2266 1778 2067 1788 
2267 977 3443 976 
2268 2297 2859 2298 
2269 566 3463 3462 
2270 1884 3427 1895 
2271 2201 2900 2837 
2272 384 3372 558 
2273 559 3373 173 
2274 1689 3433 1686 
2275 3612 4202 1373 
2276 528 3310 3309 
2277 2632 2638 2029 
2278 3436 3437 1966 
2279 901 3669 892 
2280 2063 3327 1858 
2281 2054 3323 2055 
2282 375 3528 374 
2283 2237 3288 2239 
2284 1877 3544 1883 
2285 2067 2098 1788 
2286 2439 3496 2436 
2287 1451 1987 1537 
2288 1775 2725 2724 
2289 2256 2959 2958 
2290 2058 2256 2245 
2291 1730 3300 1727 
2292 2705 3561 3208 
2293 2322 2962 2323 
2294 3390 3422 3416 
2295 3397 3449 3404 
2296 3596 4284 1352 
2297 517 3583 3582 
2298 1784 2058 1829 
2299 3284 3286 3285 
2300 1422 3330 1424 
2301 1808 3436 1966 
2302 3352 4278 2745 
2303 1702 3339 1701 
2304 3509 3510 568 
2305 408 3383 556 
2306 1752 3360 1754 
2307 1689 4208 3433 
2308 1775 2724 1771 
2309 1789 2302 2027 
2310 2323 2857 2324 
2311 1421 2037 1422 
2312 3509 3529 3510 
2313 1552 2031 1550 
2314 1451 1537 1449 
2315 235 3374 560 
2316 561 3377 263 
2317 3284 3285 1624 
2318 174 3430 559 
2319 558 3428 383 
2320 2098 2673 2672 
2321 3475 3737 3478 
2322 3692 4314 3297 
2323 1248 3341 1272 
2324 1546 2322 1989 
2325 3267 3268 1813 
2326 2058 2245 1829 
2327 3320 3321 3317 
2328 2012 2029 1671 
2329 2322 3752 3244 
2330 3587 3588 507 
2331 1527 2297 1834 
2332 2195 3347 2621 
2333 3690 3962 3254 
2334 3793 4430 2118 
2335 2256 2958 2245 
2336 240 3607 505 
2337 1197 3556 1199 
2338 4306 4333 2454 
2339 1754 3360 1780 
2340 3590 4120 897 
2341 1904 3613 1903 
2342 1778 1788 1683 
2343 1546 3752 2322 
2344 2232 2864 2639 
2345 2680 2957 2940 
2346 1672 2012 1671 
2347 1784 1829 1744 
2348 2268 3370 2615 
2349 3453 3455 3454 
2350 2370 3966 3662 
2351 1250 3538 3345 
2352 1851 2229 1988 
2353 259 3610 506 
2354 856 3726 873 
2355 2762 4438 4418 
2356 1810 3441 1812 
2357 2633 2915 2632 
2358 2680 2940 2331 
2359 2001 2232 2000 
2360 1556 2183 1554 
2361 3601 4066 3250 
2362 909 3726 3686 
2363 2811 2927 2812 
2364 3297 4288 1059 
2365 3437 3603 3440 
2366 3436 3603 3437 
2367 3524 3533 3519 
2368 1527 1834 1528 
2369 146 3444 563 
2370 1691 4184 4113 
2371 1749 1827 1750 
2372 1735 1749 1739 
2373 3260 3613 2350 
2374 506 3609 3608 
2375 1652 3261 1649 
2376 565 3445 177 
2377 2755 4296 3799 
2378 3799 4296 1951 
2379 1561 3278 1558 
2380 361 3975 502 
2381 2229 2614 1988 
2382 1421 3792 2299 
2383 3404 3456 3395 
2384 1851 1988 1850 
2385 569 3547 3546 
2386 3302 3303 1724 
2387 1827 3279 1828 
2388 1558 3277 1556 
2389 1789 2027 1818 
2390 1786 3602 1783 
2391 1472 3434 1410 
2392 2299 3792 3231 
2393 2338 3500 2933 
2394 2052 3271 3270 
2395 1201 4327 2454 
2396 3326 3633 1123 
2397 3386 3423 3420 
2398 1112 1851 1850 
2399 2027 2201 2184 
2400 3385 3386 3384 
2401 412 3494 562 
2402 1649 1787 1639 
2403 1883 4115 1875 
2404 1654 1661 1652 
2405 3731 4107 985 
2406 1255 4425 1257 
2407 2882 2943 2642 
2408 1421 2299 2037 
2409 231 3460 567 
2410 566 3462 267 
2411 1573 3274 1571 
2412 1632 1658 1630 
2413 1664 1990 1662 
2414 192 4101 191 
2415 2201 2837 2602 
2416 1622 1650 1620 
2417 495 3369 3364 
2418 3784 3802 3783 
2419 3530 3531 1492 
2420 2726 3954 3640 
2421 2140 3602 2521 
2422 2299 2606 2300 
2423 1661 3261 1652 
2424 1291 1421 1404 
2425 3543 3544 1879 
2426 2666 3000 2448 
2427 1252 3946 1246 
2428 2852 2949 2668 
2429 482 3384 3383 
2430 2987 3110 2989 
2431 1232 3538 1250 
2432 2212 3283 2214 
2433 3519 3533 3514 
2434 1563 2000 1561 
2435 1204 3659 2522 
2436 1287 1813 1289 
2437 774 3552 770 
2438 1820 3371 2046 
2439 635 3954 2726 
2440 3733 4127 1166 
2441 3561 4140 3208 
2442 3639 3979 2726 
2443 1159 3645 1145 
2444 2525 3749 2077 
2445 1284 3267 1287 
2446 766 3736 797 
2447 3736 3737 3474 
2448 1630 3284 1624 
2449 3337 3339 1705 
2450 3718 3943 454 
2451 1424 1845 1426 
2452 1037 1392 1130 
2453 3377 3381 486 
2454 1428 1527 1430 
2455 3559 3560 572 
2456 2811 2812 2089 
2457 1112 1850 1094 
2458 1749 1750 1739 
2459 3382 3944 2739 
2460 3530 3532 3531 
2461 1742 3280 1738 
2462 3427 3563 1895 
2463 1670 1671 1668 
2464 1857 1858 1856 
2465 3419 3534 3405 
2466 2342 3499 2926 
2467 1528 3346 1530 
2468 3768 3918 503 
2469 1610 1643 1607 
2470 3387 3388 3386 
2471 2749 4445 4419 
2472 1558 3278 3277 
2473 3823 4192 3811 
2474 1280 1437 1284 
2475 1857 2063 1858 
2476 3316 3598 3318 
2477 1969 2263 1970 
2478 2704 2811 2089 
2479 1392 1969 1393 
2480 376 3509 568 
2481 2653 2942 2865 
2482 2252 3289 2250 
2483 369 3700 444 
2484 528 3311 3310 
2485 1270 3292 1280 
2486 2720 3506 3505 
2487 3138 3141 3140 
2488 2617 2904 2663 
2489 1735 1739 1732 
2490 3529 3846 3510 
2491 2328 2329 2067 
2492 3569 3570 3568 
2493 1367 3530 1492 
2494 2257 3304 2256 
2495 1684 1778 1683 
2496 1848 2262 1991 
2497 1530 1789 1532 
2498 1827 1828 1750 
2499 1605 1625 1601 
2500 2250 2609 2063 
2501 3746 4287 2459 
2502 1991 3272 2018 
2503 445 3677 188 
2504 1855 1856 1854 
2505 3571 3572 3570 
2506 3136 3296 3138 
2507 1855 1857 1856 
2508 1853 3730 2716 
2509 2843 4259 4180 
2510 502 3975 3760 
2511 2630 3288 2237 
2512 1266 1296 1268 
2513 3282 3691 2391 
2514 912 3686 1052 
2515 2088 2089 1827 
2516 2727 4107 3731 
2517 3273 3274 1573 
2518 1738 3280 1736 
2519 3501 3917 2404 
2520 909 3686 912 
2521 1518 3270 1456 
2522 2065 2630 2237 
2523 2937 3193 2935 
2524 2291 3101 2651 
2525 4030 4168 450 
2526 2278 2642 2279 
2527 1037 1130 1007 
2528 1305 4187 3701 
2529 3389 3390 3388 
2530 1287 3267 1813 
2531 1676 1677 1674 
2532 3428 3429 469 
2533 2278 2882 2642 
2534 1733 1735 1732 
2535 1595 3730 1853 
2536 1392 1393 1130 
2537 1858 3327 2065 
2538 2705 2706 2229 
2539 1853 1854 1852 
2540 1257 1295 1264 
2541 2018 2878 2020 
2542 2391 3691 970 
2543 2611 2612 2610 
2544 470 3431 3430 
2545 2740 3965 3362 
2546 3583 3584 3582 
2547 1361 4071 3612 
2548 1620 3290 1616 
2549 2621 2717 2622 
2550 4113 4184 2450 
2551 3414 3422 3390 
2552 1767 3545 1764 
2553 3113 3135 3116 
2554 1745 1784 1744 
2555 2688 2749 2687 
2556 2833 3201 2694 
2557 1969 1970 1393 
2558 1853 1855 1854 
2559 2012 3353 2633 
2560 3365 3366 557 
2561 1595 1852 1592 
2562 1155 4084 1494 
2563 3390 3416 3388 
2564 1563 2001 2000 
2565 2214 2955 2267 
2566 1070 3502 1431 
2567 1970 3442 1972 
2568 3391 3414 3390 
2569 1450 1451 1449 
2570 1658 3284 1630 
2571 805 4255 3737 
2572 1595 1853 1852 
2573 2232 2639 2000 
2574 776 3642 778 
2575 1048 3565 2697 
2576 2270 3350 3349 
2577 2022 2222 2024 
2578 3403 3450 3449 
2579 946 3784 949 
2580 2628 3144 2675 
2581 3386 3420 3384 
2582 3747 4094 1897 
2583 2955 2956 2267 
2584 1772 1775 1771 
2585 3462 3471 472 
2586 1302 3978 2404 
2587 3378 3381 3377 
2588 1714 1725 1711 
2589 3673 3674 3672 
2590 1237 3343 1240 
2591 1211 3354 1230 
2592 2098 2672 2313 
2593 482 3866 3385 
2594 2263 3442 1970 
2595 2491 3324 2605 
2596 1743 1744 1742 
2597 1731 1732 1730 
2598 3221 4452 1131 
2599 2001 2264 2232 
2600 1448 1449 1447 
2601 1571 1647 1569 
2602 468 3495 3494 
2603 976 2392 2391 
2604 530 3568 248 
2605 304 3718 454 
2606 2262 3272 1991 
2607 529 3579 398 
2608 1879 3544 1877 
2609 3291 4130 1392 
2610 1716 3332 1714 
2611 518 3308 252 
2612 528 3309 158 
2613 1625 3306 3305 
2614 3761 3806 3804 
2615 913 3849 920 
2616 1771 3269 1747 
2617 372 3559 572 
2618 4436 4567 3187 
2619 2692 3209 2690 
2620 2330 2331 2329 
2621 2026 3295 2075 
2622 1248 1272 1253 
2623 3641 4159 1043 
2624 1893 3606 1905 
2625 142 3548 570 
2626 569 3546 415 
2627 2624 3148 2626 
2628 521 3576 395 
2629 575 3617 3616 
2630 2300 2325 2037 
2631 805 3736 766 
2632 1519 1520 1518 
2633 2075 2278 2277 
2634 779 3670 2365 
2635 3450 3453 3449 
2636 1682 1683 1680 
2637 3549 3550 792 
2638 155 3325 511 
2639 1521 1540 1520 
2640 2293 2641 2263 
2641 1873 3427 1884 
2642 3362 3769 2740 
2643 1881 3543 1879 
2644 517 3582 245 
2645 781 3670 779 
2646 2739 3663 3382 
2647 1008 1037 1007 
2648 3576 3577 394 
2649 2453 3770 3216 
2650 2487 4159 3641 
2651 3333 3334 1725 
2652 1720 1724 1718 
2653 1426 3655 1428 
2654 482 3385 3384 
2655 2105 2260 2212 
2656 3694 4115 1883 
2657 1861 3554 1863 
2658 2679 2680 2331 
2659 1079 3601 1081 
2660 1569 3259 1567 
2661 2173 2265 2174 
2662 3599 3600 2500 
2663 1240 3341 1248 
2664 3143 4094 3747 
2665 1038 3291 1037 
2666 3604 3605 2548 
2667 901 4165 3669 
2668 2196 2875 2671 
2669 2260 3283 2212 
2670 3769 3951 1323 
2671 464 3529 3509 
2672 3496 4289 2435 
2673 243 3587 507 
2674 515 3329 392 
2675 1250 3344 3343 
2676 3385 3866 3421 
2677 2209 2730 2367 
2678 3263 4274 2375 
2679 471 3461 3460 
2680 1647 3259 1569 
2681 2686 2687 2439 
2682 976 2391 970 
2683 971 976 970 
2684 3621 3671 3617 
2685 1650 3290 1620 
2686 3625 3632 3631 
2687 2323 2324 1989 
2688 3689 4473 4453 
2689 1637 3273 1575 
2690 1307 3936 3663 
2691 3209 4513 4486 
2692 561 3379 3378 
2693 1173 3592 1217 
2694 1511 2173 1510 
2695 1654 1662 1661 
2696 1421 1422 1404 
2697 3299 4217 4134 
2698 1194 3719 1197 
2699 1232 1250 1237 
2700 2386 2838 2385 
2701 2577 3637 3636 
2702 506 3608 258 
2703 927 1047 1046 
2704 2195 2621 2620 
2705 1692 1693 1690 
2706 778 3642 897 
2707 3690 4002 1477 
2708 2177 3347 2195 
2709 1705 3339 1702 
2710 949 3784 995 
2711 1095 1112 1094 
2712 2495 3599 2500 
2713 943 3615 1125 
2714 1040 3540 1038 
2715 2040 2556 2041 
2716 1718 3338 1716 
2717 1688 1689 1686 
2718 2638 2918 2710 
2719 2621 3149 2717 
2720 2659 3564 3563 
2721 2045 3348 2177 
2722 797 3736 3735 
2723 2298 3229 1834 
2724 1869 3426 1867 
2725 1129 1510 1128 
2726 3403 3449 3399 
2727 2196 2671 2054 
2728 1216 3355 3354 
2729 270 3664 456 
2730 1858 2065 1859 
2731 3204 4462 3203 
2732 1905 2196 2054 
2733 2730 3974 2367 
2734 3671 3673 3672 
2735 2364 3668 3472 
2736 836 3668 837 
2737 3510 3512 3511 
2738 1744 3275 1742 
2739 1494 3643 1153 
2740 1545 1546 1544 
2741 1575 3273 1573 
2742 1047 1049 1048 
2743 3665 3667 3666 
2744 2392 3281 2391 
2745 1778 3433 2328 
2746 565 3447 3446 
2747 3343 4357 3341 
2748 1143 3645 3644 
2749 3522 3523 3519 
2750 1209 1216 1211 
2751 1577 1637 1575 
2752 886 927 885 
2753 3385 3387 3386 
2754 1601 3305 1599 
2755 3785 4023 2390 
2756 3269 3581 1784 
2757 2577 3636 2150 
2758 2857 2997 2324 
2759 3463 3471 3462 
2760 522 3319 3317 
2761 2080 3633 2352 
2762 1592 3505 1587 
2763 3617 3671 3616 
2764 2012 2633 2632 
2765 575 3616 190 
2766 367 3628 574 
2767 227 3593 588 
2768 3696 3946 1252 
2769 1289 3792 1291 
2770 2549 3265 3264 
2771 4261 4386 3165 
2772 2557 2712 2556 
2773 763 3549 792 
2774 908 3873 872 
2775 3518 3519 3514 
2776 495 3364 151 
2777 406 3363 496 
2778 2097 3644 2732 
2779 1770 1771 1747 
2780 2499 3604 2548 
2781 2389 4004 3774 
2782 3254 4002 3690 
2783 3665 3666 3664 
2784 3625 3631 3620 
2785 2144 4275 2803 
2786 2245 3307 1829 
2787 486 3611 261 
2788 1111 3562 1095 
2789 974 4403 4379 
2790 172 3373 484 
2791 483 3372 385 
2792 249 530 248 
2793 162 522 161 
2794 396 521 395 
2795 3338 4330 3332 
2796 1693 3459 1690 
2797 159 528 158 
2798 399 529 398 
2799 251 551 250 
2800 1716 3338 3332 
2801 1382 3652 1149 
2802 397 3578 396 
2803 1867 1873 1866 
2804 3661 3966 1002 
2805 883 885 882 
2806 3464 3465 3463 
2807 1454 1455 1452 
2808 1670 1672 1671 
2809 246 517 245 
2810 253 518 252 
2811 2043 2270 2045 
2812 1189 3659 1191 
2813 2177 3348 3347 
2814 1865 1866 1864 
2815 2333 3500 2338 
2816 2686 2688 2687 
2817 157 553 156 
2818 401 552 400 
2819 1250 3343 1237 
2820 1672 3353 2012 
2821 485 3374 236 
2822 262 3377 486 
2823 2266 3499 2342 
2824 1127 1128 1049 
2825 2065 2237 2066 
2826 946 3802 3784 
2827 834 846 833 
2828 3399 3449 3397 
2829 155 511 154 
2830 403 512 402 
2831 394 3577 393 
2832 1246 3946 1261 
2833 2064 2250 2063 
2834 2173 2174 1510 
2835 482 3383 409 
2836 1863 1864 1862 
2837 1884 1895 1893 
2838 1863 1865 1864 
2839 1384 3644 2097 
2840 1216 3354 1211 
2841 3639 3640 2108 
2842 1807 3436 1808 
2843 3437 3439 3438 
2844 1741 1742 1738 
2845 1909 2040 2039 
2846 3510 3511 568 
2847 2342 2926 2344 
2848 1861 1863 1862 
2849 382 3428 469 
2850 470 3430 175 
2851 566 3464 3463 
2852 1199 1239 1202 
2853 2367 2798 2368 
2854 1891 1903 1885 
2855 3355 3356 3354 
2856 1239 1861 1860 
2857 2237 2239 2238 
2858 2519 2762 2520 
2859 1517 1518 1456 
2860 1690 3459 1689 
2861 2566 3660 2152 
2862 2385 3948 2190 
2863 2789 3799 2006 
2864 3673 3840 3676 
2865 1865 1867 1866 
2866 3437 3438 1966 
2867 3426 3427 1873 
2868 2351 2910 2350 
2869 165 516 164 
2870 167 555 166 
2871 169 509 168 
2872 389 510 388 
2873 391 554 390 
2874 393 515 392 
2875 2052 3270 1518 
2876 1867 3426 1873 
2877 3135 3136 3116 
2878 3451 3452 3450 
2879 1363 3612 1373 
2880 1094 3540 1040 
2881 1563 3977 2001 
2882 2209 2367 2210 
2883 3773 4101 192 
2884 1527 1528 1430 
2885 2055 3323 2105 
2886 2071 2549 2070 
2887 3512 3514 3513 
2888 1593 1595 1592 
2889 3518 3522 3519 
2890 2749 3230 2687 
2891 3621 3673 3671 
2892 927 1046 885 
2893 3387 3389 3388 
2894 481 3444 147 
2895 1230 3538 1232 
2896 1007 3276 979 
2897 2786 3558 3557 
2898 2124 3679 3352 
2899 846 2731 1955 
2900 3685 4193 3930 
2901 176 3445 470 
2902 973 3661 1002 
2903 4134 4217 2287 
2904 2303 4036 3813 
2905 2251 2252 2250 
2906 2140 2519 2335 
2907 1729 1730 1727 
2908 1861 1862 1860 
2909 240 505 239 
2910 243 507 242 
2911 256 508 255 
2912 259 506 258 
2913 2435 3732 1944 
2914 1551 1552 1550 
2915 696 4055 3258 
2916 1263 3696 1252 
2917 2549 3264 2070 
2918 1221 3778 1224 
2919 3523 3525 3524 
2920 3265 3266 3264 
2921 2126 3929 3651 
2922 3357 3358 3355 
2923 3673 3676 3674 
2924 2071 3798 2549 
2925 1446 1447 1111 
2926 241 3607 240 
2927 969 970 918 
2928 1783 2140 1782 
2929 1239 1860 1202 
2930 2265 2266 2174 
2931 1583 1615 1581 
2932 1070 1431 1027 
2933 1874 1891 1885 
2934 2165 2660 2658 
2935 1093 1094 1040 
2936 1891 1904 1903 
2937 2174 3920 1510 
2938 266 3462 472 
2939 471 3460 232 
2940 1874 1885 1871 
2941 869 870 868 
2942 1382 3653 3652 
2943 416 3657 569 
2944 570 3656 141 
2945 2621 2622 2620 
2946 3397 3404 3395 
2947 1808 1966 1810 
2948 1994 3298 2209 
2949 1121 3502 1070 
2950 1553 1554 1552 
2951 617 4390 1341 
2952 832 833 813 
2953 871 902 870 
2954 2348 2350 1904 
2955 271 3665 3664 
2956 905 952 902 
2957 152 495 151 
2958 406 496 405 
2959 975 3849 913 
2960 2001 3977 2718 
2961 260 3610 259 
2962 1676 1678 1677 
2963 3319 3320 3317 
2964 468 3494 413 
2965 3512 3518 3514 
2966 3506 3867 1615 
2967 2348 2351 2350 
2968 792 4494 4433 
2969 3637 4599 4597 
2970 1047 1048 1046 
2971 172 484 171 
2972 386 483 385 
2973 1128 1467 1049 
2974 2526 2527 1965 
2975 1170 3639 2108 
2976 1543 1544 1541 
2977 1149 3652 1147 
2978 791 801 789 
2979 1600 1601 1599 
2980 638 3979 640 
2981 1789 1818 1532 
2982 1153 3643 1151 
2983 1749 2088 1827 
2984 3512 3846 3518 
2985 2568 4023 3785 
2986 1016 1113 989 
2987 1960 3689 2336 
2988 2027 2184 1818 
2989 3774 4004 2586 
2990 3534 3535 3451 
2991 3644 3645 2732 
2992 2351 3127 2910 
2993 867 868 774 
2994 2278 2279 2277 
2995 2236 2385 2190 
2996 2117 4192 3823 
2997 1964 1965 1910 
2998 2320 2785 2321 
2999 961 3731 952 
3000 1758 3851 2442 
3001 1204 2320 2319 
3002 1105 3681 2363 
3003 1964 2526 1965 
3004 1497 3734 2158 
3005 1191 1204 1193 
3006 3813 4036 3224 
3007 1820 2046 1420 
3008 2785 2786 2321 
3009 1353 3679 2124 
3010 237 485 236 
3011 262 486 261 
3012 2040 2557 2556 
3013 4365 4424 743 
3014 2412 4176 3695 
3015 1555 1556 1554 
3016 3518 3846 3527 
3017 3226 4012 2701 
3018 150 557 149 
3019 408 556 407 
3020 1186 1297 1189 
3021 2365 3875 777 
3022 2449 2666 2448 
3023 1112 3561 1851 
3024 464 3509 377 
3025 787 1133 785 
3026 3434 3435 1807 
3027 2658 2938 2659 
3028 174 559 173 
3029 384 558 383 
3030 1117 1420 1078 
3031 3762 3763 436 
3032 1494 4084 3842 
3033 2320 2321 2319 
3034 3401 3403 3399 
3035 2201 2602 2184 
3036 3252 3701 2380 
3037 1625 3305 1601 
3038 503 3918 196 
3039 2704 3197 2811 
3040 2152 3660 2151 
3041 4216 4289 1628 
3042 2667 2668 2666 
3043 2454 4327 4306 
3044 3663 3936 3382 
3045 1778 2328 2067 
3046 3472 3668 836 
3047 2076 3748 3747 
3048 2058 2257 2256 
3049 2527 3133 2530 
3050 3515 3533 3521 
3051 305 3718 304 
3052 2316 2676 2094 
3053 3389 3391 3390 
3054 444 3629 3628 
3055 2341 3920 2174 
3056 2088 2704 2089 
3057 3651 3928 2126 
3058 2565 3728 3727 
3059 1433 1807 1806 
3060 1006 1007 979 
3061 1117 1820 1420 
3062 1828 1848 1847 
3063 1732 3299 1730 
3064 462 3658 3657 
3065 905 961 952 
3066 918 3691 899 
3067 1696 1697 1694 
3068 2669 2852 2668 
3069 1204 2319 1193 
3070 3549 3551 3550 
3071 3637 4597 1377 
3072 702 3962 707 
3073 1684 3433 1778 
3074 264 3380 561 
3075 1469 3633 2080 
3076 2165 2658 2301 
3077 2334 3500 2333 
3078 3732 4056 1942 
3079 3201 4555 4540 
3080 1777 1782 1767 
3081 557 3367 149 
3082 871 905 902 
3083 881 882 859 
3084 1128 3920 1467 
3085 1896 1964 1910 
3086 235 560 234 
3087 264 561 263 
3088 1944 3732 1942 
3089 1903 2165 2092 
3090 148 481 147 
3091 410 482 409 
3092 2040 2041 2039 
3093 920 3849 3745 
3094 2040 3927 2557 
3095 2158 3734 2571 
3096 869 871 870 
3097 927 3635 3634 
3098 2214 2267 2215 
3099 1935 4332 1968 
3100 3515 3521 3517 
3101 1602 1605 1601 
3102 2382 4315 3252 
3103 2069 2070 1786 
3104 176 470 175 
3105 382 469 381 
3106 2046 2334 2333 
3107 194 3762 436 
3108 3514 3533 3515 
3109 1733 1736 1735 
3110 2043 3351 2270 
3111 4326 4328 3683 
3112 2105 2212 2106 
3113 2291 2651 2292 
3114 3435 3603 3436 
3115 1557 1558 1556 
3116 3362 3951 3769 
3117 2651 2653 2652 
3118 1606 1607 1605 
3119 2338 2933 2884 
3120 2352 3633 3326 
3121 952 985 953 
3122 2724 3269 1771 
3123 1047 3634 1127 
3124 1018 1117 1078 
3125 1549 1550 1547 
3126 846 1955 833 
3127 1511 2284 2173 
3128 1907 3554 1861 
3129 2310 3772 3648 
3130 2100 3727 2305 
3131 867 869 868 
3132 1970 1972 1971 
3133 2557 3159 2712 
3134 1896 1910 1888 
3135 1410 3434 1433 
3136 770 3549 763 
3137 1121 3503 3502 
3138 2762 3240 2520 
3139 414 3546 468 
3140 467 3548 143 
3141 3403 3534 3451 
3142 1895 3606 1893 
3143 2140 2335 1782 
3144 2557 3927 3160 
3145 1829 3307 3275 
3146 233 471 232 
3147 266 472 265 
3148 3597 3939 2707 
3149 2212 2214 2213 
3150 268 3469 566 
3151 146 563 145 
3152 412 562 411 
3153 3703 3704 578 
3154 178 3448 565 
3155 985 1018 986 
3156 178 565 177 
3157 380 564 379 
3158 1496 3727 2100 
3159 2519 2520 2335 
3160 2309 3646 2453 
3161 3681 3682 2363 
3162 941 3615 943 
3163 785 3670 781 
3164 1372 1472 1410 
3165 3615 3698 1125 
3166 1851 2705 2229 
3167 1868 1869 1867 
3168 1608 1610 1607 
3169 1129 1511 1510 
3170 579 3721 3720 
3171 2354 2356 2355 
3172 1034 3680 1045 
3173 3761 3807 3806 
3174 2696 3789 2353 
3175 1731 1733 1732 
3176 1682 1684 1683 
3177 1235 3917 1229 
3178 1969 2293 2263 
3179 3512 3513 3511 
3180 1373 3532 3530 
3181 3231 3232 2606 
3182 2193 2789 2006 
3183 2653 2865 2654 
3184 2141 2796 2504 
3185 1447 4140 3562 
3186 2508 2850 2849 
3187 1367 1492 1369 
3188 2356 2358 2357 
3189 1084 1132 1086 
3190 4269 4547 1297 
3191 2293 3207 2641 
3192 763 792 752 
3193 1365 3530 1367 
3194 1905 2054 1906 
3195 3438 4525 3160 
3196 231 567 230 
3197 268 566 267 
3198 1061 3692 3297 
3199 3435 3436 1807 
3200 832 834 833 
3201 1893 1905 1894 
3202 2352 2354 2353 
3203 2617 2663 2618 
3204 2440 4327 2523 
3205 450 3559 373 
3206 3652 3654 1159 
3207 837 3668 851 
3208 874 3931 847 
3209 2615 2617 2616 
3210 2353 3789 2286 
3211 989 3537 961 
3212 1807 1808 1806 
3213 1047 1127 1049 
3214 2970 3202 2223 
3215 144 467 143 
3216 180 463 179 
3217 378 464 377 
3218 414 468 413 
3219 1219 3778 1221 
3220 1054 3681 1105 
3221 1873 1884 1882 
3222 2726 3979 638 
3223 2354 2355 2353 
3224 2108 3223 1172 
3225 2527 2530 2529 
3226 3209 4486 1642 
3227 2739 4185 1981 
3228 746 1131 737 
3229 1504 2152 2151 
3230 1884 1893 1890 
3231 2308 3772 2310 
3232 885 4154 882 
3233 2514 3596 2801 
3234 1250 3345 3344 
3235 846 3227 2731 
3236 2240 2291 2290 
3237 1004 3753 1134 
3238 1559 1561 1558 
3239 883 886 885 
3240 2058 3581 2257 
3241 455 3593 228 
3242 3454 3456 3404 
3243 3726 4193 3685 
3244 3738 3873 908 
3245 1075 4287 3746 
3246 229 455 228 
3247 270 456 269 
3248 1127 1129 1128 
3249 872 3873 855 
3250 2373 3733 3263 
3251 1848 1991 1849 
3252 2384 3685 3684 
3253 3805 3808 3803 
3254 1160 1504 1503 
3255 248 3568 247 
3256 252 3308 251 
3257 398 3579 397 
3258 1428 3655 1527 
3259 2447 2448 2253 
3260 1607 4190 1605 
3261 3704 3779 3708 
3262 158 3309 157 
3263 2356 2357 2355 
3264 156 3325 155 
3265 1008 1038 1037 
3266 1860 4073 1202 
3267 1994 2209 2208 
3268 1363 1373 1365 
3269 2124 2745 2136 
3270 3619 3623 3621 
3271 3695 4176 1534 
3272 435 3755 3754 
3273 1870 1871 1869 
3274 501 3667 3665 
3275 244 3587 243 
3276 576 3702 309 
3277 306 3703 578 
3278 182 571 181 
3279 376 568 375 
3280 3645 3729 2732 
3281 1361 3612 1363 
3282 579 3720 314 
3283 971 977 976 
3284 3437 3440 3439 
3285 1611 1616 1610 
3286 395 3576 394 
3287 1229 3917 3501 
3288 3614 3615 941 
3289 2352 2353 2286 
3290 830 3819 3818 
3291 2140 2521 2519 
3292 2358 2360 2357 
3293 1276 3696 1263 
3294 3410 3419 3405 
3295 1617 1620 1616 
3296 2046 2333 2332 
3297 886 3635 927 
3298 3703 3779 3704 
3299 245 3582 244 
3300 568 3528 375 
3301 1854 2720 1852 
3302 1987 2611 2610 
3303 3562 4140 3561 
3304 1170 2108 1172 
3305 1972 3177 2701 
3306 572 3699 371 
3307 2380 3701 2378 
3308 2494 3599 2495 
3309 3616 3671 445 
3310 392 3329 391 
3311 1433 3434 1807 
3312 927 3634 1047 
3313 3523 3524 3519 
3314 1018 1078 1019 
3315 2105 3323 2260 
3316 3618 3619 3617 
3317 1710 1711 1709 
3318 2310 3647 3646 
3319 797 3735 810 
3320 2153 2534 2152 
3321 2308 2310 2309 
3322 3299 3300 1730 
3323 1562 1563 1561 
3324 2160 3723 2581 
3325 1211 1230 1212 
3326 1168 3639 1170 
3327 1134 3662 3661 
3328 3699 3700 370 
3329 3647 3650 3646 
3330 3514 3515 3513 
3331 1872 1874 1871 
3332 1197 1199 1198 
3333 3803 3808 359 
3334 1700 1701 1698 
3335 2535 3169 2534 
3336 2319 3719 1193 
3337 2310 3646 2309 
3338 1216 3357 3355 
3339 2984 2987 2985 
3340 1351 3962 702 
3341 1199 1202 1200 
3342 1207 1209 1208 
3343 258 3608 257 
3344 1550 3752 1547 
3345 3313 3314 3311 
3346 189 3616 445 
3347 444 3628 368 
3348 1353 2124 1491 
3349 2359 2361 2358 
3350 2384 3684 3681 
3351 1158 1160 1157 
3352 2080 2352 2286 
3353 1621 1622 1620 
3354 2362 2743 2361 
3355 1197 3719 3556 
3356 1002 1097 1050 
3357 2347 2348 1904 
3358 2169 4062 4048 
3359 1051 3782 2109 
3360 1297 3659 1189 
3361 1189 1191 1190 
3362 575 3618 3617 
3363 1170 1172 1171 
3364 1598 1599 1596 
3365 1298 3794 726 
3366 1209 1211 1210 
3367 159 3313 528 
3368 184 451 183 
3369 374 450 373 
3370 1729 1731 1730 
3371 2663 2984 2664 
3372 1151 3643 1382 
3373 2094 3371 1820 
3374 3777 3787 3786 
3375 1777 1783 1782 
3376 2149 3189 2695 
3377 1858 1859 1856 
3378 1248 1253 1249 
3379 1924 3796 3795 
3380 1156 1157 1155 
3381 3682 3683 2363 
3382 1240 1248 1241 
3383 2328 2330 2329 
3384 2055 2105 2104 
3385 1688 1690 1689 
3386 2736 3152 2735 
3387 3732 4289 4216 
3388 1829 3275 1744 
3389 2308 2309 2307 
3390 1991 2018 1992 
3391 1373 3530 1365 
3392 2404 3978 3814 
3393 1599 3730 1596 
3394 1148 1149 1147 
3395 1504 2151 1503 
3396 1988 2714 1850 
3397 3472 4262 2364 
3398 2371 3733 2373 
3399 1186 1189 1187 
3400 2151 3660 2569 
3401 1812 3927 1909 
3402 2076 3747 1899 
3403 3590 3591 2494 
3404 970 3691 918 
3405 3521 3526 3517 
3406 1113 3537 989 
3407 261 3611 260 
3408 1021 3820 2751 
3409 2333 2338 2337 
3410 1150 1151 1149 
3411 1122 3633 1469 
3412 1191 1193 1192 
3413 1160 1503 1157 
3414 2124 2136 1491 
3415 2732 2733 2161 
3416 3826 3828 3827 
3417 2534 2566 2152 
3418 939 3614 941 
3419 2268 2615 2388 
3420 1097 1843 1098 
3421 1137 1139 1138 
3422 3727 3728 2305 
3423 2987 2989 2988 
3424 3755 3757 3756 
3425 2133 3937 3844 
3426 2306 2308 2307 
3427 1168 1170 1169 
3428 981 3661 973 
3429 1154 1155 1153 
3430 2098 2313 1788 
3431 3554 4104 1863 
3432 1230 1232 1231 
3433 186 573 185 
3434 372 572 371 
3435 1147 3652 1159 
3436 1139 1141 1140 
3437 3619 3621 3617 
3438 1232 1237 1233 
3439 1844 2149 1843 
3440 588 3775 226 
3441 1193 3719 1194 
3442 805 3737 3736 
3443 1152 1153 1151 
3444 1146 1147 1145 
3445 151 3364 150 
3446 407 3363 406 
3447 870 2376 868 
3448 1237 1240 1238 
3449 1753 3925 1751 
3450 1589 1592 1587 
3451 969 971 970 
3452 2738 4332 2792 
3453 2528 2699 2526 
3454 881 883 882 
3455 1255 1257 1256 
3456 825 3836 736 
3457 385 3372 384 
3458 173 3373 172 
3459 1325 3769 1323 
3460 3403 3451 3450 
3461 847 3931 1925 
3462 2733 2735 2734 
3463 1002 1050 972 
3464 409 3383 408 
3465 1725 3335 1711 
3466 1864 3751 2318 
3467 1084 1086 1085 
3468 997 3782 1051 
3469 1155 1494 1153 
3470 3572 3575 3574 
3471 1142 1143 1141 
3472 1135 1137 1136 
3473 1903 3613 2165 
3474 1889 1896 1888 
3475 175 3430 174 
3476 383 3428 382 
3477 973 1002 972 
3478 2397 2494 2493 
3479 1123 3633 1122 
3480 1144 1145 1143 
3481 2338 2884 2339 
3482 3475 3477 3476 
3483 1133 3670 785 
3484 2070 3602 1786 
3485 1134 3661 981 
3486 2150 3636 2149 
3487 1052 3686 2384 
3488 3757 3759 3758 
3489 297 3741 580 
3490 581 3743 319 
3491 370 3700 369 
3492 1961 2511 2346 
3493 1141 3644 1384 
3494 236 3374 235 
3495 263 3377 262 
3496 1976 4237 2740 
3497 2097 2161 2160 
3498 2495 2500 2497 
3499 1704 1705 1702 
3500 2100 2304 2303 
3501 3837 3838 2382 
3502 3779 3780 3708 
3503 3493 4301 1148 
3504 1168 3979 3639 
3505 3478 3479 3477 
3506 1587 3505 1585 
3507 3486 3487 3485 
3508 1253 1255 1254 
3509 2573 3871 3822 
3510 1496 2100 2099 
3511 2018 2020 2019 
3512 3483 3485 3482 
3513 956 3738 908 
3514 2499 2548 2532 
3515 1313 3679 1353 
3516 3488 3489 3487 
3517 197 3809 503 
3518 1961 2346 1957 
3519 3764 3765 3763 
3520 2315 2316 2094 
3521 952 953 902 
3522 2069 2071 2070 
3523 1257 1264 1258 
3524 1307 3663 1309 
3525 3556 3719 3236 
3526 1086 1123 1122 
3527 911 2772 2340 
3528 2093 2094 1820 
3529 3480 3482 3479 
3530 1264 1266 1265 
3531 189 445 188 
3532 369 444 368 
3533 1173 1217 1175 
3534 1888 3543 1881 
3535 1097 1098 1050 
3536 533 3856 423 
3537 1914 3473 3472 
3538 2296 4017 3985 
3539 2910 3260 2350 
3540 2377 2635 2316 
3541 4048 4062 2575 
3542 502 3804 3803 
3543 1328 3924 1326 
3544 271 3664 270 
3545 1887 1888 1881 
3546 3853 3854 504 
3547 1692 1694 1693 
3548 2576 2577 2150 
3549 1743 1745 1744 
3550 2798 3630 2814 
3551 2077 3749 2076 
3552 3620 3631 3619 
3553 2644 2945 2643 
3554 1623 1624 1622 
3555 3735 3736 3474 
3556 1266 1268 1267 
3557 1236 4244 4169 
3558 3487 3490 3485 
3559 147 3444 146 
3560 3749 3750 3748 
3561 3720 3722 439 
3562 892 911 891 
3563 3775 3776 500 
3564 435 3754 363 
3565 2497 3604 2499 
3566 3401 3534 3403 
3567 177 3445 176 
3568 1239 1907 1861 
3569 3671 3672 445 
3570 1877 1883 1875 
3571 1130 3276 1007 
3572 142 570 141 
3573 416 569 415 
3574 1034 1045 988 
3575 1712 1714 1711 
3576 3786 3787 589 
3577 2306 2307 2304 
3578 966 972 965 
3579 1629 1630 1624 
3580 1151 1382 1149 
3581 2636 2643 2635 
3582 1482 1961 1957 
3583 3826 3827 440 
3584 1448 1450 1449 
3585 3474 3475 3473 
3586 3762 3918 3764 
3587 3624 3625 3620 
3588 2314 3801 3800 
3589 985 986 953 
3590 2611 2613 2612 
3591 2395 3590 2397 
3592 413 3494 412 
3593 2158 2570 2563 
3594 191 575 190 
3595 367 574 366 
3596 1513 2314 2163 
3597 2384 3681 1054 
3598 2149 2695 1843 
3599 3647 3958 3650 
3600 3771 3932 3931 
3601 2196 2876 2875 
3602 1105 1513 1512 
3603 1081 3601 1084 
3604 2696 3790 3789 
3605 3648 3649 3647 
3606 2100 2303 2099 
3607 3591 3599 2494 
3608 1081 1084 1083 
3609 3782 3783 2109 
3610 882 4256 859 
3611 232 3460 231 
3612 267 3462 266 
3613 1674 3353 1672 
3614 1631 1632 1630 
3615 2209 3298 2730 
3616 3646 3770 2453 
3617 1172 3592 1173 
3618 1224 3778 1313 
3619 1054 1105 1104 
3620 1051 1107 1106 
3621 1524 3793 2118 
3622 362 3975 361 
3623 1106 3734 1497 
3624 965 4165 926 
3625 2404 3917 1300 
3626 2494 2495 2493 
3627 1301 1302 1300 
3628 2733 2736 2735 
3629 1100 3680 1034 
3630 3479 3493 3477 
3631 198 3810 3809 
3632 3960 3994 2922 
3633 1384 2097 2096 
3634 1004 1134 981 
3635 1388 3693 3692 
3636 1708 1709 1706 
3637 1302 2404 1300 
3638 2718 3156 2264 
3639 1310 3888 1408 
3640 3780 3781 3708 
3641 2378 3701 2742 
3642 1378 4120 2395 
3643 1125 2288 1126 
3644 1903 2092 1885 
3645 1006 1008 1007 
3646 1496 2099 1304 
3647 2330 2679 2331 
3648 3822 3871 2181 
3649 1784 3581 2058 
3650 770 3552 3549 
3651 1147 1159 1145 
3652 2243 3940 3845 
3653 2305 2306 2304 
3654 2500 3604 2497 
3655 194 436 193 
3656 364 435 363 
3657 1715 1716 1714 
3658 2510 3199 2148 
3659 3847 4082 3848 
3660 1497 2158 2156 
3661 2539 3170 2537 
3662 140 3656 461 
3663 462 3657 417 
3664 1772 2847 1775 
3665 1935 1968 1967 
3666 950 3690 1477 
3667 1495 1496 1304 
3668 1303 1304 1302 
3669 890 891 888 
3670 920 3745 960 
3671 2487 3641 2780 
3672 1504 2153 2152 
3673 1914 3735 3474 
3674 1857 2064 2063 
3675 852 4193 856 
3676 952 3731 985 
3677 1450 1452 1451 
3678 2097 2732 2161 
3679 1326 3924 1501 
3680 2288 3725 1126 
3681 377 3509 376 
3682 962 989 961 
3683 1770 1772 1771 
3684 3189 4591 2413 
3685 1966 3441 1810 
3686 1125 1126 947 
3687 1137 1138 1136 
3688 1101 3614 939 
3689 3475 3476 3473 
3690 828 1914 836 
3691 2676 3371 2094 
3692 943 1125 947 
3693 2080 2286 2285 
3694 2121 4058 2773 
3695 911 2340 891 
3696 2158 2563 2156 
3697 1052 1054 1053 
3698 2309 2453 2311 
3699 851 1135 876 
3700 1048 2697 2090 
3701 895 3928 914 
3702 1270 1280 1271 
3703 1633 1634 1632 
3704 3762 3764 3763 
3705 501 3665 272 
3706 3704 3706 3705 
3707 1268 1270 1269 
3708 2571 2572 2570 
3709 2772 3237 2340 
3710 2658 2659 2301 
3711 2346 3934 3688 
3712 1028 1070 1027 
3713 2685 2686 2439 
3714 2114 2378 2113 
3715 2381 3837 2382 
3716 1139 1142 1141 
3717 3764 3918 3768 
3718 1280 1284 1281 
3719 2110 3745 2741 
3720 1143 3644 1141 
3721 1194 1197 1196 
3722 2115 3739 3738 
3723 997 1051 1035 
3724 848 3935 893 
3725 1139 1140 1138 
3726 937 1101 939 
3727 1041 3812 982 
3728 3755 3756 3754 
3729 2733 2734 2161 
3730 1135 2364 1137 
3731 3743 3744 430 
3732 3619 3631 3623 
3733 3179 3180 2572 
3734 2149 3636 3189 
3735 1051 1106 1035 
3736 1736 4137 1735 
3737 1514 3888 1310 
3738 2397 3590 2494 
3739 3845 3940 2587 
3740 1389 3753 1004 
3741 3161 3162 2541 
3742 1105 2363 1513 
3743 1851 3561 2705 
3744 1844 2150 2149 
3745 1141 1384 1140 
3746 2165 2301 2092 
3747 1968 2168 2167 
3748 3618 3620 3619 
3749 2020 2022 2021 
3750 1107 3734 1106 
3751 2375 3816 3815 
3752 822 1344 808 
3753 2379 2380 2378 
3754 3704 3705 578 
3755 928 3690 950 
3756 2381 2382 2380 
3757 1261 1300 1245 
3758 3853 3855 3854 
3759 1146 1148 1147 
3760 734 3817 825 
3761 738 746 737 
3762 2741 3733 2371 
3763 195 3762 194 
3764 2373 2375 2374 
3765 1717 1718 1716 
3766 3706 3709 3707 
3767 1066 1935 1505 
3768 1477 1482 1478 
3769 1291 3792 1421 
3770 3721 3722 3720 
3771 2382 3252 2380 
3772 2065 2066 1859 
3773 2453 3216 3215 
3774 2371 2373 2372 
3775 2110 2371 2111 
3776 1203 1207 1206 
3777 1568 1569 1567 
3778 967 3847 1032 
3779 429 3742 3741 
3780 294 3826 440 
3781 1148 1150 1149 
3782 2565 3727 2154 
3783 1566 1567 1564 
3784 1907 3555 3554 
3785 1017 1027 1016 
3786 2735 2826 2734 
3787 1304 3978 1302 
3788 2124 3352 2745 
3789 990 1016 989 
3790 1097 1844 1843 
3791 1204 2522 2320 
3792 3778 4166 3679 
3793 810 3735 828 
3794 1853 2716 1855 
3795 1142 1144 1143 
3796 1741 1743 1742 
3797 2346 3688 3687 
3798 724 3791 1298 
3799 1135 1136 876 
3800 3985 4017 3172 
3801 2378 2742 2113 
3802 227 588 226 
3803 3858 3859 443 
3804 2356 2359 2358 
3805 1156 1158 1157 
3806 1914 3472 836 
3807 1416 3994 3960 
3808 223 3786 589 
3809 964 965 926 
3810 2527 2529 1965 
3811 373 3559 372 
3812 320 3829 581 
3813 2154 3727 1496 
3814 2689 2690 2688 
3815 863 887 845 
3816 1865 1868 1867 
3817 1388 3692 1072 
3818 854 4460 4453 
3819 2126 3928 895 
3820 899 3635 886 
3821 2153 2535 2534 
3822 767 3788 803 
3823 431 3779 3703 
3824 659 795 657 
3825 1144 1146 1145 
3826 1446 1448 1447 
3827 308 3702 431 
3828 431 3703 307 
3829 2097 2160 2096 
3830 3475 3478 3477 
3831 3357 4273 3359 
3832 1072 3692 1061 
3833 912 1052 975 
3834 3223 3592 1172 
3835 1150 1152 1151 
3836 313 3720 439 
3837 4602 4615 3594 
3838 1454 1456 1455 
3839 1052 2384 1054 
3840 1055 3738 956 
3841 4072 4075 2414 
3842 2551 2565 2154 
3843 1535 3955 2133 
3844 2701 4012 3218 
3845 3757 3758 3756 
3846 2672 2703 2313 
3847 775 867 774 
3848 2266 2342 2341 
3849 1482 1957 1483 
3850 2046 2332 1420 
3851 2554 3594 1976 
3852 2273 2525 2077 
3853 1154 1156 1155 
3854 4169 4244 2773 
3855 1152 1154 1153 
3856 1057 2115 1055 
3857 1914 3474 3473 
3858 2530 3219 2529 
3859 2362 3205 2743 
3860 1932 2076 1899 
3861 191 4101 575 
3862 786 787 785 
3863 2723 2729 2511 
3864 1018 1019 986 
3865 1756 3925 1753 
3866 1981 3507 2553 
3867 2798 2814 2368 
3868 143 3548 142 
3869 415 3546 414 
3870 3478 3480 3479 
3871 788 789 787 
3872 1513 2163 1512 
3873 771 774 770 
3874 764 770 763 
3875 1638 1639 1634 
3876 1386 1388 1072 
3877 3804 3805 3803 
3878 2314 3800 2163 
3879 2386 2839 2838 
3880 1120 1121 1070 
3881 1973 1976 1502 
3882 1105 1512 1104 
3883 1158 1161 1160 
3884 1515 1981 1978 
3885 2219 3798 2071 
3886 2576 2578 2577 
3887 1285 2113 1276 
3888 655 1165 653 
3889 3480 3483 3482 
3890 643 1168 645 
3891 2423 4069 1509 
3892 803 3788 824 
3893 1061 3297 1059 
3894 3483 3486 3485 
3895 819 3935 848 
3896 2440 2523 2441 
3897 1172 1173 1171 
3898 2297 3228 2859 
3899 911 3251 2772 
3900 1469 2080 2079 
3901 1054 1104 1053 
3902 2136 2440 2137 
3903 3832 3833 433 
3904 753 763 752 
3905 2359 2362 2361 
3906 1970 1971 1393 
3907 1873 1882 1866 
3908 1022 3771 1000 
3909 2764 3868 1440 
3910 2016 4024 2593 
3911 2352 3326 2354 
3912 3355 4205 3356 
3913 728 3794 830 
3914 3764 3766 3765 
3915 1170 1171 1169 
3916 3486 3488 3487 
3917 2373 3263 2375 
3918 502 3803 360 
3919 890 892 891 
3920 2342 2344 2343 
3921 828 3735 1914 
3922 1976 2740 1502 
3923 751 3835 805 
3924 1014 2110 1036 
3925 1739 3299 1732 
3926 1481 3771 1022 
3927 939 941 940 
3928 318 3743 430 
3929 429 3741 298 
3930 2209 2210 2208 
3931 1069 3821 999 
3932 1485 3812 1041 
3933 321 3830 3829 
3934 2638 2710 2029 
3935 190 3616 189 
3936 368 3628 367 
3937 1570 1571 1569 
3938 935 937 936 
3939 578 3718 305 
3940 1132 4325 1086 
3941 870 3992 2376 
3942 2237 2238 2066 
3943 747 752 746 
3944 1093 1095 1094 
3945 937 939 938 
3946 3811 3812 1485 
3947 3345 4344 3344 
3948 3704 3708 3706 
3949 2115 3738 1055 
3950 2151 2569 2369 
3951 2367 2368 2210 
3952 607 4361 691 
3953 950 1477 1476 
3954 2691 2692 2690 
3955 824 3788 1164 
3956 1353 1491 1354 
3957 1284 1287 1286 
3958 3776 3777 500 
3959 371 3699 370 
3960 1910 3543 1888 
3961 1519 1521 1520 
3962 726 3794 728 
3963 1648 1649 1639 
3964 2832 2833 2694 
3965 1183 1186 1185 
3966 2110 2741 2371 
3967 966 973 972 
3968 3706 3707 3705 
3969 3728 3831 2305 
3970 1947 2435 1944 
3971 2533 3772 2308 
3972 1864 2318 1862 
3973 2306 2533 2308 
3974 308 431 307 
3975 1287 1289 1288 
3976 1098 2102 2101 
3977 310 576 309 
3978 306 578 305 
3979 1749 4137 2088 
3980 941 943 942 
3981 304 454 303 
3982 313 439 312 
3983 302 577 301 
3984 315 579 314 
3985 1515 2739 1981 
3986 299 429 298 
3987 318 430 317 
3988 423 3856 422 
3989 272 3665 271 
3990 504 3852 420 
3991 960 3745 1014 
3992 951 4019 3991 
3993 943 947 944 
3994 995 3784 3782 
3995 1024 1481 1022 
3996 995 3782 997 
3997 2394 3651 2788 
3998 417 3657 416 
3999 141 3656 140 
4000 2389 3774 2555 
4001 1052 1053 975 
4002 1782 3545 1767 
4003 1032 3847 1396 
4004 197 503 196 
4005 361 502 360 
4006 1261 1301 1300 
4007 1363 1365 1364 
4008 1177 1299 1179 
4009 863 888 887 
4010 3709 3710 3707 
4011 2022 2024 2023 
4012 1487 3821 1069 
4013 1014 3745 2110 
4014 1049 3565 1048 
4015 351 3863 590 
4016 228 3593 227 
4017 1365 1367 1366 
4018 1000 3931 874 
4019 1524 2118 1119 
4020 1501 1502 1325 
4021 2371 2372 2111 
4022 953 3992 902 
4023 2375 3815 2374 
4024 2322 3244 2962 
4025 1868 1870 1869 
4026 1309 1515 1514 
4027 1084 3601 1132 
4028 2100 2305 2304 
4029 3825 3828 3826 
4030 1313 1353 1314 
4031 2850 4471 4339 
4032 1572 1573 1571 
4033 2373 2374 2372 
4034 1760 3851 1758 
4035 2934 2935 2833 
4036 1361 1363 1362 
4037 1315 3839 1317 
4038 2693 2694 2692 
4039 2310 3648 3647 
4040 2239 2240 2238 
4041 1301 1303 1302 
4042 1974 2390 1498 
4043 2110 2111 1036 
4044 2758 3821 1487 
4045 2394 3928 3651 
4046 2321 3236 2319 
4047 3236 3719 2319 
4048 1285 2114 2113 
4049 2394 2788 2787 
4050 1372 1410 1409 
4051 1303 1495 1304 
4052 140 461 139 
4053 418 462 417 
4054 1954 3926 2489 
4055 1106 1497 1167 
4056 2163 3800 2583 
4057 1433 1806 1805 
4058 2158 2571 2570 
4059 3859 3860 443 
4060 640 3979 643 
4061 2458 3811 1927 
4062 997 1035 998 
4063 2114 2379 2378 
4064 2558 3785 2390 
4065 3847 3848 2127 
4066 1078 1079 1019 
4067 1493 4240 2144 
4068 1497 2156 1500 
4069 2041 2043 2042 
4070 1521 1541 1540 
4071 1228 3942 1234 
4072 2333 2337 2332 
4073 2146 3793 1524 
4074 1960 2336 1963 
4075 1369 1372 1371 
4076 995 997 996 
4077 1313 3778 3679 
4078 358 3808 432 
4079 3621 3840 3673 
4080 1495 2154 1496 
4081 1808 1810 1809 
4082 2193 2816 2789 
4083 2395 2397 2396 
4084 1245 3917 1235 
4085 1964 2528 2526 
4086 2267 3370 2268 
4087 198 3809 197 
4088 1410 1433 1432 
4089 1367 1369 1368 
4090 1651 1652 1649 
4091 1823 2389 1979 
4092 1891 2347 1904 
4093 3230 4391 1628 
4094 1927 3811 1485 
4095 2687 3496 2439 
4096 790 791 789 
4097 420 3852 419 
4098 2956 3370 2267 
4099 2165 3613 2660 
4100 2379 2381 2380 
4101 1517 1519 1518 
4102 3745 3849 2741 
4103 1396 2127 1413 
4104 1686 3433 1684 
4105 1810 1812 1811 
4106 1317 3839 1417 
4107 3405 3534 3401 
4108 1871 4057 1869 
4109 1981 2553 1978 
4110 2571 3179 2572 
4111 1948 2758 1487 
4112 904 935 933 
4113 812 813 799 
4114 724 1298 726 
4115 587 3841 137 
4116 1051 2109 1107 
4117 1084 1085 1083 
4118 663 1162 661 
4119 824 1164 850 
4120 964 966 965 
4121 1719 1720 1718 
4122 363 3754 362 
4123 2397 2493 2492 
4124 798 799 791 
4125 1973 2554 1976 
4126 2552 3837 2381 
4127 1343 4161 4124 
4128 1758 2442 1756 
4129 273 501 272 
4130 2729 4420 2511 
4131 736 3836 741 
4132 1504 3983 2153 
4133 3490 4367 1154 
4134 2121 2773 2517 
4135 1828 1847 1750 
4136 2438 2439 2436 
4137 580 3825 296 
4138 2855 4653 2562 
4139 2344 2682 2681 
4140 2095 4326 3683 
4141 2374 3815 2550 
4142 1870 1872 1871 
4143 831 832 813 
4144 2765 4005 1791 
4145 2495 2497 2496 
4146 3896 3898 3897 
4147 352 3863 351 
4148 741 3836 3835 
4149 356 3834 582 
4150 583 3832 201 
4151 341 3897 550 
4152 2236 2386 2385 
4153 1812 1909 1908 
4154 677 3956 674 
4155 3849 4127 2741 
4156 1515 1978 1514 
4157 433 3810 199 
4158 2064 2251 2250 
4159 707 3962 928 
4160 1589 1593 1592 
4161 1417 3839 2398 
4162 1501 1973 1502 
4163 3201 4540 1646 
4164 1762 1763 1760 
4165 1593 1596 1595 
4166 225 3775 500 
4167 1102 2394 2393 
4168 3469 3470 3464 
4169 2936 2937 2935 
4170 3510 3846 3512 
4171 2024 2026 2025 
4172 2076 3749 3748 
4173 2034 2458 1927 
4174 3281 3282 2391 
4175 2482 2769 2416 
4176 297 580 296 
4177 320 581 319 
4178 3897 3898 550 
4179 2465 3746 2459 
4180 1974 2558 2390 
4181 2133 3844 3843 
4182 2431 4162 2823 
4183 1925 4064 4026 
4184 3687 3689 1958 
4185 3911 3914 3907 
4186 728 830 730 
4187 1872 1875 1874 
4188 1289 1291 1290 
4189 226 3775 225 
4190 2045 2177 2176 
4191 224 3786 223 
4192 3931 3932 1925 
4193 359 3808 358 
4194 2347 2349 2348 
4195 421 3853 504 
4196 1086 1122 1085 
4197 1417 2398 1832 
4198 1125 3698 2288 
4199 2177 2195 2194 
4200 2043 2045 2044 
4201 353 3858 443 
4202 1117 2093 1820 
4203 2389 2555 1979 
4204 309 3702 308 
4205 307 3703 306 
4206 2458 3823 3811 
4207 1161 3983 1160 
4208 1958 3689 1960 
4209 314 3720 313 
4210 734 825 736 
4211 1909 2039 2038 
4212 732 3817 734 
4213 1396 3847 2127 
4214 2338 2339 2337 
4215 1653 1654 1652 
4216 1378 2395 1796 
4217 2355 2696 2353 
4218 1683 4226 1680 
4219 949 995 994 
4220 202 3865 583 
4221 3892 3894 3893 
4222 3650 3770 3646 
4223 321 3829 320 
4224 1340 4075 4072 
4225 1722 1723 1720 
4226 3623 3840 3621 
4227 3674 3675 3672 
4228 2251 2253 2252 
4229 842 843 834 
4230 2497 2499 2498 
4231 2789 4392 3799 
4232 1887 1889 1888 
4233 2622 2624 2623 
4234 1168 1169 645 
4235 1480 3992 953 
4236 955 3938 1025 
4237 2480 4102 1374 
4238 2728 4526 3783 
4239 2357 3697 2355 
4240 1939 2760 2474 
4241 2309 2311 2307 
4242 3258 4340 3253 
4243 2487 2780 2488 
4244 2286 3789 3171 
4245 1535 2133 2010 
4246 1961 2723 2511 
4247 2141 4238 2796 
4248 1021 2751 2166 
4249 1969 4130 2293 
4250 1957 3687 1958 
4251 3825 3826 295 
4252 1291 1404 1403 
4253 3161 3174 3162 
4254 1899 3747 1897 
4255 2346 3687 1957 
4256 2567 3822 2181 
4257 1477 1478 1476 
4258 1884 1890 1882 
4259 2195 2620 2619 
4260 1596 3730 1595 
4261 1224 1313 1226 
4262 2113 3696 1276 
4263 1574 1575 1573 
4264 582 3857 355 
4265 1776 1777 1767 
4266 988 4462 924 
4267 2514 2801 2515 
4268 783 785 781 
4269 2596 3146 3145 
4270 1510 3920 1128 
4271 2286 3171 2285 
4272 2732 3729 2733 
4273 360 3803 359 
4274 1763 3851 1760 
4275 2133 3955 3937 
4276 1498 3924 1328 
4277 1030 3936 1307 
4278 1408 3888 1823 
4279 2960 2961 2937 
4280 779 2365 777 
4281 1696 1698 1697 
4282 138 587 137 
4283 2499 2532 2531 
4284 1766 1767 1764 
4285 1482 1483 1478 
4286 1857 3724 2064 
4287 2016 2593 2592 
4288 3591 4338 3599 
4289 828 836 829 
4290 741 3835 751 
4291 199 3810 198 
4292 2182 3933 2567 
4293 1422 1424 1423 
4294 3048 3049 3047 
4295 2884 3256 2339 
4296 298 3741 297 
4297 319 3743 318 
4298 3193 4578 4568 
4299 751 805 766 
4300 441 3830 322 
4301 675 737 667 
4302 1663 1664 1662 
4303 452 3886 3885 
4304 3672 3677 445 
4305 1033 1034 988 
4306 2793 3997 2135 
4307 1358 1361 1360 
4308 2412 3695 2930 
4309 2080 2285 2079 
4310 342 3897 341 
4311 295 3826 294 
4312 3489 4459 4454 
4313 2355 3697 2696 
4314 1384 2096 2095 
4315 1440 3868 1837 
4316 2144 2803 2145 
4317 3907 3914 3906 
4318 2624 2626 2625 
4319 200 3832 433 
4320 432 3834 357 
4321 2421 2423 1509 
4322 1905 1906 1894 
4323 3215 3947 3224 
4324 1545 1547 1546 
4325 1502 3769 1325 
4326 2528 3142 2699 
4327 987 988 924 
4328 1893 1894 1890 
4329 3883 3884 594 
4330 937 938 936 
4331 1948 2759 2758 
4332 944 3802 946 
4333 1126 2728 947 
4334 810 828 827 
4335 2626 2628 2627 
4336 2427 2487 2486 
4337 1493 2144 1536 
4338 200 433 199 
4339 358 432 357 
4340 1889 1897 1896 
4341 1189 1190 1187 
4342 2092 4057 1885 
4343 939 940 938 
4344 2394 2787 2393 
4345 3515 3517 3516 
4346 292 3850 584 
4347 914 3928 1102 
4348 2160 2581 2162 
4349 3622 3624 3620 
4350 2303 3813 3239 
4351 3891 3892 494 
4352 880 4144 881 
4353 935 936 933 
4354 2054 2055 1906 
4355 422 3853 421 
4356 851 876 852 
4357 2861 3959 2060 
4358 2764 4246 4231 
4359 808 4381 793 
4360 1099 1100 1034 
4361 3857 3858 354 
4362 355 3857 354 
4363 203 3865 202 
4364 1244 2771 2138 
4365 851 3668 1135 
4366 1309 3663 1515 
4367 1957 1958 1483 
4368 1968 2167 1967 
4369 2716 3724 1855 
4370 3549 3552 3551 
4371 1950 2073 1468 
4372 1935 1967 1505 
4373 2034 2459 2458 
4374 296 3825 295 
4375 1234 3942 1244 
4376 3892 3893 494 
4377 3906 3914 3905 
4378 322 3830 321 
4379 2243 3845 2588 
4380 592 3881 3880 
4381 2442 3925 1756 
4382 2752 3990 1915 
4383 2489 2491 2490 
4384 2628 2675 2674 
4385 3909 3911 3907 
4386 1486 4053 713 
4387 2303 3239 2099 
4388 941 942 940 
4389 1909 3927 2040 
4390 136 3841 499 
4391 2163 2583 2164 
4392 2105 2106 2104 
4393 3264 3602 2070 
4394 2723 3253 2729 
4395 1578 1579 1577 
4396 3868 3869 2129 
4397 2679 4537 2680 
4398 3710 3712 3711 
4399 909 912 910 
4400 2374 2550 2383 
4401 2453 3215 2311 
4402 3908 3909 3907 
4403 2267 2268 2215 
4404 421 504 420 
4405 2026 2075 2074 
4406 912 975 913 
4407 2126 3935 3929 
4408 2037 3330 1422 
4409 4124 4161 2760 
4410 2161 3723 2160 
4411 1855 3724 1857 
4412 2744 4071 4060 
4413 1543 1545 1544 
4414 2457 2514 2513 
4415 1191 1192 1190 
4416 3898 3899 550 
4417 1098 2101 1050 
4418 1056 1057 1055 
4419 202 583 201 
4420 356 582 355 
4421 137 3841 136 
4422 3820 4006 2751 
4423 2133 3843 2010 
4424 1106 1167 1035 
4425 343 3895 342 
4426 722 3791 724 
4427 2356 4014 2359 
4428 3518 3527 3522 
4429 2398 2795 1832 
4430 893 3935 2126 
4431 1477 4002 1482 
4432 440 3850 293 
4433 3626 3627 3624 
4434 3991 4019 3839 
4435 856 4193 3726 
4436 3771 3931 1000 
4437 215 3906 3905 
4438 1837 2129 2036 
4439 1025 3938 1346 
4440 531 3907 3906 
4441 294 440 293 
4442 323 441 322 
4443 1837 3868 2129 
4444 1076 4083 1389 
4445 943 944 942 
4446 2168 2579 2167 
4447 1186 1187 1185 
4448 3136 3138 3137 
4449 2093 2315 2094 
4450 1402 2480 1374 
4451 2212 2213 2106 
4452 2563 3740 2156 
4453 1598 1600 1599 
4454 2675 3113 3112 
4455 3326 4014 2354 
4456 905 962 961 
4457 1346 2764 1440 
4458 1344 4415 4404 
4459 1932 2077 2076 
4460 1014 1036 1015 
4461 837 851 839 
4462 3739 3873 3738 
4463 1058 1059 1057 
4464 997 998 996 
4465 2315 2377 2316 
4466 201 3832 200 
4467 357 3834 356 
4468 873 909 907 
4469 3893 3896 3895 
4470 2153 3983 2536 
4471 858 859 843 
4472 3653 3654 3652 
4473 1193 1194 1192 
4474 354 3858 353 
4475 2156 3740 2157 
4476 2075 2277 2276 
4477 3899 3902 3901 
4478 3895 3897 342 
4479 1197 1198 1196 
4480 889 890 888 
4481 1307 1309 1308 
4482 2283 2510 2148 
4483 2573 2821 2558 
4484 1665 1666 1664 
4485 1499 1974 1498 
4486 3233 3234 2510 
4487 410 3866 482 
4488 214 3905 479 
4489 215 3905 214 
4490 3392 3393 3391 
4491 3899 3900 550 
4492 3681 3684 3682 
4493 531 3908 3907 
4494 807 808 793 
4495 1199 1200 1198 
4496 1309 1514 1310 
4497 2491 2605 2604 
4498 821 822 808 
4499 2918 3213 2710 
4500 325 585 324 
4501 292 584 291 
4502 1459 2476 1322 
4503 1841 3940 2243 
4504 869 1306 871 
4505 2182 2567 2181 
4506 2553 2829 2586 
4507 1338 1493 1490 
4508 1030 1307 1115 
4509 1202 1203 1200 
4510 2224 2752 1915 
4511 1324 1325 1323 
4512 2555 2830 2587 
4513 2550 2828 2585 
4514 1925 4026 818 
4515 1823 1979 1824 
4516 3899 3901 3900 
4517 3481 4262 3476 
4518 2151 2369 1503 
4519 844 845 822 
4520 2136 2137 1491 
4521 995 996 994 
4522 2568 2819 2554 
4523 1326 1501 1325 
4524 1497 1500 1167 
4525 134 3872 586 
4526 2179 2181 1798 
4527 1300 3917 1245 
4528 3758 3761 3760 
4529 682 1339 680 
4530 998 3820 1021 
4531 606 2248 604 
4532 2214 2215 2213 
4533 1277 1285 1276 
4534 293 3850 292 
4535 2387 2552 2381 
4536 195 3918 3762 
4537 2243 2588 2244 
4538 1576 1577 1575 
4539 1408 1823 1822 
4540 960 1014 1013 
4541 1785 1786 1783 
4542 2860 2861 2060 
4543 2762 4457 4438 
4544 896 3957 894 
4545 1060 1061 1059 
4546 2559 4054 1911 
4547 332 3915 480 
4548 2892 2893 2231 
4549 333 3915 332 
4550 1823 3888 2389 
4551 1323 3951 1283 
4552 1203 4073 1207 
4553 225 500 224 
4554 136 499 135 
4555 1700 1702 1701 
4556 562 4307 3421 
4557 531 3906 216 
4558 216 3906 215 
4559 499 3872 135 
4560 1841 2243 2242 
4561 591 3876 206 
4562 1026 1055 956 
4563 2231 3933 2182 
4564 550 3900 340 
4565 2102 2327 2101 
4566 758 4015 1928 
4567 1275 1276 1263 
4568 1344 4404 3247 
4569 1922 3919 2410 
4570 3902 3904 3903 
4571 2377 2636 2635 
4572 2010 3843 2255 
4573 3908 3910 3909 
4574 1912 2148 1163 
4575 340 3900 339 
4576 411 3866 410 
4577 2156 2157 1500 
4578 2740 3769 1502 
4579 2270 3351 3350 
4580 2511 3934 2346 
4581 1972 2701 1971 
4582 1294 1323 1283 
4583 1078 4066 1079 
4584 3812 3957 982 
4585 205 3876 442 
4586 2476 3963 1322 
4587 1600 1602 1601 
4588 1946 2428 2187 
4589 205 442 204 
4590 353 443 352 
4591 1246 1261 1245 
4592 2370 2576 2150 
4593 223 589 222 
4594 134 586 133 
4595 680 3956 677 
4596 1424 1426 1425 
4597 1922 2410 1997 
4598 531 3922 3908 
4599 985 4107 1018 
4600 594 3878 329 
4601 351 590 350 
4602 207 591 206 
4603 135 3872 134 
4604 287 3879 592 
4605 2636 2644 2643 
4606 3908 3922 3912 
4607 972 4040 965 
4608 2561 2818 2552 
4609 206 3876 205 
4610 900 901 892 
4611 328 3878 449 
4612 328 449 327 
4613 453 3879 288 
4614 289 453 288 
4615 592 3880 286 
4616 1071 1072 1061 
4617 276 534 275 
4618 424 533 423 
4619 330 3883 594 
4620 1458 1498 1328 
4621 1854 4147 2720 
4622 330 594 329 
4623 287 592 286 
4624 1108 1386 1072 
4625 346 3885 595 
4626 329 3878 328 
4627 288 3879 287 
4628 593 3889 211 
4629 1387 1801 1386 
4630 3046 3047 3044 
4631 285 3880 493 
4632 221 598 220 
4633 132 596 131 
4634 480 3883 331 
4635 286 3880 285 
4636 331 3883 330 
4637 212 3890 593 
4638 452 3885 347 
4639 2605 2953 2952 
4640 348 452 347 
4641 3491 3492 3488 
4642 595 3891 345 
4643 210 3889 448 
4644 210 448 209 
4645 346 595 345 
4646 212 593 211 
4647 479 3890 213 
4648 347 3885 346 
4649 211 3889 210 
4650 344 3891 494 
4651 285 493 284 
4652 214 479 213 
4653 213 3890 212 
4654 345 3891 344 
4655 332 480 331 
4656 344 494 343 
4657 282 549 281 
4658 217 531 216 
4659 335 532 334 
4660 341 550 340 
4661 280 597 279 
4662 337 599 336 
4663 2057 2770 2657 
4664 2742 3696 2113 
4665 494 3895 343 
4666 1119 4406 1074 
4667 2155 2551 2154 
4668 2760 2761 2474 
4669 2751 2827 2166 
4670 2428 2804 2429 
4671 1667 1668 1666 
4672 218 3922 217 
4673 3902 3903 3901 
4674 862 863 845 
4675 1671 4265 1668 
4676 1920 3919 1922 
4677 2291 2292 2290 
4678 2390 3924 1498 
4679 2593 2594 2592 
4680 3893 3895 494 
4681 2364 4133 1137 
4682 980 981 973 
4683 2529 4068 1965 
4684 1001 1022 1000 
4685 1526 1927 1485 
4686 1048 2090 1046 
4687 898 899 886 
4688 1580 1581 1579 
4689 1157 4084 1155 
4690 1102 3928 2394 
4691 3896 3897 3895 
4692 3146 3147 3145 
4693 718 1486 713 
4694 1515 3663 2739 
4695 1023 1024 1022 
4696 3113 3116 3115 
4697 1547 3752 1546 
4698 2006 3799 1951 
4699 1939 4046 2760 
4700 610 1088 608 
4701 1207 1208 1206 
4702 758 1928 760 
4703 3177 3226 2701 
4704 3138 3140 3139 
4705 2299 3231 2606 
4706 2410 2412 2411 
4707 847 1925 818 
4708 3705 3718 578 
4709 2769 4072 2416 
4710 2332 4066 1420 
4711 217 3922 531 
4712 2523 2524 2441 
4713 2304 4036 2303 
4714 1669 1670 1668 
4715 925 926 901 
4716 1102 2393 1103 
4717 928 3962 3690 
4718 2495 2496 2493 
4719 2367 3974 2798 
4720 2431 2823 2822 
4721 1229 3501 1227 
4722 893 2126 895 
4723 2733 3729 2736 
4724 1312 3949 1090 
4725 3888 4004 2389 
4726 704 924 694 
4727 2651 2652 2292 
4728 914 1102 984 
4729 1244 3942 2771 
4730 2305 3831 2306 
4731 1027 4224 1016 
4732 1211 1212 1210 
4733 1243 1245 1235 
4734 1209 1210 1208 
4735 1139 4133 1142 
4736 2860 2862 2861 
4737 1551 1553 1552 
4738 1073 1074 1024 
4739 1426 1428 1427 
4740 2963 2964 2922 
4741 443 3863 352 
4742 1859 4147 1856 
4743 3912 3913 3910 
4744 2345 2559 1911 
4745 1405 1485 1041 
4746 773 793 756 
4747 2503 3188 3183 
4748 196 3918 195 
4749 1316 3941 934 
4750 1567 3977 1564 
4751 2412 2930 2929 
4752 1704 1706 1705 
4753 3908 3912 3910 
4754 1104 1166 1053 
4755 767 3953 3788 
4756 1003 1004 981 
4757 1138 2107 1136 
4758 2447 2449 2448 
4759 2449 2667 2666 
4760 803 824 823 
4761 2440 2441 2137 
4762 2892 2894 2893 
4763 2644 2946 2945 
4764 1549 1551 1550 
4765 824 850 849 
4766 2181 3871 1798 
4767 2893 3933 2231 
4768 1535 2010 2009 
4769 2033 2034 1927 
4770 1346 3938 2764 
4771 1218 1926 1214 
4772 2397 2492 2396 
4773 916 1000 874 
4774 1910 4068 3543 
4775 2395 2396 1796 
4776 3394 3395 3393 
4777 1930 2756 1918 
4778 1553 1555 1554 
4779 1090 3949 1399 
4780 1353 1354 1314 
4781 2921 2922 2205 
4782 1428 1430 1429 
4783 1602 1606 1605 
4784 675 738 737 
4785 2111 3382 1036 
4786 3710 3711 3707 
4787 4026 4064 2417 
4788 2460 2465 2459 
4789 1173 1175 1174 
4790 2129 3923 2036 
4791 3438 3441 1966 
4792 3934 4439 3688 
4793 1961 4002 2723 
4794 2179 2182 2181 
4795 627 1924 629 
4796 1320 1535 1533 
4797 422 3856 3853 
4798 1399 1461 1444 
4799 2792 2793 2135 
4800 631 794 633 
4801 698 1351 702 
4802 982 3957 896 
4803 2374 2383 2372 
4804 2667 2669 2668 
4805 602 2996 1091 
4806 1673 1674 1672 
4807 2198 2923 2883 
4808 1803 2431 2072 
4809 1974 2573 2558 
4810 1848 1849 1847 
4811 2653 2654 2652 
4812 2569 2820 2369 
4813 1358 4071 1361 
4814 1655 4065 1656 
4815 2120 2775 1938 
4816 2588 2589 2244 
4817 2555 2587 1979 
4818 3860 3863 443 
4819 2243 2244 2242 
4820 1278 4207 4177 
4821 1952 3926 1954 
4822 1708 1710 1709 
4823 1488 1948 1487 
4824 2410 2411 1997 
4825 1135 3668 2364 
4826 2010 2255 2254 
4827 1794 3941 1316 
4828 2226 2405 1980 
4829 2008 2146 1524 
4830 1865 4104 1868 
4831 828 829 827 
4832 1467 3565 1049 
4833 2224 2753 2752 
4834 1499 3871 1974 
4835 2553 2586 1978 
4836 2487 2488 2486 
4837 2390 4023 3924 
4838 1523 1524 1119 
4839 850 866 865 
4840 1555 1557 1556 
4841 1974 3871 2573 
4842 2002 2060 1438 
4843 2068 2069 1786 
4844 3649 3958 3647 
4845 1823 1824 1822 
4846 1384 2095 1140 
4847 2982 2983 2894 
4848 1230 1231 1212 
4849 1645 4091 1641 
4850 1118 1119 1074 
4851 654 655 653 
4852 1222 1260 1220 
4853 2359 4014 2366 
4854 1973 2568 2554 
4855 1791 4005 2132 
4856 2721 4057 2092 
4857 2160 2162 2096 
4858 2134 2475 1311 
4859 2497 2498 2496 
4860 640 643 642 
4861 620 1336 618 
4862 2742 4187 3946 
4863 1307 1308 1115 
4864 963 964 926 
4865 2198 2860 2060 
4866 928 950 929 
4867 2163 2164 1512 
4868 626 653 624 
4869 2617 2618 2616 
4870 866 4416 904 
4871 2697 2698 2090 
4872 2538 2539 2537 
4873 1285 3362 2114 
4874 1339 3956 680 
4875 866 904 903 
4876 2132 2503 2502 
4877 1318 1794 1316 
4878 1419 1487 1069 
4879 671 923 673 
4880 3712 3713 3711 
4881 1014 1015 1013 
4882 2147 2808 2146 
4883 1309 1310 1308 
4884 1954 2489 2246 
4885 2734 3723 2161 
4886 2536 2537 2535 
4887 738 747 746 
4888 1313 1314 1226 
4889 566 3469 3464 
4890 1606 1608 1607 
4891 1398 1400 1089 
4892 1458 1499 1498 
4893 2540 2541 2539 
4894 1417 1832 1831 
4895 3501 4039 1227 
4896 707 928 717 
4897 2335 3545 1782 
4898 2198 2883 2860 
4899 1011 1312 1090 
4900 2466 2467 2465 
4901 3396 3397 3395 
4902 1989 3361 1544 
4903 2088 4137 2719 
4904 1946 4191 2428 
4905 2542 3161 2541 
4906 1324 1326 1325 
4907 4060 4071 1356 
4908 836 837 829 
4909 904 933 932 
4910 909 910 907 
4911 2412 2929 2411 
4912 1363 1364 1362 
4913 851 852 839 
4914 1803 3999 2431 
4915 962 990 989 
4916 1444 2003 2002 
4917 2002 2198 2060 
4918 2081 4017 2296 
4919 947 3802 944 
4920 1875 4115 1874 
4921 1737 1738 1736 
4922 3739 4167 3873 
4923 950 1476 1475 
4924 1294 1324 1323 
4925 944 946 945 
4926 3782 3784 3783 
4927 1317 1417 1415 
4928 922 958 957 
4929 912 913 910 
4930 1321 2750 1319 
4931 2787 3937 2393 
4932 2550 2585 2383 
4933 2144 2145 1536 
4934 3618 3622 3620 
4935 1922 1997 1936 
4936 1095 3562 1112 
4937 2379 2387 2381 
4938 1026 1056 1055 
4939 500 3786 224 
4940 1916 1920 1917 
4941 1361 1362 1360 
4942 1365 1366 1364 
4943 1405 1526 1485 
4944 1997 2049 1936 
4945 1009 1010 954 
4946 1122 1469 1329 
4947 1002 3966 1097 
4948 2891 2892 2231 
4949 656 657 655 
4950 2773 2774 2517 
4951 1144 1479 1146 
4952 2744 4202 3612 
4953 1528 1530 1529 
4954 2929 2931 2411 
4955 1056 1058 1057 
4956 2892 2982 2894 
4957 2086 3877 3200 
4958 1076 1389 1004 
4959 1102 1103 984 
4960 3920 4285 1467 
4961 1033 1099 1034 
4962 1726 1727 1723 
4963 2615 2616 2388 
4964 987 1033 988 
4965 1035 3820 998 
4966 2204 2881 2880 
4967 1275 1277 1276 
4968 1017 1028 1027 
4969 2311 4036 2307 
4970 1444 2002 1438 
4971 2499 2531 2498 
4972 1232 1233 1231 
4973 1897 4094 1896 
4974 880 881 859 
4975 635 2726 638 
4976 1081 1083 1082 
4977 643 3979 1168 
4978 1042 1916 1406 
4979 1920 1922 1921 
4980 1940 2781 2139 
4981 2204 3921 2881 
4982 1936 2059 1921 
4983 2816 3887 2789 
4984 1493 1536 1490 
4985 3413 3417 3411 
4986 2266 2341 2174 
4987 2405 4047 1980 
4988 2475 3973 1311 
4989 1096 2765 1791 
4990 1399 1444 1438 
4991 3811 4192 3812 
4992 990 1017 1016 
4993 1557 1559 1558 
4994 3750 4371 3748 
4995 1435 2509 1815 
4996 1920 1921 1917 
4997 1320 3955 1535 
4998 877 878 857 
4999 1917 2004 1406 
5000 1058 1060 1059 
5001 946 949 948 
5002 2922 3994 2205 
5003 2230 2231 2182 
5004 3764 3768 3766 
5005 2583 2584 2164 
5006 1535 2009 1533 
5007 1526 2033 1927 
5008 565 3448 3447 
5009 863 889 888 
5010 2770 2973 2657 
5011 2034 2460 2459 
5012 1979 3940 1824 
5013 753 764 763 
5014 4106 4117 1916 
5015 2581 2582 2162 
5016 3511 3528 568 
5017 2557 3160 3159 
5018 1301 1305 1303 
5019 764 771 770 
5020 2428 4292 2804 
5021 816 817 802 
5022 1834 3346 1528 
5023 2963 2965 2964 
5024 2198 3945 2923 
5025 2218 2219 2071 
5026 3480 3484 3483 
5027 3240 3241 2520 
5028 1958 1960 1959 
5029 1085 4043 1083 
5030 841 861 860 
5031 1099 1163 1100 
5032 2279 2281 2280 
5033 1394 2776 1031 
5034 1399 3949 1461 
5035 561 3380 3379 
5036 1685 1686 1684 
5037 998 1021 1020 
5038 2086 3200 2289 
5039 783 786 785 
5040 3853 3856 3855 
5041 704 987 924 
5042 1160 3983 1504 
5043 2326 2414 2087 
5044 2387 2561 2552 
5045 1808 1809 1806 
5046 3821 4037 999 
5047 1922 1936 1921 
5048 1015 3936 1030 
5049 1675 1676 1674 
5050 2230 2895 2891 
5051 2964 3960 2922 
5052 1964 4094 2528 
5053 786 788 787 
5054 2384 3686 3685 
5055 1418 2766 2032 
5056 658 659 657 
5057 2178 2179 1798 
5058 1469 2079 1473 
5059 3406 3410 3405 
5060 1616 4316 1610 
5061 3622 3626 3624 
5062 1413 1435 1434 
5063 2393 3955 1103 
5064 1841 2242 2241 
5065 1060 1071 1061 
5066 1399 1438 1398 
5067 747 753 752 
5068 2481 2482 2416 
5069 1495 2155 2154 
5070 1079 1081 1080 
5071 2921 2963 2922 
5072 1991 1992 1849 
5073 2010 2254 2009 
5074 1844 2370 2150 
5075 3758 3760 3756 
5076 917 918 899 
5077 1387 1802 1801 
5078 821 4046 844 
5079 916 1001 1000 
5080 2421 2574 2423 
5081 1071 1108 1072 
5082 1108 1387 1386 
5083 2003 3945 2002 
5084 1687 1688 1686 
5085 1090 1399 1398 
5086 2415 2416 2414 
5087 2036 3923 2656 
5088 1036 3936 1015 
5089 1824 3940 1841 
5090 2885 2886 2211 
5091 1916 1917 1406 
5092 2081 2296 2294 
5093 1939 2474 2317 
5094 772 814 806 
5095 1150 1474 1152 
5096 2002 3945 2198 
5097 949 994 993 
5098 1248 1249 1241 
5099 3211 4405 4395 
5100 2179 2230 2182 
5101 754 755 745 
5102 1530 1532 1531 
5103 3486 3491 3488 
5104 978 979 977 
5105 824 849 823 
5106 1367 1368 1366 
5107 1963 2084 2083 
5108 1240 1241 1238 
5109 1001 1023 1022 
5110 2293 4130 3497 
5111 1559 1562 1561 
5112 616 835 614 
5113 1960 1963 1962 
5114 2742 3946 3696 
5115 2241 2401 1840 
5116 773 807 793 
5117 3398 3399 3397 
5118 2111 3944 3382 
5119 1797 1798 1499 
5120 1824 1841 1840 
5121 1928 3953 760 
5122 3777 3786 500 
5123 1023 1073 1024 
5124 1582 1583 1581 
5125 647 1934 649 
5126 1021 2166 1109 
5127 915 982 896 
5128 2723 4002 3254 
5129 2594 2596 2595 
5130 890 900 892 
5131 2172 2562 1984 
5132 2767 2917 2916 
5133 1028 1120 1070 
5134 2230 2891 2231 
5135 1710 1712 1711 
5136 4024 4061 2593 
5137 2296 3173 3163 
5138 2101 4040 1050 
5139 678 722 684 
5140 1237 1238 1233 
5141 983 1041 982 
5142 2016 2592 2591 
5143 2283 3233 2510 
5144 2596 3145 2932 
5145 864 1939 1793 
5146 2795 3921 1832 
5147 3941 4021 934 
5148 1533 1534 1321 
5149 4312 4397 2792 
5150 1797 2180 2178 
5151 2750 3988 1319 
5152 807 821 808 
5153 1452 4223 1451 
5154 1042 1405 1041 
5155 2306 3831 2533 
5156 871 3870 905 
5157 821 844 822 
5158 1369 1371 1368 
5159 2157 2560 2159 
5160 2244 2637 2242 
5161 2854 2855 2562 
5162 848 893 875 
5163 1912 2283 2148 
5164 1104 3950 1166 
5165 2001 2718 2264 
5166 1042 1406 1405 
5167 2851 2944 2401 
5168 1320 1533 1321 
5169 1821 1915 1407 
5170 643 645 644 
5171 1983 1984 1397 
5172 902 3992 870 
5173 2036 2656 2655 
5174 1408 1822 1821 
5175 715 1381 720 
5176 1919 2016 2015 
5177 2060 3959 1438 
5178 3250 4066 2332 
5179 1762 1764 1763 
5180 936 951 933 
5181 1891 4115 2347 
5182 2851 3111 2944 
5183 3366 3367 557 
5184 3705 3943 3718 
5185 771 775 774 
5186 1837 2036 2035 
5187 1372 1409 1371 
5188 1243 1246 1245 
5189 1398 3959 1400 
5190 2254 2607 2009 
5191 1103 1320 1319 
5192 3235 4068 2529 
5193 3096 3099 2640 
5194 1562 1564 1563 
5195 1090 1398 1089 
5196 1679 1680 1678 
5197 1886 1887 1881 
5198 850 865 849 
5199 1011 1089 1009 
5200 739 749 748 
5201 1329 4043 1085 
5202 3167 3196 2700 
5203 701 1334 693 
5204 2137 4060 1491 
5205 2791 3002 3001 
5206 711 712 706 
5207 2155 2564 2551 
5208 1011 1090 1089 
5209 3937 3955 2393 
5210 2180 2791 2790 
5211 1320 1321 1319 
5212 2402 2858 2403 
5213 957 1011 1009 
5214 1277 3951 1285 
5215 2756 3989 1918 
5216 2216 2224 1915 
5217 1691 1692 1690 
5218 3400 3401 3399 
5219 1488 1956 1948 
5220 983 1042 1041 
5221 1114 1322 1029 
5222 1824 1840 1822 
5223 1103 1319 984 
5224 2460 2466 2465 
5225 1436 1459 1322 
5226 914 984 915 
5227 1030 1115 1114 
5228 940 2123 938 
5229 1798 3871 1499 
5230 1310 1408 1407 
5231 2686 2689 2688 
5232 2261 2976 2846 
5233 2587 3940 1979 
5234 1526 2402 2033 
5235 1156 1470 1158 
5236 1073 1118 1074 
5237 721 1390 716 
5238 2669 2853 2852 
5239 2050 2188 1459 
5240 1138 3952 2107 
5241 1396 1413 1412 
5242 2402 2403 2033 
5243 2834 2913 2188 
5244 957 1009 954 
5245 724 726 725 
5246 2049 3961 1936 
5247 1015 1030 1029 
5248 692 1335 700 
5249 3402 3405 3401 
5250 1077 2130 1411 
5251 1419 1488 1487 
5252 1458 1797 1499 
5253 1608 1611 1610 
5254 844 862 845 
5255 1898 1899 1897 
5256 2178 3980 2179 
5257 866 903 865 
5258 1130 4183 3276 
5259 1880 1881 1879 
5260 3814 3978 3239 
5261 1417 1831 1415 
5262 726 728 727 
5263 2169 2580 2170 
5264 1841 2241 1840 
5265 1440 1837 1836 
5266 960 1013 1012 
5267 895 914 896 
5268 2254 2877 2607 
5269 1327 2408 1457 
5270 904 932 903 
5271 959 2125 919 
5272 1797 2178 1798 
5273 922 957 954 
5274 2099 3978 1304 
5275 2401 3995 1840 
5276 744 758 757 
5277 3707 3943 3705 
5278 1032 1396 1395 
5279 915 983 982 
5280 2408 2419 2409 
5281 1400 3967 1089 
5282 1766 1776 1767 
5283 1978 4004 1514 
5284 1832 2204 1831 
5285 1442 4173 4170 
5286 1117 4107 2093 
5287 2901 2902 2466 
5288 2372 3944 2111 
5289 1936 3961 2059 
5290 1523 2008 1524 
5291 1025 1346 1116 
5292 1482 4002 1961 
5293 2791 3001 2790 
5294 1346 1440 1439 
5295 3686 3726 3685 
5296 1327 1328 1326 
5297 688 689 652 
5298 722 724 723 
5299 1011 3970 1312 
5300 2241 2851 2401 
5301 1188 4103 2407 
5302 1410 1432 1409 
5303 1506 4062 2169 
5304 1457 1458 1328 
5305 705 710 709 
5306 913 920 919 
5307 867 3874 869 
5308 1009 3967 1010 
5309 966 980 973 
5310 944 945 942 
5311 1253 1254 1249 
5312 2655 2835 2035 
5313 528 3313 3311 
5314 920 960 959 
5315 2180 2790 2178 
5316 922 954 921 
5317 788 790 789 
5318 804 818 768 
5319 2663 2664 2618 
5320 1478 3877 1476 
5321 2886 4098 2211 
5322 893 895 894 
5323 879 922 921 
5324 958 3970 957 
5325 905 3870 962 
5326 2034 3982 2460 
5327 2018 2019 1992 
5328 1438 3959 1398 
5329 1310 1407 1308 
5330 1433 1805 1432 
5331 3230 3496 2687 
5332 1103 3955 1320 
5333 1681 1682 1680 
5334 1306 3870 871 
5335 2728 3802 947 
5336 777 3875 775 
5337 1754 1780 1779 
5338 2008 2147 2146 
5339 1797 4007 2180 
5340 998 1020 996 
5341 9 428 10 
5342 126 427 127 
5343 651 690 687 
5344 1175 1177 1176 
5345 946 948 945 
5346 4317 4335 1525 
5347 2460 2901 2466 
5348 2033 3982 2034 
5349 1118 1523 1119 
5350 660 661 659 
5351 728 730 729 
5352 1283 3951 1277 
5353 810 827 826 
5354 914 915 896 
5355 2419 2879 2831 
5356 852 856 855 
5357 1792 2432 2122 
5358 1415 1416 1318 
5359 2342 2343 2341 
5360 869 3874 1306 
5361 832 842 834 
5362 848 875 874 
5363 1876 1877 1875 
5364 732 734 733 
5365 2134 2778 2475 
5366 879 921 877 
5367 2451 2452 2450 
5368 730 732 731 
5369 3382 3936 1036 
5370 2344 2681 2343 
5371 860 877 857 
5372 1836 1838 1439 
5373 2546 2783 2547 
5374 3754 3975 362 
5375 3950 4274 3263 
5376 3651 4286 2788 
5377 928 929 717 
5378 1641 4091 1659 
5379 1064 1066 1065 
5380 906 908 872 
5381 1207 4273 1209 
5382 856 873 872 
5383 2204 2205 1831 
5384 734 736 735 
5385 130 434 1 
5386 1833 4065 1655 
5387 1821 2216 1915 
5388 2758 4243 3821 
5389 3515 3516 3513 
5390 860 879 877 
5391 1293 1294 1283 
5392 1136 3930 876 
5393 1324 1327 1326 
5394 986 1480 953 
5395 1167 3820 1035 
5396 1015 1029 1013 
5397 1066 1505 1067 
5398 933 3991 932 
5399 841 860 857 
5400 873 907 906 
5401 844 4046 864 
5402 819 847 818 
5403 1866 3751 1864 
5404 1315 3991 3839 
5405 1947 2436 2435 
5406 1920 4117 3919 
5407 1931 1932 1899 
5408 875 916 874 
5409 2880 2921 2205 
5410 2543 2546 2545 
5411 2216 2868 2224 
5412 630 4003 628 
5413 848 874 847 
5414 2354 4014 2356 
5415 1489 2754 1337 
5416 1506 2169 1508 
5417 1408 1821 1407 
5418 2427 2486 2485 
5419 1501 4023 1973 
5420 837 839 838 
5421 2036 2655 2035 
5422 736 741 740 
5423 1832 3921 2204 
5424 2488 3248 3247 
5425 895 896 894 
5426 1950 3178 2073 
5427 841 857 840 
5428 2594 2595 2592 
5429 2427 4159 2487 
5430 2004 3969 1406 
5431 916 2117 1001 
5432 2846 2981 2925 
5433 955 956 908 
5434 4380 4393 2763 
5435 662 663 661 
5436 1878 1879 1877 
5437 1512 3950 1104 
5438 1293 1442 1441 
5439 1317 1318 1316 
5440 3572 3574 3570 
5441 741 751 750 
5442 968 969 918 
5443 2255 3987 2254 
5444 766 797 796 
5445 1712 1715 1714 
5446 900 925 901 
5447 1958 1959 1483 
5448 819 848 847 
5449 2766 2767 2032 
5450 1282 1283 1277 
5451 1023 1075 1073 
5452 2843 2888 2887 
5453 2078 2273 2077 
5454 949 993 948 
5455 1222 2312 1260 
5456 751 766 765 
5457 3334 3335 1725 
5458 950 1475 929 
5459 893 894 875 
5460 4263 4287 1075 
5461 3224 4036 2311 
5462 1274 1275 1263 
5463 1013 3963 1012 
5464 3297 4314 2747 
5465 2226 3998 2405 
5466 2767 2768 2032 
5467 3193 4568 1657 
5468 1611 1617 1616 
5469 648 1383 646 
5470 1025 1026 956 
5471 797 810 809 
5472 708 713 703 
5473 1317 1415 1318 
5474 1114 1436 1322 
5475 2179 3980 2230 
5476 1089 3967 1009 
5477 2147 2809 2808 
5478 1397 4083 1076 
5479 2153 2536 2535 
5480 2425 2427 2426 
5481 1030 1114 1029 
5482 128 535 129 
5483 714 2418 719 
5484 1868 4104 1892 
5485 1436 2050 1459 
5486 2383 3944 2372 
5487 761 2417 759 
5488 803 823 804 
5489 2647 2896 2227 
5490 626 654 653 
5491 1255 1256 1254 
5492 2050 2834 2188 
5493 1837 2035 1836 
5494 3711 3943 3707 
5495 2790 3980 2178 
5496 925 963 926 
5497 865 1484 849 
5498 2041 2042 2039 
5499 2114 3965 2379 
5500 2419 2831 2409 
5501 686 696 695 
5502 1173 1174 1171 
5503 1405 3969 1526 
5504 1488 2199 1956 
5505 1476 2086 1475 
5506 1442 2057 2051 
5507 2463 2598 2597 
5508 2230 3980 2895 
5509 2399 3150 2273 
5510 932 934 903 
5511 2204 2880 2205 
5512 760 767 761 
5513 2157 2159 1500 
5514 2408 2409 1457 
5515 1262 1278 1274 
5516 636 637 634 
5517 3362 3965 2114 
5518 991 2143 930 
5519 1183 4269 1186 
5520 654 656 655 
5521 2775 4139 1938 
5522 820 841 840 
5523 913 919 910 
5524 1021 1109 1020 
5525 957 3970 1011 
5526 2932 2998 2595 
5527 1715 1717 1716 
5528 2514 2515 2513 
5529 2711 4147 1859 
5530 2057 2657 2603 
5531 2508 2849 2848 
5532 2199 2200 1956 
5533 7 537 8 
5534 2460 3982 2901 
5535 980 1003 981 
5536 1406 3969 1405 
5537 920 959 919 
5538 1043 4159 4052 
5539 804 819 818 
5540 862 3973 863 
5541 2708 4522 4512 
5542 767 803 768 
5543 1327 1457 1328 
5544 1514 4004 3888 
5545 2474 2763 2317 
5546 960 1012 959 
5547 1109 1918 1020 
5548 1275 1282 1277 
5549 2217 2228 1833 
5550 2911 2912 2200 
5551 2414 4075 2087 
5552 1188 2407 1215 
5553 1118 1525 1523 
5554 1285 3951 3362 
5555 1986 2631 2608 
5556 812 831 813 
5557 2461 2463 2462 
5558 2723 3254 3253 
5559 2750 4117 4106 
5560 2281 3155 2684 
5561 790 798 791 
5562 809 811 796 
5563 2415 2481 2416 
5564 1315 1317 1316 
5565 1345 2425 1913 
5566 2016 2591 2015 
5567 1315 1316 934 
5568 798 812 799 
5569 758 760 759 
5570 1977 2443 1507 
5571 2015 2017 1930 
5572 1418 1419 1069 
5573 2326 2415 2414 
5574 1278 1338 1337 
5575 1617 1621 1620 
5576 3520 4168 3516 
5577 1221 1224 1223 
5578 820 840 816 
5579 806 816 802 
5580 2296 3985 3173 
5581 2801 2802 2515 
5582 2199 2911 2200 
5583 772 802 769 
5584 1919 1930 1918 
5585 699 2406 697 
5586 1655 1656 1640 
5587 932 1315 934 
5588 1792 1911 826 
5589 2596 2932 2595 
5590 2984 2985 2664 
5591 1378 1796 1471 
5592 1068 1069 999 
5593 852 855 839 
5594 1056 1414 1058 
5595 1039 1040 1038 
5596 1440 1836 1439 
5597 993 999 948 
5598 2655 2903 2835 
5599 1566 1568 1567 
5600 1169 2424 645 
5601 2145 2646 2227 
5602 2369 4084 1503 
5603 806 820 816 
5604 2438 2685 2439 
5605 772 806 802 
5606 1939 2317 1793 
5607 2586 4004 1978 
5608 782 1378 784 
5609 1418 2032 1419 
5610 1257 1258 1256 
5611 1068 1418 1069 
5612 2637 3984 2242 
5613 744 757 756 
5614 762 772 769 
5615 2225 2972 2971 
5616 2737 4040 2101 
5617 803 804 768 
5618 1737 4238 1740 
5619 1435 1815 1434 
5620 679 680 677 
5621 1122 1329 1085 
5622 2444 2445 2443 
5623 1108 1982 1387 
5624 1902 2518 2112 
5625 1060 1522 1071 
5626 2242 3984 2241 
5627 1780 1994 1993 
5628 1346 1439 1116 
5629 1338 1490 1489 
5630 2379 3965 2387 
5631 2917 2950 2916 
5632 1792 4038 2432 
5633 656 658 657 
5634 3568 4034 247 
5635 1140 3952 1138 
5636 719 744 743 
5637 1234 1244 1242 
5638 1810 1811 1809 
5639 1987 4223 2611 
5640 762 769 754 
5641 125 3195 126 
5642 1777 1785 1783 
5643 2359 2366 2362 
5644 2008 2590 2147 
5645 714 718 713 
5646 760 3953 767 
5647 3839 4019 2398 
5648 2767 2916 2768 
5649 2191 2909 2908 
5650 2221 2450 1800 
5651 1303 3971 1495 
5652 2503 3183 2502 
5653 1262 1263 1252 
5654 641 1509 639 
5655 2084 2707 2083 
5656 2751 4225 2827 
5657 2122 2345 1911 
5658 1526 3969 2402 
5659 2431 2822 2072 
5660 951 3991 933 
5661 643 644 642 
5662 1960 1962 1959 
5663 1097 3966 1844 
5664 856 872 855 
5665 2560 2813 2159 
5666 3171 3172 2285 
5667 2132 4005 2503 
5668 4181 4276 1713 
5669 1293 1441 1294 
5670 1963 2083 1962 
5671 2307 4036 2304 
5672 1025 1116 1026 
5673 3944 4185 2739 
5674 2763 3287 2317 
5675 719 743 718 
5676 1062 1064 1063 
5677 955 1025 956 
5678 1659 2048 2047 
5679 993 1068 999 
5680 2631 3095 2640 
5681 744 756 743 
5682 2020 2021 2019 
5683 2752 4077 3990 
5684 873 906 872 
5685 757 773 756 
5686 906 955 908 
5687 1083 1096 1082 
5688 2415 3210 2481 
5689 1568 1570 1569 
5690 1840 3995 1822 
5691 3385 3421 3387 
5692 427 600 127 
5693 1244 2138 2116 
5694 707 717 708 
5695 714 719 718 
5696 767 768 761 
5697 837 838 829 
5698 4177 4207 2757 
5699 2506 2508 2507 
5700 2131 2464 1790 
5701 2138 2794 2746 
5702 1476 3877 2086 
5703 4052 4159 2425 
5704 765 1380 750 
5705 2657 2899 2603 
5706 2005 2006 1951 
5707 1460 2461 2175 
5708 3095 3096 2640 
5709 2327 2737 2101 
5710 760 761 759 
5711 1885 4057 1871 
5712 2987 2988 2985 
5713 3517 3520 3516 
5714 1282 1293 1283 
5715 2746 2757 2116 
5716 2164 3950 1512 
5717 1109 1919 1918 
5718 3924 4023 1501 
5719 2485 3198 2426 
5720 1224 1226 1225 
5721 1770 3948 1772 
5722 1812 1908 1811 
5723 1175 1176 1174 
5724 1469 1473 1329 
5725 2488 3247 2486 
5726 1354 1356 1355 
5727 827 1792 826 
5728 1442 2051 1441 
5729 2057 2603 2051 
5730 1029 3963 1013 
5731 1345 1912 1163 
5732 1919 2015 1930 
5733 1319 3988 984 
5734 1216 4273 3357 
5735 864 1311 862 
5736 1050 4040 972 
5737 726 727 725 
5738 3216 4461 3964 
5739 1308 3990 1115 
5740 2528 4094 3143 
5741 3210 3458 3211 
5742 1394 2777 2776 
5743 3925 4276 4181 
5744 1413 1434 1412 
5745 708 714 713 
5746 617 1341 619 
5747 748 762 754 
5748 1264 1265 1258 
5749 1251 1252 1246 
5750 728 729 727 
5751 2538 2540 2539 
5752 1752 4088 3360 
5753 2403 3982 2033 
5754 2432 2747 2122 
5755 2540 2542 2541 
5756 2086 2087 1475 
5757 535 3007 129 
5758 773 1343 807 
5759 1728 1729 1727 
5760 3551 4396 3550 
5761 1322 3963 1029 
5762 2107 3930 1136 
5763 1464 1465 1402 
5764 681 1929 683 
5765 1570 1572 1571 
5766 666 669 668 
5767 758 759 757 
5768 3483 3972 3486 
5769 672 1923 670 
5770 938 3981 936 
5771 2531 3204 3203 
5772 1822 3995 1821 
5773 1096 4043 2765 
5774 2004 4080 3969 
5775 810 826 809 
5776 984 3988 915 
5777 1420 4066 1078 
5778 734 735 733 
5779 2145 2227 1536 
5780 3210 3211 2481 
5781 2079 2081 1473 
5782 732 733 731 
5783 1370 1374 1359 
5784 707 708 703 
5785 2631 2640 2608 
5786 1401 1466 1464 
5787 2134 2779 2778 
5788 797 809 796 
5789 1266 1267 1265 
5790 702 707 703 
5791 741 750 740 
5792 1793 2134 1311 
5793 766 796 765 
5794 724 725 723 
5795 698 702 699 
5796 2313 4226 1788 
5797 2296 3163 2294 
5798 736 740 735 
5799 2707 2708 2083 
5800 722 723 684 
5801 751 765 750 
5802 730 731 729 
5803 1973 4023 2568 
5804 3476 4262 3473 
5805 1401 1402 1374 
5806 1965 4068 1910 
5807 1242 1243 1235 
5808 1534 4176 4142 
5809 2289 2326 2087 
5810 681 682 680 
5811 740 742 735 
5812 748 754 745 
5813 739 745 721 
5814 2536 2538 2537 
5815 720 721 716 
5816 1294 3993 1324 
5817 1626 1627 1612 
5818 1495 3971 2155 
5819 686 695 694 
5820 1952 4241 3926 
5821 931 1062 992 
5822 2996 3128 1091 
5823 632 1379 630 
5824 2289 2713 2326 
5825 2254 3987 2877 
5826 124 536 125 
5827 11 538 12 
5828 987 1043 1033 
5829 1962 2799 1959 
5830 1590 1949 1594 
5831 2410 4176 2412 
5832 4288 4319 2115 
5833 1458 4007 1797 
5834 1305 3971 1303 
5835 1909 2038 1908 
5836 2086 2289 2087 
5837 864 1793 1311 
5838 844 864 862 
5839 1370 4018 1401 
5840 1234 1235 1229 
5841 1003 1076 1004 
5842 1572 1574 1573 
5843 683 685 682 
5844 739 748 745 
5845 720 739 721 
5846 664 665 663 
5847 1278 1337 1274 
5848 696 698 697 
5849 1915 3990 1407 
5850 996 3989 994 
5851 715 720 716 
5852 2241 3984 2851 
5853 915 3988 983 
5854 683 686 685 
5855 686 694 685 
5856 1471 2413 784 
5857 715 716 711 
5858 3868 4231 3869 
5859 1792 2122 1911 
5860 695 704 694 
5861 1338 1489 1337 
5862 1079 1080 1019 
5863 930 4144 880 
5864 1081 1082 1080 
5865 929 1340 717 
5866 3239 3978 2099 
5867 2428 2429 2187 
5868 1357 2128 1355 
5869 1376 2825 2738 
5870 2744 4060 2137 
5871 428 3005 10 
5872 2759 4291 2758 
5873 3932 4064 1925 
5874 1338 4177 1493 
5875 3215 3224 2311 
5876 2095 3952 1140 
5877 932 3991 1315 
5878 613 815 615 
5879 3957 3996 894 
5880 1262 1274 1263 
5881 863 3973 889 
5882 1243 1251 1246 
5883 2827 4061 2166 
5884 1129 2091 1511 
5885 2776 4042 1031 
5886 1311 3973 862 
5887 2427 2485 2426 
5888 1490 2053 1489 
5889 658 660 659 
5890 434 3097 1 
5891 1584 1585 1583 
5892 2492 2748 2396 
5893 755 4013 745 
5894 2582 3245 2162 
5895 1099 1345 1163 
5896 1396 1412 1395 
5897 681 683 682 
5898 2347 4115 3694 
5899 1053 4127 975 
5900 1956 4398 4377 
5901 2335 3968 3545 
5902 1815 2211 1434 
5903 1179 1181 1180 
5904 678 684 679 
5905 2646 2647 2227 
5906 1356 1358 1357 
5907 3935 4108 3929 
5908 1177 1179 1178 
5909 1717 1719 1718 
5910 1194 1196 1195 
5911 731 854 729 
5912 2797 4194 1773 
5913 2057 4170 2770 
5914 3969 4080 2402 
5915 1005 1006 979 
5916 2622 2623 2620 
5917 709 715 711 
5918 725 1044 723 
5919 2707 3939 2708 
5920 2233 2975 2885 
5921 936 3981 951 
5922 1042 4106 1916 
5923 123 3010 124 
5924 1971 4183 1393 
5925 12 3012 13 
5926 2989 2990 2988 
5927 1462 1951 1332 
5928 4154 4256 882 
5929 883 898 886 
5930 3484 3972 3483 
5931 679 681 680 
5932 3756 3975 3754 
5933 702 703 699 
5934 942 4001 940 
5935 2846 2925 2845 
5936 1815 2233 2211 
5937 2167 2575 1967 
5938 1251 1262 1252 
5939 963 4042 964 
5940 709 711 706 
5941 705 706 701 
5942 1844 3966 2370 
5943 2056 2843 2842 
5944 1804 1980 1768 
5945 700 701 693 
5946 1635 1645 1641 
5947 607 608 606 
5948 1181 1183 1182 
5949 1415 3994 1416 
5950 13 437 14 
5951 122 438 123 
5952 4170 4173 2754 
5953 1358 1360 1359 
5954 1225 1227 1223 
5955 3319 3322 3320 
5956 2425 2426 1913 
5957 964 3976 966 
5958 1457 4007 1458 
5959 609 610 608 
5960 1621 1623 1622 
5961 2804 2805 2429 
5962 3486 3972 3491 
5963 2792 4332 4312 
5964 698 699 697 
5965 2504 2506 2505 
5966 1228 1229 1227 
5967 1381 4011 720 
5968 1919 4024 2016 
5969 603 604 601 
5970 605 606 604 
5971 625 626 624 
5972 705 709 706 
5973 700 705 701 
5974 1407 3990 1308 
5975 778 897 780 
5976 692 700 693 
5977 1354 1355 1314 
5978 2123 3981 938 
5979 875 3996 916 
5980 1183 1185 1184 
5981 2608 2890 2226 
5982 1331 1795 1333 
5983 1534 4233 3695 
5984 2420 2421 1509 
5985 692 693 688 
5986 739 4011 749 
5987 864 4046 1939 
5988 1821 3995 2216 
5989 894 3996 875 
5990 666 667 665 
5991 1934 4032 649 
5992 715 4025 1381 
5993 2233 2885 2211 
5994 4231 4246 2125 
5995 1983 2172 1984 
5996 2531 3203 2498 
5997 1491 4060 1354 
5998 910 4010 907 
5999 3219 3235 2529 
6000 1327 3993 2408 
6001 623 624 622 
6002 1188 1214 1184 
6003 669 671 670 
6004 1213 2121 2119 
6005 2337 3250 2332 
6006 678 679 677 
6007 1441 3993 1294 
6008 2897 2914 2806 
6009 2166 4024 1109 
6010 721 4013 1390 
6011 711 4009 712 
6012 1383 4114 646 
6013 2485 3242 3198 
6014 1578 1580 1579 
6015 696 697 695 
6016 2053 4257 4236 
6017 2944 4118 2401 
6018 1740 1741 1738 
6019 1500 4006 1167 
6020 1831 3994 1415 
6021 1889 1898 1897 
6022 676 678 677 
6023 2546 2547 2545 
6024 1932 2078 2077 
6025 1503 4084 1157 
6026 2138 2746 2116 
6027 1896 4094 1964 
6028 1345 1913 1912 
6029 701 4016 1334 
6030 2093 4107 2727 
6031 1234 1242 1235 
6032 2125 4010 919 
6033 712 4016 706 
6034 2043 2044 2042 
6035 1390 4009 716 
6036 1334 4028 693 
6037 1244 2116 1242 
6038 775 3875 867 
6039 668 675 667 
6040 1419 4000 1488 
6041 1412 1825 1395 
6042 2783 2784 2547 
6043 940 4001 2123 
6044 2141 2504 2142 
6045 2413 4125 784 
6046 660 662 661 
6047 916 3996 2117 
6048 671 673 672 
6049 1695 1696 1694 
6050 1221 1222 1220 
6051 621 622 620 
6052 4236 4257 2770 
6053 673 676 674 
6054 1268 1269 1267 
6055 1986 2608 2226 
6056 1464 1975 1465 
6057 2205 3994 1831 
6058 3634 4049 1127 
6059 2022 2023 2021 
6060 607 691 609 
6061 662 664 663 
6062 2689 2691 2690 
6063 1765 1803 1768 
6064 1224 1225 1223 
6065 3389 3392 3391 
6066 687 692 688 
6067 1576 1578 1577 
6068 2301 2721 2092 
6069 1018 4107 1117 
6070 1020 3989 996 
6071 967 1031 963 
6072 1796 1842 1471 
6073 623 627 625 
6074 2768 4000 2032 
6075 2750 4106 3988 
6076 925 967 963 
6077 842 858 843 
6078 2172 2854 2562 
6079 1324 3993 1327 
6080 3413 3418 3417 
6081 1378 1471 784 
6082 2746 4240 2757 
6083 1863 4104 1865 
6084 17 446 18 
6085 118 447 119 
6086 1219 1220 1218 
6087 427 602 601 
6088 2192 2193 2006 
6089 2121 2517 2516 
6090 1755 1756 1753 
6091 1898 1931 1899 
6092 955 4033 3938 
6093 1203 1206 1205 
6094 3256 3257 2339 
6095 2820 3842 2369 
6096 876 4193 852 
6097 687 688 652 
6098 651 652 650 
6099 692 4045 1335 
6100 649 650 648 
6101 1785 2068 1786 
6102 975 4127 3849 
6103 710 4025 709 
6104 1228 1234 1229 
6105 1335 4027 700 
6106 2032 4000 1419 
6107 4142 4176 3919 
6108 2169 4048 2580 
6109 1483 4008 1478 
6110 945 4001 942 
6111 1986 2226 1980 
6112 3842 4084 2369 
6113 2409 4007 1457 
6114 666 668 667 
6115 621 623 622 
6116 1032 1394 1031 
6117 2069 2218 2071 
6118 1215 1218 1214 
6119 623 625 624 
6120 688 4028 689 
6121 619 621 620 
6122 656 853 658 
6123 3760 3975 3756 
6124 647 648 646 
6125 2081 2294 2082 
6126 2547 3168 2545 
6127 647 649 648 
6128 1994 2208 2207 
6129 2261 2846 2845 
6130 1115 4077 1114 
6131 649 651 650 
6132 651 687 652 
6133 2081 2082 1473 
6134 1032 1395 1394 
6135 1401 1464 1402 
6136 1765 1766 1764 
6137 1275 4044 1282 
6138 2180 4128 2791 
6139 2045 2176 2044 
6140 427 601 600 
6141 2441 2744 2137 
6142 1623 1629 1624 
6143 644 647 646 
6144 3990 4077 1115 
6145 967 1032 1031 
6146 1886 1900 1887 
6147 1190 1350 1187 
6148 3675 3678 3677 
6149 705 4027 710 
6150 1574 1576 1575 
6151 1719 1722 1720 
6152 1401 4018 1466 
6153 605 607 606 
6154 1609 1619 1618 
6155 609 611 610 
6156 651 4032 690 
6157 644 646 642 
6158 1564 3977 1563 
6159 1058 4022 1060 
6160 1872 1876 1875 
6161 607 609 608 
6162 1379 4003 630 
6163 1488 4000 2199 
6164 1356 1357 1355 
6165 1880 1886 1881 
6166 1370 1401 1374 
6167 1077 4129 2130 
6168 15 539 16 
6169 120 540 121 
6170 907 4033 906 
6171 1321 4142 2750 
6172 1629 1631 1630 
6173 669 670 668 
6174 676 677 674 
6175 640 642 641 
6176 1536 4035 1490 
6177 664 666 665 
6178 2166 4061 4024 
6179 1270 1271 1269 
6180 3406 3411 3410 
6181 1225 1228 1227 
6182 2399 3151 3150 
6183 744 4015 758 
6184 4327 4446 2523 
6185 640 641 639 
6186 1360 1370 1359 
6187 3107 3108 2824 
6188 3424 4934 4230 
6189 1185 1188 1184 
6190 1358 1359 1357 
6191 690 4045 687 
6192 2416 4072 2414 
6193 2261 2845 2217 
6194 1746 1747 1745 
6195 2177 2194 2176 
6196 4082 4186 3848 
6197 1774 2141 2011 
6198 1280 1281 1271 
6199 2822 3107 2824 
6200 2781 2782 2139 
6201 619 620 618 
6202 2294 2295 2082 
6203 2078 2399 2273 
6204 1183 1184 1182 
6205 3622 3773 3626 
6206 2543 2544 2542 
6207 2822 2824 2072 
6208 647 4097 1934 
6209 1803 2072 1804 
6210 1133 4370 3670 
6211 2528 3143 3142 
6212 966 3976 980 
6213 967 4082 3847 
6214 829 4038 827 
6215 776 777 775 
6216 919 4010 910 
6217 1181 1182 1180 
6218 2047 2217 1833 
6219 2169 2170 1508 
6220 827 4038 1792 
6221 2464 4141 1790 
6222 1722 1726 1723 
6223 2055 2104 2103 
6224 2047 2261 2217 
6225 2540 2543 2542 
6226 1221 1223 1222 
6227 671 672 670 
6228 638 640 639 
6229 1370 4109 4018 
6230 818 4026 768 
6231 738 974 747 
6232 638 639 636 
6233 1918 3989 1020 
6234 1092 1093 1040 
6235 903 4021 865 
6236 1874 4115 1891 
6237 673 674 672 
6238 2024 2025 2023 
6239 1478 4008 3877 
6240 1219 1221 1220 
6241 1274 4044 1275 
6242 602 1091 603 
6243 1180 1279 1178 
6244 1114 4077 1436 
6245 2401 4118 3995 
6246 2754 4044 1337 
6247 858 880 859 
6248 2691 2693 2692 
6249 1804 1986 1980 
6250 2285 4017 2079 
6251 1659 2047 1833 
6252 1364 1385 1362 
6253 2873 2874 2206 
6254 719 4015 744 
6255 617 619 618 
6256 2078 2400 2399 
6257 2402 4080 2858 
6258 745 4013 721 
6259 1735 4137 1749 
6260 1179 1180 1178 
6261 1215 1219 1218 
6262 2347 3694 2349 
6263 1411 2014 1983 
6264 1868 1892 1870 
6265 865 4021 1484 
6266 635 638 636 
6267 1083 4043 1096 
6268 761 4026 2417 
6269 1878 1880 1879 
6270 633 635 634 
6271 1392 4130 1969 
6272 3988 4106 983 
6273 2172 2856 2854 
6274 615 617 616 
6275 819 4108 3935 
6276 2159 4006 1500 
6277 2543 2545 2544 
6278 1177 1178 1176 
6279 3739 4214 4167 
6280 804 4108 819 
6281 635 636 634 
6282 633 634 632 
6283 1167 4006 3820 
6284 535 3008 3007 
6285 934 4021 903 
6286 1984 4083 1397 
6287 2769 4270 4072 
6288 1586 1587 1585 
6289 1631 1633 1632 
6290 1765 1768 1766 
6291 2418 4015 719 
6292 1803 1804 1768 
6293 1809 4143 1806 
6294 2195 2619 2194 
6295 1739 4217 3299 
6296 631 633 632 
6297 720 4011 739 
6298 613 615 614 
6299 2261 4078 2976 
6300 2079 4017 2081 
6301 1096 1790 1082 
6302 2693 2832 2694 
6303 3240 4418 1713 
6304 626 1347 654 
6305 603 605 604 
6306 2520 3968 2335 
6307 2896 4035 2227 
6308 716 4009 711 
6309 2856 3091 3090 
6310 1757 1758 1756 
6311 757 4031 773 
6312 4010 4033 907 
6313 2420 2422 2421 
6314 2890 3998 2226 
6315 1188 1215 1214 
6316 2093 2727 2315 
6317 1096 1791 1790 
6318 2132 2502 2501 
6319 645 4097 644 
6320 786 1377 788 
6321 631 632 630 
6322 4007 4128 2180 
6323 575 4101 3618 
6324 3516 4168 4030 
6325 1109 4024 1919 
6326 611 612 610 
6327 831 3997 832 
6328 1505 1506 1067 
6329 3402 3406 3405 
6330 2832 2934 2833 
6331 4086 4325 1132 
6332 1761 1762 1760 
6333 2909 2924 2908 
6334 1411 1983 1397 
6335 1959 4008 1483 
6336 1066 1067 1065 
6337 768 4026 761 
6338 660 1348 662 
6339 1194 1195 1192 
6340 1201 2454 1195 
6341 1490 4035 2053 
6342 629 631 630 
6343 1902 4150 2518 
6344 906 4033 955 
6345 2443 4164 1507 
6346 627 629 628 
6347 780 781 779 
6348 629 630 628 
6349 1414 4022 1058 
6350 983 4106 1042 
6351 1033 4052 1099 
6352 1003 1077 1076 
6353 782 783 781 
6354 1060 4022 1522 
6355 1202 4073 1203 
6356 778 779 777 
6357 1791 2132 2131 
6358 948 4037 945 
6359 3675 3677 3672 
6360 717 4020 708 
6361 1659 1833 1655 
6362 3392 3394 3393 
6363 2279 2280 2277 
6364 3421 4307 4234 
6365 3360 4351 3298 
6366 2756 4132 3989 
6367 759 4031 757 
6368 889 4186 890 
6369 1077 1411 1397 
6370 708 4020 714 
6371 782 784 783 
6372 1169 4136 2424 
6373 602 603 601 
6374 1876 1878 1877 
6375 641 2420 1509 
6376 4046 4124 2760 
6377 2417 4031 759 
6378 706 4016 701 
6379 709 4025 715 
6380 611 613 612 
6381 3925 4181 1751 
6382 999 4037 948 
6383 714 4020 2418 
6384 2228 4065 1833 
6385 617 618 616 
6386 2326 4029 2415 
6387 1769 1770 1747 
6388 2325 3330 2037 
6389 1064 1065 1063 
6390 437 3011 14 
6391 1580 1582 1581 
6392 1943 1944 1942 
6393 2713 4029 2326 
6394 627 628 625 
6395 1762 1765 1764 
6396 1354 4060 1356 
6397 964 4042 3976 
6398 1284 1286 1281 
6399 1911 4054 826 
6400 1898 2433 1931 
6401 809 4054 811 
6402 1137 4133 1139 
6403 2856 3090 2854 
6404 1707 1708 1706 
6405 823 4108 804 
6406 1916 4117 1920 
6407 1941 1942 1614 
6408 1161 4200 3983 
6409 1597 1598 1596 
6410 1703 1704 1702 
6411 699 4053 2406 
6412 3995 4118 2216 
6413 1931 4119 1932 
6414 3394 3396 3395 
6415 1368 1443 1366 
6416 773 4031 1343 
6417 615 616 614 
6418 1977 2444 2443 
6419 1043 4254 3641 
6420 693 4028 688 
6421 1077 1397 1076 
6422 753 1937 764 
6423 2468 3220 2434 
6424 771 776 775 
6425 1780 1993 1779 
6426 2119 2120 1938 
6427 613 614 612 
6428 1345 4052 2425 
6429 2240 2290 2282 
6430 2408 4148 2419 
6431 116 542 117 
6432 19 541 20 
6433 713 4053 703 
6434 2134 4041 2779 
6435 1588 1589 1587 
6436 3396 3398 3397 
6437 1110 1111 1095 
6438 4058 4169 2773 
6439 811 4067 796 
6440 540 3018 121 
6441 838 4038 829 
6442 1793 4041 2134 
6443 2543 4099 2546 
6444 2317 4041 1793 
6445 1222 4039 2312 
6446 1759 1760 1758 
6447 2415 4029 3210 
6448 700 4027 705 
6449 3989 4132 994 
6450 2740 4237 3965 
6451 1031 4042 963 
6452 1203 1205 1200 
6453 1654 1663 1662 
6454 1422 1423 1404 
6455 2227 4035 1536 
6456 2026 2074 2025 
6457 1856 4147 1854 
6458 1633 1638 1634 
6459 1409 1814 1371 
6460 1805 2430 2206 
6461 3287 4041 2317 
6462 54 465 55 
6463 81 466 82 
6464 1847 4217 1750 
6465 3649 4530 3958 
6466 21 458 22 
6467 51 460 52 
6468 114 459 115 
6469 84 457 85 
6470 2738 2792 2135 
6471 447 3016 119 
6472 2947 2948 2259 
6473 2457 2513 2512 
6474 900 4082 925 
6475 1337 4044 1274 
6476 1166 4127 1053 
6477 1196 1201 1195 
6478 3400 3402 3401 
6479 20 3027 21 
6480 686 4055 696 
6481 3398 3400 3399 
6482 1208 4058 1206 
6483 2512 3190 2456 
6484 1356 4071 1358 
6485 2807 2898 2897 
6486 1261 4187 1301 
6487 3172 4017 2285 
6488 780 782 781 
6489 1112 3562 3561 
6490 2121 2516 2119 
6491 1998 2797 1773 
6492 1340 4020 717 
6493 2599 2844 2186 
6494 2624 2625 2623 
6495 2502 3221 2501 
6496 2135 3997 831 
6497 1940 4163 2781 
6498 2433 2468 2434 
6499 2805 2807 2806 
6500 1124 2455 1846 
6501 636 4069 637 
6502 2424 4097 645 
6503 687 4045 692 
6504 971 978 977 
6505 4050 4051 1929 
6506 776 778 777 
6507 778 780 779 
6508 3136 3137 3116 
6509 2934 2936 2935 
6510 3191 4482 1955 
6511 1882 3751 1866 
6512 1699 1700 1698 
6513 765 4067 1380 
6514 1213 1938 1205 
6515 2455 2457 2456 
6516 2048 4078 2047 
6517 2433 2434 1931 
6518 1314 4070 1226 
6519 2315 4089 2377 
6520 1124 1468 1120 
6521 1376 2135 831 
6522 2218 2869 2219 
6523 2636 3217 2644 
6524 3873 4167 855 
6525 826 4054 809 
6526 1176 1349 1174 
6527 1287 1288 1286 
6528 683 4055 686 
6529 2409 4128 4007 
6530 993 4132 1068 
6531 722 4281 3791 
6532 2799 4008 1959 
6533 1791 2131 1790 
6534 649 4032 651 
6535 695 4063 704 
6536 1846 1950 1468 
6537 1534 4142 1321 
6538 1777 4138 1785 
6539 1228 4105 3942 
6540 2216 4118 2868 
6541 2626 2627 2625 
6542 1171 4136 1169 
6543 2293 3497 3207 
6544 703 4053 699 
6545 2132 2501 2131 
6546 2406 4063 697 
6547 637 4090 634 
6548 945 4037 4001 
6549 2210 2629 2208 
6550 1638 1648 1639 
6551 2075 2276 2074 
6552 790 800 798 
6553 2538 4099 2540 
6554 3618 4101 3622 
6555 1441 4148 3993 
6556 1733 1737 1736 
6557 1509 4069 639 
6558 52 3034 53 
6559 1043 4052 1033 
6560 2840 2841 2839 
6561 3956 4095 674 
6562 1886 1902 1900 
6563 1582 1584 1583 
6564 1475 4075 929 
6565 57 477 58 
6566 78 478 79 
6567 1598 4056 1600 
6568 796 4067 765 
6569 446 3013 18 
6570 1761 3999 1762 
6571 684 4050 679 
6572 855 4167 839 
6573 1659 4091 2048 
6574 2757 4079 2116 
6575 1243 4079 1251 
6576 1380 4076 750 
6577 679 4050 681 
6578 1878 1901 1880 
6579 53 3021 54 
6580 87 473 88 
6581 48 474 49 
6582 898 917 899 
6583 3974 4468 2798 
6584 2087 4075 1475 
6585 3128 3129 1091 
6586 2452 4113 2450 
6587 1929 4055 683 
6588 4044 4173 1282 
6589 1242 4079 1243 
6590 1453 1454 1452 
6591 3163 4059 2294 
6592 1977 2645 2444 
6593 50 3033 51 
6594 1945 1947 1944 
6595 2800 3167 2700 
6596 1902 2085 1900 
6597 2112 2700 2085 
6598 2430 2974 2873 
6599 994 4132 993 
6600 2136 4306 2440 
6601 23 3039 24 
6602 1670 1673 1672 
6603 1099 4052 1345 
6604 1759 1826 1761 
6605 1740 4238 1774 
6606 2446 2447 2253 
6607 3513 4030 3511 
6608 1062 1063 992 
6609 3237 4455 1913 
6610 1641 1659 1655 
6611 697 4063 695 
6612 2517 3187 2516 
6613 2750 4142 4117 
6614 1967 4062 1505 
6615 1227 4039 1223 
6616 2966 2967 2469 
6617 3218 4183 1971 
6618 1894 1933 1890 
6619 1445 1446 1111 
6620 24 475 25 
6621 111 476 112 
6622 2698 2722 2090 
6623 1516 1517 1456 
6624 2628 2674 2627 
6625 3412 3413 3411 
6626 1648 1651 1649 
6627 4117 4142 3919 
6628 1418 4213 2766 
6629 1293 4173 1442 
6630 1289 1290 1288 
6631 1986 4096 2631 
6632 1223 4039 1222 
6633 2936 2960 2937 
6634 2805 2806 2429 
6635 3299 4134 3300 
6636 740 4076 742 
6637 929 4075 1340 
6638 750 4076 740 
6639 681 4050 1929 
6640 542 3019 117 
6641 1343 4124 807 
6642 644 4097 647 
6643 1762 3999 1765 
6644 776 4203 3642 
6645 1656 4116 1640 
6646 3412 3415 3413 
6647 2268 2388 2271 
6648 2831 4128 2409 
6649 990 1352 1017 
6650 1805 2206 1432 
6651 2807 2897 2806 
6652 2225 4197 2972 
6653 2128 4070 1355 
6654 2294 4059 2295 
6655 672 4095 1923 
6656 1506 1507 1067 
6657 1226 4105 1225 
6658 2515 3194 2513 
6659 1902 2112 2085 
6660 2753 4209 2752 
6661 1766 4047 1776 
6662 1776 4138 1777 
6663 2675 3112 2674 
6664 2681 3134 2683 
6665 1362 4109 1360 
6666 1376 2738 2135 
6667 3565 4261 2697 
6668 2112 2800 2700 
6669 807 4124 821 
6670 1506 1508 1507 
6671 2849 2928 2848 
6672 4132 4213 1068 
6673 1755 1757 1756 
6674 2757 4240 4177 
6675 1471 4092 2413 
6676 1946 2187 2186 
6677 1517 4074 1519 
6678 1059 4288 1057 
6679 1206 1213 1205 
6680 1065 1391 1063 
6681 986 4085 1480 
6682 1932 4119 2078 
6683 1900 4100 1887 
6684 2042 4178 2039 
6685 1923 4087 670 
6686 2047 4078 2261 
6687 974 4426 3605 
6688 2825 4343 2738 
6689 1374 4102 1359 
6690 782 4120 1378 
6691 2457 4284 2514 
6692 3993 4148 2408 
6693 812 1376 831 
6694 1508 1977 1507 
6695 1019 4085 986 
6696 632 4090 1379 
6697 3511 4030 3528 
6698 2508 2848 2507 
6699 2235 2236 2190 
6700 1980 4047 1768 
6701 3669 4165 2737 
6702 2189 2190 1781 
6703 1046 4154 885 
6704 1127 4049 1129 
6705 1806 4143 1805 
6706 1533 4233 1534 
6707 2407 4278 3352 
6708 1626 4116 1627 
6709 917 968 918 
6710 1765 3999 1803 
6711 2088 2719 2704 
6712 3946 4187 1261 
6713 1625 4477 3306 
6714 2211 4098 1434 
6715 1360 4109 1370 
6716 925 4082 967 
6717 1185 4103 1188 
6718 1355 4070 1314 
6719 2324 3361 1989 
6720 1187 4103 1185 
6721 1357 4102 2128 
6722 1213 2119 1938 
6723 1768 4047 1766 
6724 2339 4086 2337 
6725 2645 2650 2444 
6726 2234 2469 2030 
6727 3241 3968 2520 
6728 1651 1653 1652 
6729 1676 1679 1678 
6730 2191 2665 2068 
6731 75 489 76 
6732 60 490 61 
6733 2459 4287 2458 
6734 2116 4079 1242 
6735 2055 2103 1906 
6736 3983 4200 2536 
6737 1434 4098 1412 
6738 668 4087 675 
6739 1505 4062 1506 
6740 1785 2191 2068 
6741 2908 2995 2665 
6742 2758 4291 4243 
6743 639 4069 636 
6744 45 488 46 
6745 90 487 91 
6746 3737 4255 3478 
6747 1066 4312 1935 
6748 2191 2908 2665 
6749 1682 1685 1684 
6750 1213 4058 2121 
6751 1291 1403 1290 
6752 2607 4233 2009 
6753 1028 1124 1120 
6754 2710 4265 2029 
6755 1707 1752 1751 
6756 2383 4185 3944 
6757 2463 4131 2598 
6758 1212 1236 1210 
6759 2611 4223 3536 
6760 821 4124 4046 
6761 2066 2711 1859 
6762 1757 1759 1758 
6763 1759 1761 1760 
6764 3996 4192 2117 
6765 1008 1039 1038 
6766 2430 2873 2206 
6767 1688 1691 1690 
6768 1726 1728 1727 
6769 1887 4100 1889 
6770 2017 4297 4267 
6771 2754 4173 4044 
6772 27 491 28 
6773 108 492 109 
6774 1584 1586 1585 
6775 1605 4190 1625 
6776 3732 4216 4056 
6777 968 1330 969 
6778 459 3025 115 
6779 1660 4528 4500 
6780 1704 1707 1706 
6781 3113 3115 3112 
6782 2489 2490 2246 
6783 3229 3346 1834 
6784 3046 3048 3047 
6785 1219 4166 3778 
6786 2419 4221 2879 
6787 4003 4112 628 
6788 1804 4096 1986 
6789 2143 4144 930 
6790 2385 4175 3948 
6791 4379 4403 3600 
6792 1949 4123 1594 
6793 1943 1946 1945 
6794 3406 3412 3411 
6795 1412 4098 1825 
6796 1641 1655 1640 
6797 1586 1588 1587 
6798 670 4087 668 
6799 2072 4096 1804 
6800 1330 4296 4242 
6801 3516 4030 3513 
6802 2824 4096 2072 
6803 2437 2438 2436 
6804 1635 1640 1626 
6805 1994 2207 1993 
6806 634 4090 632 
6807 1528 1529 1430 
6808 897 4120 780 
6809 2187 2599 2186 
6810 784 4125 783 
6811 2457 2512 2456 
6812 2407 4166 1215 
6813 4108 4201 3929 
6814 1174 4136 1171 
6815 1484 4201 849 
6816 2760 4161 2761 
6817 676 4281 678 
6818 2491 2604 2490 
6819 1393 4183 1130 
6820 1366 4121 1364 
6821 458 3030 22 
6822 1811 2061 1809 
6823 2974 3120 2873 
6824 2599 3003 2844 
6825 4070 4105 1226 
6826 1593 1597 1596 
6827 2038 2678 2259 
6828 2540 4099 2543 
6829 1262 4207 1278 
6830 978 1005 979 
6831 674 4095 672 
6832 2061 4143 1809 
6833 646 4114 642 
6834 1993 1995 1779 
6835 4008 4204 3877 
6836 3478 4255 3480 
6837 2575 4062 1967 
6838 1842 4092 1471 
6839 1462 2005 1951 
6840 1225 4105 1228 
6841 2014 4093 1983 
6842 3432 4256 2722 
6843 642 4114 641 
6844 2434 4119 1931 
6845 2193 2817 2816 
6846 1124 1846 1468 
6847 832 3997 842 
6848 2051 4148 1441 
6849 1542 1543 1541 
6850 1728 1748 1729 
6851 3823 4263 2117 
6852 2506 2507 2505 
6853 1350 4103 1187 
6854 3957 4192 3996 
6855 783 4125 786 
6856 625 4112 626 
6857 1710 1713 1712 
6858 3293 4226 2313 
6859 3938 4246 2764 
6860 2605 2952 2604 
6861 1618 1626 1612 
6862 839 4167 838 
6863 3823 4287 4263 
6864 466 3022 82 
6865 867 3875 3874 
6866 1707 1751 1708 
6867 1359 4102 1357 
6868 1635 1641 1640 
6869 931 992 991 
6870 1663 1665 1664 
6871 1700 1703 1702 
6872 42 513 43 
6873 93 514 94 
6874 2455 2456 1846 
6875 1685 1687 1686 
6876 4240 4275 2144 
6877 2069 4160 2218 
6878 2005 2192 2006 
6879 1618 1635 1626 
6880 457 3028 85 
6881 1352 4284 4151 
6882 4077 4209 1436 
6883 1692 1695 1694 
6884 74 3041 75 
6885 2536 4200 2538 
6886 2106 2274 2104 
6887 2425 4159 2427 
6888 30 497 31 
6889 105 498 106 
6890 1424 1425 1423 
6891 1983 4093 2172 
6892 1080 4085 1019 
6893 2701 3218 1971 
6894 1331 4245 1795 
6895 1489 4236 2754 
6896 2814 2815 2368 
6897 1597 1940 1614 
6898 2068 4160 2069 
6899 2218 2870 2869 
6900 3138 3139 3137 
6901 3919 4176 2410 
6902 884 930 880 
6903 1785 4138 2191 
6904 1665 1667 1666 
6905 465 3020 55 
6906 1752 1754 1753 
6907 2078 4119 2400 
6908 992 1087 991 
6909 1385 4109 1362 
6910 2681 2683 2343 
6911 1940 2139 1941 
6912 1870 4110 1872 
6913 4079 4207 1251 
6914 2598 2872 2597 
6915 1215 4166 1219 
6916 474 3035 49 
6917 1754 1755 1753 
6918 2527 4352 3133 
6919 2249 2484 1819 
6920 1754 1779 1755 
6921 1943 1945 1944 
6922 2451 2670 2452 
6923 1376 4149 2825 
6924 854 4473 4465 
6925 3622 4101 3773 
6926 931 991 930 
6927 2953 3124 2952 
6928 72 525 73 
6929 63 524 64 
6930 1941 1943 1942 
6931 4040 4165 965 
6932 858 884 880 
6933 1548 1549 1547 
6934 2281 2684 2280 
6935 1889 4100 1898 
6936 884 931 930 
6937 2330 2715 2679 
6938 4096 4229 2631 
6939 1238 1247 1233 
6940 73 3056 74 
6941 62 3103 63 
6942 1667 1669 1668 
6943 2038 2259 1908 
6944 1609 1612 1603 
6945 1129 4049 2091 
6946 1900 4258 4100 
6947 1565 1566 1564 
6948 2221 2451 2450 
6949 1594 1603 1591 
6950 1609 1618 1612 
6951 3793 4504 4478 
6952 2337 4086 3250 
6953 1752 1753 1751 
6954 1635 4145 1645 
6955 2444 4157 2445 
6956 786 4125 1377 
6957 1696 1699 1698 
6958 1426 1427 1425 
6959 3257 4086 2339 
6960 2172 4093 2856 
6961 1737 1740 1738 
6962 1594 1609 1603 
6963 1206 4058 1213 
6964 1091 4111 603 
6965 2461 2462 2175 
6966 102 526 103 
6967 33 527 34 
6968 2463 2597 2462 
6969 2504 2505 2142 
6970 2824 4229 4096 
6971 4148 4221 2419 
6972 2450 4184 1800 
6973 3421 4234 3387 
6974 641 4114 2420 
6975 475 3037 25 
6976 2240 2282 2238 
6977 2756 4213 4132 
6978 823 4201 4108 
6979 3358 4205 3355 
6980 628 4112 625 
6981 1442 4170 2057 
6982 4006 4225 2751 
6983 1282 4173 1293 
6984 1428 1429 1427 
6985 1192 4126 1190 
6986 3965 4237 2387 
6987 2585 4185 2383 
6988 2727 4089 2315 
6989 980 4129 1003 
6990 473 3105 88 
6991 65 543 66 
6992 2191 4138 2909 
6993 2039 4178 2038 
6994 2799 4204 4008 
6995 603 4111 605 
6996 626 4112 1347 
6997 38 519 39 
6998 97 520 98 
6999 2184 2185 1818 
7000 68 523 69 
7001 1044 4188 723 
7002 1597 1614 1598 
7003 2438 2951 2685 
7004 611 4350 613 
7005 1947 2437 2436 
7006 890 4186 900 
7007 780 4120 782 
7008 959 4268 2125 
7009 4151 4284 2455 
7010 1586 1590 1588 
7011 94 3083 95 
7012 2017 4267 1930 
7013 2757 4207 4079 
7014 1364 4121 1385 
7015 1609 4123 1619 
7016 1942 4056 1614 
7017 2914 4153 2806 
7018 3400 3409 3402 
7019 100 544 101 
7020 35 545 36 
7021 1673 1675 1674 
7022 3134 3165 2683 
7023 1946 2186 1945 
7024 1937 4379 3600 
7025 3266 4514 1721 
7026 2377 4135 2636 
7027 2699 4352 2526 
7028 2202 2203 1953 
7029 1023 4263 1075 
7030 737 4336 667 
7031 492 3114 109 
7032 1301 4187 1305 
7033 3252 4315 3971 
7034 2141 2142 2011 
7035 2117 4263 1001 
7036 1679 1681 1680 
7037 1590 1594 1591 
7038 1190 4126 1350 
7039 2287 4217 1847 
7040 1619 4145 1618 
7041 2251 2446 2253 
7042 1005 1342 1006 
7043 1278 4177 1338 
7044 2623 4220 2620 
7045 1717 1721 1719 
7046 67 3078 68 
7047 99 3082 100 
7048 1602 1628 1606 
7049 1003 4129 1077 
7050 1726 1734 1728 
7051 2461 4353 2463 
7052 2170 4122 1508 
7053 3649 4536 4530 
7054 1443 4121 1366 
7055 40 546 41 
7056 95 547 96 
7057 2268 2271 2215 
7058 2747 4319 4288 
7059 1584 4171 1586 
7060 1432 4152 1409 
7061 1082 4141 1080 
7062 1898 4100 2433 
7063 1743 1746 1745 
7064 1532 1817 1531 
7065 1484 4286 4201 
7066 1530 1531 1529 
7067 1703 4088 1704 
7068 1640 4116 1626 
7069 3976 4129 980 
7070 1805 4143 2430 
7071 2524 4202 2441 
7072 2776 4310 4277 
7073 3031 3032 3030 
7074 2843 4180 2888 
7075 1872 4110 1876 
7076 2752 4209 4077 
7077 1451 4223 1987 
7078 1940 1941 1614 
7079 70 548 71 
7080 1093 1110 1095 
7081 2678 2947 2259 
7082 968 1331 1330 
7083 2848 3104 2507 
7084 2159 4225 4006 
7085 2082 4172 1473 
7086 45 3109 488 
7087 3129 4111 1091 
7088 2429 4153 2187 
7089 1039 1092 1040 
7090 2441 4202 2744 
7091 1750 4217 1739 
7092 1590 1591 1588 
7093 3157 3158 2271 
7094 900 4186 4082 
7095 684 4188 4050 
7096 2874 4152 2206 
7097 723 4188 684 
7098 1772 4175 2847 
7099 987 4254 1043 
7100 1790 4141 1082 
7101 1481 4363 3771 
7102 491 3054 28 
7103 1016 4224 1113 
7104 3396 3408 3398 
7105 2478 2479 2007 
7106 3433 4208 2328 
7107 3930 4193 876 
7108 1687 4184 1688 
7109 1788 4226 1683 
7110 2454 4126 1195 
7111 1254 1259 1249 
7112 1333 1463 1462 
7113 2843 2887 2842 
7114 1195 4126 1192 
7115 490 3042 61 
7116 2187 4153 2599 
7117 2044 2269 2042 
7118 1200 4139 1198 
7119 1590 4171 1949 
7120 2005 2225 2192 
7121 1849 2287 1847 
7122 898 2471 917 
7123 2652 2702 2292 
7124 1017 4151 1028 
7125 4332 4343 1968 
7126 849 4201 823 
7127 1467 4386 3565 
7128 2764 4231 3868 
7129 1508 4122 1977 
7130 1580 1604 1582 
7131 1614 4056 1598 
7132 3812 4192 3957 
7133 1977 4122 2645 
7134 1892 4110 1870 
7135 1446 1538 1448 
7136 1331 1333 1332 
7137 2197 2906 2905 
7138 1331 1332 1330 
7139 4221 4272 2879 
7140 1699 4081 1700 
7141 798 4149 812 
7142 2051 4221 4148 
7143 3184 3185 2282 
7144 2767 4297 2917 
7145 881 4210 883 
7146 4050 4188 4051 
7147 1349 4136 1174 
7148 1781 3948 1770 
7149 883 4210 898 
7150 2737 4165 4040 
7151 1574 1613 1576 
7152 3877 4204 3200 
7153 1890 4146 1882 
7154 2218 4160 2870 
7155 1329 4172 4043 
7156 2090 4154 1046 
7157 2631 4229 3095 
7158 2269 4178 2042 
7159 2225 2971 2920 
7160 771 4203 776 
7161 2363 4328 1513 
7162 1409 4152 1814 
7163 1333 1462 1332 
7164 2290 3184 2282 
7165 889 4308 4186 
7166 764 4203 771 
7167 2503 4329 3188 
7168 3942 4299 2771 
7169 1480 4311 3553 
7170 1473 4172 1329 
7171 1740 1773 1741 
7172 1148 4301 1150 
7173 1704 4088 1707 
7174 3257 4325 4086 
7175 1178 4158 1176 
7176 2754 4236 4170 
7177 2082 4294 4172 
7178 1279 4158 1178 
7179 2164 4274 3950 
7180 2194 2889 2176 
7181 1937 4203 764 
7182 2464 4396 4311 
7183 1436 4209 2050 
7184 2802 4481 4370 
7185 1880 4150 1886 
7186 497 3057 31 
7187 2225 2920 2192 
7188 2618 3153 2616 
7189 1450 1453 1452 
7190 4100 4258 2433 
7191 4234 4307 3407 
7192 3196 4302 2700 
7193 3999 4162 2431 
7194 4043 4172 2765 
7195 4089 4135 2377 
7196 4286 4303 2788 
7197 3392 3407 3394 
7198 2611 3536 2613 
7199 2386 2840 2839 
7200 1938 4139 1205 
7201 1454 1516 1456 
7202 1068 4213 1418 
7203 2190 3948 1781 
7204 2021 2275 2019 
7205 3746 4317 1075 
7206 526 3059 103 
7207 800 4149 798 
7208 4063 4254 704 
7209 1205 4139 1200 
7210 1210 4169 1208 
7211 1265 1273 1258 
7212 978 2755 1005 
7213 3570 4034 3568 
7214 4439 4465 3688 
7215 2449 2709 2667 
7216 4170 4236 2770 
7217 2388 3157 2271 
7218 1251 4207 1262 
7219 1746 1769 1747 
7220 458 3031 3030 
7221 1594 4123 1609 
7222 4167 4214 838 
7223 3937 4356 3844 
7224 2009 4233 1533 
7225 2636 4135 3217 
7226 2505 2866 2142 
7227 2759 4324 4291 
7228 3746 4335 4317 
7229 2546 4342 2783 
7230 2544 4448 3176 
7231 1769 1781 1770 
7232 1460 4239 2461 
7233 2387 4237 2561 
7234 2794 4275 2746 
7235 1901 4150 1880 
7236 2620 4220 2619 
7237 1700 4081 1703 
7238 2689 2939 2691 
7239 527 3060 34 
7240 1208 4169 4058 
7241 4144 4210 881 
7242 1176 4158 1349 
7243 2650 4157 2444 
7244 1886 4150 1902 
7245 1568 1636 1570 
7246 2479 4250 2007 
7247 2603 4221 2051 
7248 2948 4179 2259 
7249 1826 4162 1761 
7250 1618 4145 1635 
7251 1761 4162 3999 
7252 2806 4153 2429 
7253 544 3080 101 
7254 2206 4152 1432 
7255 2703 3293 2313 
7256 1846 4174 1950 
7257 1124 4151 2455 
7258 4010 4246 4033 
7259 4417 4493 3531 
7260 2446 3192 2447 
7261 38 3106 519 
7262 520 3069 98 
7263 2665 4160 2068 
7264 4177 4240 1493 
7265 2813 4225 2159 
7266 3184 3246 3185 
7267 3190 4174 2456 
7268 812 4149 1376 
7269 543 3064 66 
7270 2341 4285 3920 
7271 1110 1445 1111 
7272 1611 1642 1617 
7273 1682 4235 1685 
7274 1080 4141 4085 
7275 519 3072 39 
7276 4172 4294 2765 
7277 1562 1565 1564 
7278 1707 4088 1752 
7279 548 3087 71 
7280 523 3079 69 
7281 1063 4155 992 
7282 1067 4164 1065 
7283 2234 2966 2469 
7284 547 3086 96 
7285 1330 4242 969 
7286 3387 4234 3389 
7287 1589 4163 1593 
7288 2096 4326 2095 
7289 4277 4310 2130 
7290 1708 4181 1710 
7291 4311 4396 3553 
7292 2074 2272 2025 
7293 2769 4331 4270 
7294 2538 4200 4099 
7295 1521 1542 1541 
7296 4038 4214 2432 
7297 1352 4151 1017 
7298 1740 1774 1773 
7299 969 4242 971 
7300 2434 4252 4119 
7301 1751 4181 1708 
7302 3108 4229 2824 
7303 3821 4243 4037 
7304 2053 4236 1489 
7305 1028 4151 1124 
7306 992 4155 1087 
7307 1951 4296 1332 
7308 2985 2986 2664 
7309 1555 1560 1557 
7310 4324 4362 4019 
7311 4417 4517 2120 
7312 1435 4388 2509 
7313 2722 4256 4154 
7314 4231 4268 3869 
7315 3498 4265 2710 
7316 2625 2863 2623 
7317 1908 4179 1811 
7318 2684 3164 2280 
7319 4119 4252 2400 
7320 2189 2235 2190 
7321 3473 4262 3472 
7322 2038 4178 2678 
7323 1065 4164 1391 
7324 1676 4249 1679 
7325 3248 4381 3247 
7326 1670 4264 1673 
7327 1933 4146 1890 
7328 3788 4376 1164 
7329 2793 4211 3997 
7330 1688 4184 1691 
7331 1507 4164 1067 
7332 2029 4265 1671 
7333 2235 2977 2236 
7334 1774 2011 1998 
7335 4329 4456 3188 
7336 2234 2968 2966 
7337 2467 4335 2465 
7338 2597 2992 2462 
7339 4342 4368 2783 
7340 1681 4235 1682 
7341 2693 2871 2832 
7342 4267 4297 2766 
7343 1110 1460 1445 
7344 4037 4243 4001 
7345 4242 4296 2755 
7346 2368 4182 2210 
7347 466 3023 3022 
7348 3065 3068 3067 
7349 704 4254 987 
7350 1545 1548 1547 
7351 1551 1660 1553 
7352 1391 4155 1063 
7353 2722 4154 2090 
7354 1196 4282 1201 
7355 1799 1800 1687 
7356 4213 4267 2766 
7357 1271 1292 1269 
7358 3480 4255 3484 
7359 4064 4295 2417 
7360 1186 4269 1297 
7361 4001 4243 2123 
7362 1039 2483 1092 
7363 838 4214 4038 
7364 2773 4244 2774 
7365 2775 4282 4139 
7366 1565 1952 1644 
7367 1882 4146 3751 
7368 2220 2221 1800 
7369 1236 4169 1210 
7370 1460 2175 2030 
7371 1998 4219 2797 
7372 1092 4239 1093 
7373 2674 2941 2627 
7374 1769 1816 1781 
7375 1075 4317 1073 
7376 1445 4253 1446 
7377 2125 4268 4231 
7378 4033 4246 3938 
7379 2844 4198 2186 
7380 3641 4345 2780 
7381 4201 4286 3929 
7382 2235 2978 2977 
7383 1209 4273 1216 
7384 2210 4182 2629 
7385 4191 4292 2428 
7386 3546 4409 468 
7387 2572 4608 2570 
7388 3043 3044 3042 
7389 1952 1954 1953 
7390 2056 4259 2843 
7391 1006 4260 1008 
7392 1710 4181 1713 
7393 1774 1998 1773 
7394 1529 4266 1430 
7395 2456 4174 1846 
7396 1685 1799 1687 
7397 1774 4238 2141 
7398 971 4242 978 
7399 3948 4175 1772 
7400 2085 4258 1900 
7401 1481 4393 4380 
7402 2770 4257 2973 
7403 1621 1646 1623 
7404 1930 4267 2756 
7405 2221 2867 2451 
7406 2011 2258 1998 
7407 4129 4277 2130 
7408 1001 4263 1023 
7409 1118 4317 1525 
7410 1629 1657 1631 
7411 2125 4246 4010 
7412 1954 2246 2202 
7413 3213 3498 2710 
7414 898 4210 2471 
7415 2238 4189 2066 
7416 1586 4171 1590 
7417 3045 3046 3044 
7418 3180 4604 2572 
7419 1945 4198 1947 
7420 1516 1819 1517 
7421 1593 4163 1597 
7422 3724 4199 2064 
7423 2603 4272 4221 
7424 2215 4195 2213 
7425 1992 4206 1849 
7426 1816 2247 2189 
7427 4299 4334 2771 
7428 2863 4220 2623 
7429 2747 4314 2122 
7430 2343 4285 2341 
7431 1565 1644 1566 
7432 3265 4544 4531 
7433 2139 4191 1941 
7434 1675 4249 1676 
7435 4103 4278 2407 
7436 2484 4074 1819 
7437 2979 2980 2601 
7438 1811 4179 2061 
7439 3052 3053 3048 
7440 1943 4191 1946 
7441 2249 2634 2484 
7442 1286 1375 1281 
7443 1999 2470 1681 
7444 1253 4413 1255 
7445 3220 4252 2434 
7446 1012 4268 959 
7447 1460 2030 1445 
7448 1947 4198 2437 
7449 3061 3062 3060 
7450 3971 4315 2155 
7451 3070 3071 3069 
7452 2405 4279 4047 
7453 2600 2601 2470 
7454 3065 3066 3064 
7455 2175 2234 2030 
7456 3929 4286 3651 
7457 3574 4034 3570 
7458 2475 4308 3973 
7459 1679 1999 1681 
7460 2085 4302 4258 
7461 2398 4362 2795 
7462 2776 4277 4042 
7463 1290 1539 1288 
7464 2584 4274 2164 
7465 1816 2189 1781 
7466 1819 4074 1517 
7467 2115 4319 3739 
7468 1572 4212 1574 
7469 842 4211 858 
7470 1669 4264 1670 
7471 2259 4179 1908 
7472 4056 4216 1600 
7473 1542 1830 1543 
7474 1516 2056 1819 
7475 1799 2220 1800 
7476 1342 4260 1006 
7477 1633 1839 1638 
7478 2433 4258 2468 
7479 491 3100 3054 
7480 1093 4239 1110 
7481 1430 4266 1429 
7482 2197 2473 1669 
7483 1548 2007 1549 
7484 4153 4290 2599 
7485 1597 4163 1940 
7486 3389 4234 3392 
7487 2062 2472 1675 
7488 2993 2994 2662 
7489 1532 4196 1817 
7490 2765 4294 4005 
7491 1600 4216 1602 
7492 1453 4259 1454 
7493 2899 4272 2603 
7494 1941 4191 1943 
7495 1542 2013 1830 
7496 2952 2954 2604 
7497 3143 4371 3142 
7498 2064 4199 2251 
7499 1776 4279 4138 
7500 4243 4291 2123 
7501 1548 2477 2007 
7502 3976 4277 4129 
7503 2661 2662 2472 
7504 2905 2907 2473 
7505 1741 4194 1743 
7506 1008 4260 1039 
7507 3245 4326 2162 
7508 1576 4218 1578 
7509 3046 3052 3048 
7510 2056 2842 2249 
7511 4472 4474 3558 
7512 2476 4341 3963 
7513 3248 4424 4365 
7514 1673 2062 1675 
7515 793 4365 756 
7516 2292 4215 2290 
7517 1648 1985 1651 
7518 2746 4275 4240 
7519 3941 4303 4021 
7520 1800 4184 1687 
7521 858 4211 884 
7522 2906 3098 2905 
7523 1952 1953 1644 
7524 4214 4319 2432 
7525 490 3043 3042 
7526 1954 2202 1953 
7527 3303 4330 3338 
7528 2186 4198 1945 
7529 2246 2836 2202 
7530 3217 4304 2644 
7531 1057 4288 2115 
7532 4072 4270 1340 
7533 2815 4182 2368 
7534 2756 4267 4213 
7535 3941 4364 4303 
7536 3997 4211 842 
7537 2500 4403 3604 
7538 2066 4189 2711 
7539 2019 4228 1992 
7540 4258 4302 2468 
7541 1667 2197 1669 
7542 2435 4289 3732 
7543 2013 2648 2171 
7544 2477 2677 2478 
7545 4139 4282 1198 
7546 4163 4305 2781 
7547 1427 1835 1425 
7548 1663 2028 1665 
7549 4162 4313 2823 
7550 1531 1996 1529 
7551 2469 4253 2030 
7552 789 4408 787 
7553 2290 4215 3184 
7554 2914 4290 4153 
7555 678 4281 722 
7556 1773 4194 1741 
7557 1937 4338 4203 
7558 1818 4196 1532 
7559 1463 4197 1462 
7560 1198 4282 1196 
7561 2458 4287 3823 
7562 4042 4277 3976 
7563 1999 2600 2470 
7564 4020 4270 2418 
7565 3328 4325 3257 
7566 2600 2979 2601 
7567 1340 4270 4020 
7568 1462 4197 2005 
7569 4395 4405 1164 
7570 4015 4331 1928 
7571 2328 4208 2330 
7572 3739 4319 4214 
7573 2129 4373 3923 
7574 4186 4308 3848 
7575 1413 4369 1435 
7576 2570 4613 2563 
7577 3043 3045 3044 
7578 4294 4329 4005 
7579 1454 4259 1516 
7580 4144 4322 4210 
7581 1566 4230 1568 
7582 2282 4189 2238 
7583 1685 4235 1799 
7584 1929 4340 4055 
7585 2056 2249 1819 
7586 1352 4348 3596 
7587 2236 4222 2386 
7588 4031 4295 1343 
7589 1733 4300 1737 
7590 1446 4253 1538 
7591 1350 4278 4103 
7592 978 4242 2755 
7593 2442 4276 3925 
7594 2738 4343 4332 
7595 2062 2661 2472 
7596 2661 2993 2662 
7597 2447 4298 2449 
7598 4047 4279 1776 
7599 1591 4305 1588 
7600 1416 4422 4387 
7601 951 4324 4019 
7602 2005 4197 2225 
7603 2271 4195 2215 
7604 4138 4279 2909 
7605 527 3061 3060 
7606 1602 4216 1628 
7607 1154 4367 1156 
7608 4344 4535 3344 
7609 2197 2905 2473 
7610 4070 4299 4105 
7611 4345 4374 2780 
7612 2480 4334 4102 
7613 1559 4241 1562 
7614 4210 4322 2471 
7615 2013 2171 1830 
7616 2455 4284 2457 
7617 4331 4372 1928 
7618 543 3065 3064 
7619 2477 2478 2007 
7620 4373 4384 3923 
7621 2766 4297 2767 
7622 520 3070 3069 
7623 1679 4249 1999 
7624 2123 4291 3981 
7625 2778 4354 2475 
7626 2677 2919 2478 
7627 4238 4300 2796 
7628 2648 2649 2171 
7629 4064 4355 4295 
7630 3158 4195 2271 
7631 1074 4393 1024 
7632 2778 4369 4354 
7633 2295 4329 4294 
7634 4449 4462 3204 
7635 1849 4206 2287 
7636 3192 4298 2447 
7637 3065 3067 3066 
7638 1673 4264 2062 
7639 2977 4222 2236 
7640 2782 4292 2139 
7641 2787 4364 4356 
7642 1150 4301 1474 
7643 2251 4199 2446 
7644 1894 4321 1933 
7645 1731 4300 1733 
7646 1743 4194 1746 
7647 3061 3122 3062 
7648 2644 4304 2946 
7649 4608 4613 2570 
7650 1343 4295 4161 
7651 1956 4377 1948 
7652 1589 4305 4163 
7653 2563 4618 3740 
7654 2745 4306 2136 
7655 917 4245 968 
7656 1470 4368 1158 
7657 2139 4292 4191 
7658 968 4245 1331 
7659 4063 4345 4254 
7660 1737 4300 4238 
7661 2759 4362 4324 
7662 1574 4212 1613 
7663 3185 4189 2282 
7664 2295 4294 2082 
7665 2507 4247 2505 
7666 609 4349 611 
7667 2330 4208 2715 
7668 931 4358 1062 
7669 4536 4545 1934 
7670 2103 4321 1906 
7671 2030 4253 1445 
7672 3748 4371 3143 
7673 2702 4215 2292 
7674 3104 4247 2507 
7675 3539 4344 3345 
7676 1613 4218 1576 
7677 2417 4295 4031 
7678 2471 4245 917 
7679 2683 4285 2343 
7680 2462 4232 2175 
7681 2258 4219 1998 
7682 2490 4227 2246 
7683 2188 4384 1459 
7684 1110 4239 1460 
7685 2599 4290 3003 
7686 1996 4266 1529 
7687 2489 4440 2491 
7688 1591 4360 4305 
7689 3392 4234 3407 
7690 4303 4364 2788 
7691 1062 4397 1064 
7692 4450 4659 1802 
7693 605 4361 607 
7694 2185 4196 1818 
7695 2275 4228 2019 
7696 1588 4305 1589 
7697 2197 4293 2906 
7698 4203 4338 3642 
7699 1549 4250 1551 
7700 2470 4235 1681 
7701 1610 4316 1643 
7702 3870 4348 962 
7703 1519 4251 1521 
7704 1543 4248 1545 
7705 1644 4230 1566 
7706 4105 4299 3942 
7707 4270 4331 2418 
7708 2118 4430 3287 
7709 1039 4260 2483 
7710 4021 4303 1484 
7711 3998 4346 2405 
7712 2700 4302 2085 
7713 850 4405 866 
7714 2505 4247 2866 
7715 4055 4340 3258 
7716 4377 4398 2795 
7717 2478 4280 2479 
7718 2128 4299 4070 
7719 845 4415 822 
7720 2449 4298 2709 
7721 4074 4251 1519 
7722 3973 4308 889 
7723 2913 4400 2188 
7724 3415 4582 4490 
7725 2138 4394 2794 
7726 2386 4222 2840 
7727 2234 4232 2968 
7728 1486 4374 4053 
7729 2475 4354 4308 
7730 4306 4327 2440 
7731 2175 4232 2234 
7732 1992 4228 4206 
7733 1012 4341 4268 
7734 3932 4363 4355 
7735 1332 4296 1330 
7736 990 4348 1352 
7737 2472 4249 1675 
7738 1064 4312 1066 
7739 2122 4314 2345 
7740 2155 4315 2564 
7741 1264 4451 1266 
7742 1568 4230 1636 
7743 2128 4334 4299 
7744 2777 4310 2776 
7745 1906 4321 1894 
7746 2007 4250 1549 
7747 1516 4259 2056 
7748 752 4433 746 
7749 498 4320 106 
7750 1073 4317 1118 
7751 1830 4248 1543 
7752 3128 4318 3129 
7753 3089 4919 2630 
7754 4085 4311 1480 
7755 2473 4264 1669 
7756 4268 4341 3869 
7757 3683 4328 2363 
7758 1416 4387 1318 
7759 2246 4227 2836 
7760 2992 4232 2462 
7761 1562 4241 1565 
7762 1369 4436 1372 
7763 4618 4620 3740 
7764 1484 4303 4286 
7765 2464 4311 4141 
7766 3657 4464 569 
7767 1350 4333 4278 
7768 2188 4400 4384 
7769 4372 4376 3953 
7770 2432 4319 2747 
7771 615 4390 617 
7772 1728 4339 1748 
7773 4275 4431 2803 
7774 2476 4373 4341 
7775 4312 4332 1935 
7776 974 4379 747 
7777 2162 4326 2096 
7778 2405 4346 4279 
7779 3247 4404 2486 
7780 4295 4355 4161 
7781 4355 4363 2761 
7782 753 4379 1937 
7783 4285 4386 1467 
7784 4211 4358 884 
7785 3335 4467 3336 
7786 1565 4241 1952 
7787 4291 4324 3981 
7788 2247 4271 2189 
7789 3981 4324 951 
7790 1465 4410 1402 
7791 1161 4342 4200 
7792 4279 4346 2909 
7793 1521 4251 1542 
7794 3211 4395 2481 
7795 2690 4445 2688 
7796 1627 4401 1612 
7797 4141 4311 4085 
7798 4356 4364 1794 
7799 2488 4412 3248 
7800 2604 4283 2490 
7801 3797 4579 2525 
7802 1551 4250 1660 
7803 1545 4248 1548 
7804 2485 4404 3242 
7805 2189 4271 2235 
7806 1703 4351 4088 
7807 2235 4271 2978 
7808 2465 4335 3746 
7809 1826 4313 4162 
7810 4254 4345 3641 
7811 2788 4364 2787 
7812 2793 4358 4211 
7813 2769 4372 4331 
7814 3642 4338 3591 
7815 3541 4559 3196 
7816 1131 4336 737 
7817 2474 4380 2763 
7818 3870 4432 4348 
7819 1560 4440 4366 
7820 1842 4529 4092 
7821 4305 4360 2781 
7822 2418 4331 4015 
7823 4369 4388 1435 
7824 4005 4329 2503 
7825 1665 4293 1667 
7826 4200 4342 4099 
7827 1928 4372 3953 
7828 4433 4494 3221 
7829 3799 4392 2755 
7830 2521 4457 2519 
7831 4365 4381 3248 
7832 1161 4368 4342 
7833 1542 4251 2013 
7834 2919 4280 2478 
7835 1734 4339 1728 
7836 3963 4341 1012 
7837 1548 4248 2477 
7838 4308 4354 3848 
7839 743 4424 718 
7840 2523 4517 2524 
7841 4604 4608 2572 
7842 1830 4385 4248 
7843 3771 4363 3932 
7844 1769 4337 1816 
7845 3133 4662 2530 
7846 4051 4340 1929 
7847 2526 4352 2527 
7848 2797 4337 4194 
7849 2954 4283 2604 
7850 3558 4474 4110 
7851 4102 4334 2128 
7852 3344 4357 3343 
7853 3204 4546 4449 
7854 2596 4450 3146 
7855 2480 4394 4334 
7856 2761 4380 2474 
7857 1465 4431 4410 
7858 4394 4410 2794 
7859 3188 4456 3638 
7860 4241 4366 3926 
7861 2524 4417 3532 
7862 2763 4406 3287 
7863 2106 4399 2274 
7864 691 4349 609 
7865 962 4348 990 
7866 4478 4504 2509 
7867 3654 4563 2736 
7868 3396 4382 3408 
7869 4099 4342 2546 
7870 2506 4471 2508 
7871 3848 4354 2127 
7872 1628 4391 1606 
7873 1133 4496 4370 
7874 2143 4322 4144 
7875 2530 4664 3219 
7876 924 4449 694 
7877 2490 4283 4227 
7878 2787 4356 3937 
7879 1268 4476 1270 
7880 4358 4397 1062 
7881 4087 4497 4426 
7882 1667 4293 2197 
7883 1486 4412 4374 
7884 2028 4293 1665 
7885 3932 4355 4064 
7886 738 4426 974 
7887 2131 4414 2464 
7888 4337 4421 1816 
7889 3407 4382 3394 
7890 2406 4345 4063 
7891 2709 4378 2667 
7892 1560 4366 1557 
7893 4613 4618 2563 
7894 1746 4337 1769 
7895 4354 4369 2127 
7896 4126 4333 1350 
7897 2482 4376 4372 
7898 1092 4353 4239 
7899 2909 4346 2924 
7900 1481 4380 4363 
7901 4396 4414 3550 
7902 2781 4360 2782 
7903 4412 4424 3248 
7904 4297 4347 2917 
7905 2406 4374 4345 
7906 1044 4439 3934 
7907 2601 4359 2470 
7908 4194 4337 1746 
7909 1538 4389 1448 
7910 4087 4426 675 
7911 4088 4351 3360 
7912 4349 4350 611 
7913 2454 4333 4126 
7914 1453 4389 4180 
7915 2755 4392 1005 
7916 3670 4370 2365 
7917 3194 4429 2513 
7918 1713 4418 1712 
7919 1450 4389 1453 
7920 3492 4459 3488 
7921 725 4439 1044 
7922 4235 4359 1799 
7923 2545 4448 2544 
7924 1557 4366 1559 
7925 1794 4364 3941 
7926 1748 4428 1729 
7927 1158 4368 1161 
7928 4195 4399 2213 
7929 1156 4367 1470 
7930 4387 4422 3844 
7931 4334 4394 2771 
7932 2683 4386 4285 
7933 2127 4369 1413 
7934 756 4365 743 
7935 4341 4373 3869 
7936 4081 4351 1703 
7937 1955 4482 833 
7938 1559 4366 4241 
7939 2021 4402 2275 
7940 2907 4383 2473 
7941 884 4358 931 
7942 2504 4458 2506 
7943 2662 4375 2472 
7944 2482 4372 2769 
7945 2483 4353 1092 
7946 4111 4361 605 
7947 3031 4753 4751 
7948 1603 4360 1591 
7949 4239 4353 2461 
7950 4019 4362 2398 
7951 4161 4355 2761 
7952 3869 4373 2129 
7953 2336 4453 3182 
7954 3553 4396 3551 
7955 1318 4387 1794 
7956 2470 4359 4235 
7957 4362 4377 2795 
7958 813 4482 799 
7959 4376 4395 1164 
7960 4248 4385 2477 
7961 1948 4377 2759 
7962 2502 4452 3221 
7963 2476 4384 4373 
7964 2517 4447 3187 
7965 1913 4455 1912 
7966 3287 4430 4041 
7967 2667 4378 2669 
7968 1748 4458 4428 
7969 3953 4376 3788 
7970 2481 4395 2482 
7971 731 4460 854 
7972 4053 4374 2406 
7973 2539 4487 3170 
7974 2797 4421 4337 
7975 793 4381 4365 
7976 4249 4375 1999 
7977 747 4379 753 
7978 3162 4487 2541 
7979 1459 4384 2476 
7980 3489 4454 1470 
7981 1799 4359 2220 
7982 1717 4438 1721 
7983 3687 4473 3689 
7984 1611 4419 1642 
7985 2017 4347 4297 
7986 854 4465 729 
7987 3458 4416 3211 
7988 4446 4517 2523 
7989 3394 4382 3396 
7990 3964 4461 1182 
7991 1182 4461 1180 
7992 3342 4595 1272 
7993 2388 4442 3157 
7994 1024 4393 1481 
7995 2559 4622 4620 
7996 4360 4401 2782 
7997 3170 4491 2537 
7998 2779 4388 2778 
7999 1448 4389 1450 
8000 4356 4387 3844 
8001 815 4390 615 
8002 2535 4491 3169 
8003 1606 4391 1608 
8004 2771 4394 2138 
8005 2365 4481 3875 
8006 4348 4432 3596 
8007 4422 4435 3843 
8008 2472 4375 4249 
8009 3400 4443 3409 
8010 4264 4383 2062 
8011 4465 4473 3688 
8012 3844 4422 3843 
8013 799 4503 791 
8014 3596 4432 2801 
8015 2272 4434 2025 
8016 1603 4401 4360 
8017 1699 4468 3974 
8018 2795 4398 3921 
8019 3600 4403 2500 
8020 3408 4443 3398 
8021 2213 4399 2106 
8022 4366 4440 3926 
8023 2792 4397 2793 
8024 4051 4420 2729 
8025 4292 4427 2804 
8026 4384 4400 3923 
8027 2493 4485 2492 
8028 1731 4428 4300 
8029 2793 4397 4358 
8030 4662 4664 2530 
8031 2785 4472 2786 
8032 3203 4475 2498 
8033 2200 4398 1956 
8034 3165 4386 2683 
8035 4374 4412 2780 
8036 3153 4442 2616 
8037 4527 4539 2800 
8038 2783 4454 2784 
8039 419 4490 418 
8040 3923 4400 2656 
8041 2694 4513 2692 
8042 1999 4375 2600 
8043 1005 4392 1342 
8044 1074 4406 4393 
8045 1696 4468 1699 
8046 1164 4405 850 
8047 2534 4511 2566 
8048 2473 4383 4264 
8049 2778 4388 4369 
8050 787 4408 1133 
8051 2501 4414 2131 
8052 2486 4404 2485 
8053 4552 4658 2574 
8054 468 4409 3495 
8055 666 4480 669 
8056 2477 4385 2677 
8057 2023 4402 2021 
8058 4074 4423 4251 
8059 2669 4407 2853 
8060 2748 4570 4506 
8061 4398 4411 3921 
8062 1878 4474 1901 
8063 1272 4413 1253 
8064 2062 4383 2661 
8065 2808 4504 2146 
8066 1612 4401 1603 
8067 4363 4380 2761 
8068 2200 4411 4398 
8069 1402 4410 2480 
8070 4188 4420 4051 
8071 2171 4385 1830 
8072 2912 4411 2200 
8073 2148 4506 1163 
8074 2780 4412 2488 
8075 4485 4570 2492 
8076 1695 4505 3630 
8077 822 4415 1344 
8078 1348 4484 662 
8079 3921 4411 2881 
8080 4110 4474 1876 
8081 853 4489 658 
8082 4458 4471 2506 
8083 4405 4416 866 
8084 1297 4539 3659 
8085 2522 4515 2320 
8086 4378 4407 2669 
8087 2480 4410 4394 
8088 4300 4428 2796 
8089 4393 4406 2763 
8090 4413 4425 1255 
8091 660 4489 1348 
8092 3878 5001 2877 
8093 4251 4423 2013 
8094 1712 4418 1715 
8095 2662 4437 4375 
8096 2618 4469 3153 
8097 2119 4493 2120 
8098 612 4501 610 
8099 3406 4479 3412 
8100 2994 4437 2662 
8101 4432 4463 2801 
8102 3415 4495 3413 
8103 3550 4494 792 
8104 1560 4500 3324 
8105 4500 4528 3324 
8106 3960 4435 4422 
8107 4512 4522 3725 
8108 2464 4414 4396 
8109 3843 4435 2255 
8110 656 4502 853 
8111 1627 4427 4401 
8112 2799 4512 3725 
8113 1794 4387 4356 
8114 2605 4528 2953 
8115 2802 4496 2515 
8116 2907 4444 4383 
8117 4410 4431 2794 
8118 2013 4423 2648 
8119 1126 4522 2728 
8120 1347 4502 654 
8121 1608 4419 1611 
8122 3960 4422 1416 
8123 2986 4469 2664 
8124 3234 4524 2510 
8125 3409 4479 3402 
8126 3422 4790 1636 
8127 4391 4419 1608 
8128 4435 4441 2255 
8129 718 4424 1486 
8130 2759 4377 4362 
8131 1692 4505 1695 
8132 4219 4421 2797 
8133 3531 4567 1492 
8134 1486 4424 4412 
8135 2708 4512 2083 
8136 1962 4512 2799 
8137 1044 4420 4188 
8138 4488 4515 2518 
8139 1796 4519 1842 
8140 675 4426 738 
8141 792 4433 752 
8142 2482 4395 4376 
8143 2748 4519 2396 
8144 1729 4428 1731 
8145 2255 4441 3987 
8146 2801 4463 2802 
8147 3887 4498 1342 
8148 2513 4429 2512 
8149 4423 4470 2648 
8150 1642 4486 1617 
8151 4427 4492 2804 
8152 1492 4436 1369 
8153 3306 4477 4199 
8154 1306 4432 3870 
8155 4375 4437 2600 
8156 4174 4508 1950 
8157 3605 4497 2548 
8158 4041 4430 2779 
8159 1212 4510 1236 
8160 1470 4454 4368 
8161 4113 4553 4505 
8162 1621 4486 1646 
8163 2025 4434 2023 
8164 1816 4421 2247 
8165 2556 4558 3351 
8166 2785 4515 4488 
8167 2964 4435 3960 
8168 4199 4477 2446 
8169 2023 4434 4402 
8170 2964 4441 4435 
8171 4426 4497 3605 
8172 3689 4453 2336 
8173 3798 4544 2549 
8174 4418 4438 1715 
8175 1701 4549 1698 
8176 1715 4438 1717 
8177 3211 4416 4405 
8178 4383 4444 2661 
8179 1336 4584 3985 
8180 1339 4533 3956 
8181 1627 4492 4427 
8182 1247 4520 1233 
8183 2688 4445 2749 
8184 727 4439 725 
8185 4282 4446 1201 
8186 2965 4441 2964 
8187 2616 4442 2388 
8188 1555 4500 1560 
8189 3819 4562 2784 
8190 1721 4514 1719 
8191 2295 4456 4329 
8192 2985 4507 2986 
8193 2501 4494 4414 
8194 1660 4500 1553 
8195 2794 4431 4275 
8196 1295 4451 1264 
8197 2484 4470 4423 
8198 2484 4423 4074 
8199 4542 4546 3204 
8200 1306 4463 4432 
8201 2782 4427 4292 
8202 2774 4447 2517 
8203 3398 4443 3400 
8204 3926 4440 2489 
8205 1901 4488 4150 
8206 2594 4450 2596 
8207 2548 4516 2532 
8208 4428 4458 2796 
8209 3183 4452 2502 
8210 4497 4516 2548 
8211 3168 4448 2545 
8212 2935 4555 2833 
8213 694 4449 685 
8214 4450 4651 3146 
8215 2277 4534 2276 
8216 2600 4437 2979 
8217 4463 4481 2802 
8218 2074 4518 2272 
8219 4370 4496 2802 
8220 4401 4427 2782 
8221 2104 4535 2103 
8222 2519 4457 2762 
8223 2531 4542 3204 
8224 742 4541 735 
8225 2509 4509 1815 
8226 3223 4588 2400 
8227 1912 4455 2283 
8228 727 4465 4439 
8229 3958 4530 1349 
8230 569 4464 3547 
8231 3488 4459 3489 
8232 1726 4531 1734 
8233 2796 4458 2504 
8234 4414 4494 3550 
8235 733 4460 731 
8236 1382 4552 3653 
8237 2661 4444 2993 
8238 4059 4456 2295 
8239 1201 4446 4327 
8240 924 4462 4449 
8241 4430 4478 2779 
8242 2711 4499 3867 
8243 1180 4461 1279 
8244 3822 4642 4638 
8245 685 4546 682 
8246 3874 4463 1306 
8247 1342 4498 4260 
8248 729 4465 727 
8249 2522 4539 4527 
8250 4097 4536 1934 
8251 2283 4466 3233 
8252 4455 4466 2283 
8253 1339 4542 4533 
8254 327 4556 326 
8255 2120 4493 4417 
8256 1349 4530 4136 
8257 4479 4582 3412 
8258 4113 4505 1691 
8259 2775 4446 4282 
8260 4368 4454 2783 
8261 1695 4468 1696 
8262 3649 4545 4536 
8263 2804 4492 2805 
8264 2664 4469 2618 
8265 2786 4472 3558 
8266 3334 4467 3335 
8267 3688 4473 3687 
8268 4388 4478 2509 
8269 3164 4534 2280 
8270 2498 4475 2496 
8271 4524 4529 1842 
8272 3887 4561 4498 
8273 4189 4499 2711 
8274 1296 4476 1268 
8275 1748 4471 4458 
8276 1876 4474 1878 
8277 4509 4543 2233 
8278 1238 4550 1247 
8279 2103 4535 4344 
8280 1815 4509 2233 
8281 1629 4540 1657 
8282 2775 4517 4446 
8283 4505 4553 3630 
8284 1646 4540 1623 
8285 3874 4481 4463 
8286 3068 4866 3051 
8287 2634 4470 2484 
8288 2805 4523 2807 
8289 1259 4554 1249 
8290 833 4482 813 
8291 4523 4532 2807 
8292 664 4480 666 
8293 4475 4485 2496 
8294 59 4770 60 
8295 4339 4471 1748 
8296 2784 4562 2547 
8297 4150 4488 2518 
8298 662 4484 664 
8299 2496 4485 2493 
8300 3693 4645 4624 
8301 2446 4477 3192 
8302 3402 4479 3406 
8303 1617 4486 1621 
8304 2518 4527 2112 
8305 2541 4487 2539 
8306 4652 4676 4083 
8307 2112 4527 2800 
8308 4516 4533 2532 
8309 664 4484 4480 
8310 2281 4709 4537 
8311 462 4582 3658 
8312 3875 4481 3874 
8313 3348 4580 3347 
8314 658 4489 660 
8315 418 4490 462 
8316 3246 4483 3185 
8317 4498 4561 4131 
8318 1100 4570 3680 
8319 2961 4578 2937 
8320 2537 4491 2535 
8321 4453 4460 3182 
8322 2735 4577 2826 
8323 610 4501 1088 
8324 3680 4570 4485 
8325 3417 4573 3411 
8326 791 4503 801 
8327 2516 4493 2119 
8328 3413 4495 3418 
8329 1553 4500 1555 
8330 3221 4494 2501 
8331 654 4502 656 
8332 2146 4504 3793 
8333 4492 4523 2805 
8334 4483 4499 3185 
8335 4116 4492 1627 
8336 2483 4498 4131 
8337 2785 4488 4472 
8338 2515 4496 3194 
8339 2420 4571 2422 
8340 1923 4497 4087 
8341 1691 4505 1692 
8342 1163 4506 1100 
8343 3567 4529 3234 
8344 2988 4507 2985 
8345 2807 4532 2898 
8346 2725 4724 4722 
8347 1950 4508 3178 
8348 2808 4509 4504 
8349 1923 4516 4497 
8350 4302 4559 2468 
8351 4472 4488 1901 
8352 2808 4543 4509 
8353 3169 4511 2534 
8354 1383 4571 4114 
8355 1231 4510 1212 
8356 3031 4751 3032 
8357 4511 4601 2566 
8358 2692 4513 3209 
8359 1254 4572 1259 
8360 733 4541 4460 
8361 2809 4543 2808 
8362 4594 4611 762 
8363 4532 4538 2898 
8364 3185 4499 4189 
8365 4493 4567 3531 
8366 2320 4515 2785 
8367 2083 4512 1962 
8368 4260 4498 2483 
8369 2779 4478 4388 
8370 1657 4568 1631 
8371 2120 4517 2775 
8372 2396 4519 1796 
8373 1719 4514 1722 
8374 1233 4520 1231 
8375 1633 4568 1839 
8376 4460 4541 3182 
8377 3725 4522 1126 
8378 2276 4518 2074 
8379 4095 4516 1923 
8380 1231 4520 4510 
8381 1273 4575 1258 
8382 2990 4521 2988 
8383 3939 4526 2708 
8384 2510 4524 3199 
8385 3439 4525 3438 
8386 2566 4628 3660 
8387 2988 4521 4507 
8388 1656 4523 4116 
8389 4116 4523 4492 
8390 1656 4532 4523 
8391 4522 4526 2728 
8392 2522 4527 4515 
8393 3052 4973 3053 
8394 3234 4529 4524 
8395 3658 4582 4479 
8396 3324 4528 2605 
8397 4504 4509 2509 
8398 2818 4592 2552 
8399 2800 4547 3167 
8400 4514 4531 1722 
8401 2995 4586 2665 
8402 4136 4530 2424 
8403 3660 4634 2569 
8404 2400 4588 2399 
8405 4065 4532 1656 
8406 2479 4548 4250 
8407 1722 4531 1726 
8408 4530 4536 2424 
8409 2578 4599 2577 
8410 4250 4548 1660 
8411 2569 4641 2820 
8412 814 4615 4602 
8413 1297 4547 4539 
8414 4095 4533 4516 
8415 3956 4533 4095 
8416 3659 4539 2522 
8417 4628 4634 3660 
8418 3798 4629 4593 
8419 4065 4538 4532 
8420 2479 4583 4548 
8421 2622 4600 2624 
8422 1339 4546 4542 
8423 2413 4591 4125 
8424 2280 4534 2277 
8425 2424 4536 4097 
8426 4641 4643 2820 
8427 1377 4597 788 
8428 1265 4589 1273 
8429 2274 4535 2104 
8430 4160 4586 2870 
8431 2532 4542 2531 
8432 790 4597 800 
8433 735 4541 733 
8434 1623 4540 1629 
8435 2819 4602 2554 
8436 2549 4544 3265 
8437 2265 4606 2266 
8438 2228 4538 4065 
8439 4533 4542 2532 
8440 2233 4543 2975 
8441 1934 4545 4032 
8442 3630 4553 2814 
8443 4605 4625 820 
8444 4553 4557 2814 
8445 3648 4545 3649 
8446 4195 4595 4399 
8447 4528 4548 2953 
8448 4515 4527 2518 
8449 3340 4549 1701 
8450 2516 4567 4493 
8451 1292 4596 1269 
8452 4634 4641 2569 
8453 682 4546 1339 
8454 861 4630 4614 
8455 4545 4551 4032 
8456 4601 4628 2566 
8457 1241 4550 1238 
8458 3772 4551 3648 
8459 282 4612 549 
8460 2821 4614 2558 
8461 621 4607 3824 
8462 619 4607 621 
8463 772 4611 814 
8464 3648 4551 4545 
8465 3643 4552 1382 
8466 2833 4555 3201 
8467 2626 4619 2628 
8468 2853 4868 2852 
8469 1249 4554 1241 
8470 1917 4617 2004 
8471 2059 4617 1921 
8472 4032 4551 690 
8473 3749 4579 3750 
8474 4112 4601 1347 
8475 2814 4557 2815 
8476 449 4556 327 
8477 3772 4560 4551 
8478 1241 4554 4550 
8479 2452 4557 4553 
8480 4551 4560 690 
8481 3798 4593 4544 
8482 3815 4621 2550 
8483 2816 4561 3887 
8484 2816 4566 4561 
8485 4548 4583 2953 
8486 2712 4558 2556 
8487 2423 4650 4643 
8488 2452 4553 4113 
8489 4616 4637 879 
8490 2533 4560 3772 
8491 4552 4640 3653 
8492 2468 4559 3220 
8493 3594 4615 2561 
8494 2670 4557 2452 
8495 2559 4620 4054 
8496 1271 4610 1292 
8497 4399 4595 3342 
8498 1375 4610 1281 
8499 2157 4622 2560 
8500 690 4560 4045 
8501 4631 4654 2827 
8502 748 4594 762 
8503 3831 4565 2533 
8504 800 4609 4149 
8505 2708 4526 4522 
8506 3831 4569 4565 
8507 2579 4668 4633 
8508 2547 4562 3168 
8509 4574 4753 3031 
8510 1801 4626 1386 
8511 4561 4566 2598 
8512 841 4625 861 
8513 3653 4563 3654 
8514 2533 4565 4560 
8515 3507 4632 2553 
8516 526 4564 3059 
8517 2817 4566 2816 
8518 4131 4561 2598 
8519 1660 4548 4528 
8520 3753 4633 1134 
8521 4560 4565 4045 
8522 2675 4636 3113 
8523 4565 4569 1335 
8524 4592 4603 3837 
8525 4045 4565 1335 
8526 3785 4630 2568 
8527 3728 4569 3831 
8528 4732 4736 2185 
8529 2565 4576 3728 
8530 3693 4624 2345 
8531 2953 4583 3124 
8532 2598 4566 2872 
8533 3187 4567 2516 
8534 1631 4568 1633 
8535 3774 4639 2555 
8536 1335 4569 4027 
8537 2492 4570 2748 
8538 922 4637 958 
8539 4539 4547 2800 
8540 3578 4836 521 
8541 1256 4572 1254 
8542 3822 4638 2573 
8543 1539 4627 1288 
8544 1286 4627 1375 
8545 4114 4571 2420 
8546 2565 4581 4576 
8547 2421 4640 2574 
8548 2168 4667 2579 
8549 2818 4611 4594 
8550 3411 4573 3410 
8551 2551 4581 2565 
8552 458 4574 3031 
8553 4620 4622 3740 
8554 3728 4576 4569 
8555 806 4605 820 
8556 2579 4644 2167 
8557 4667 4668 2579 
8558 2564 4585 2551 
8559 4569 4576 4027 
8560 1494 4658 3643 
8561 1258 4575 1256 
8562 2423 4643 4069 
8563 3152 4577 2735 
8564 1256 4575 4572 
8565 1347 4601 4511 
8566 4027 4576 710 
8567 4343 4663 2168 
8568 2564 4587 4585 
8569 2937 4578 3193 
8570 3173 4584 3566 
8571 4577 4656 2826 
8572 2551 4585 4581 
8573 4576 4581 710 
8574 2562 4652 1984 
8575 3985 4584 3173 
8576 1387 4651 1802 
8577 742 4604 4598 
8578 3349 4580 3348 
8579 749 4594 748 
8580 2593 4659 2594 
8581 2855 4657 4653 
8582 860 4616 879 
8583 710 4581 4025 
8584 3723 4671 2581 
8585 3412 4582 3415 
8586 1290 4647 1539 
8587 2580 4653 2170 
8588 648 4656 1383 
8589 1404 4655 1403 
8590 689 4670 4669 
8591 749 4603 4592 
8592 4623 4649 2894 
8593 4593 4629 2850 
8594 3706 4660 3709 
8595 3781 4660 3708 
8596 4581 4585 4025 
8597 3838 4587 2564 
8598 2581 4672 2582 
8599 4025 4585 1381 
8600 2819 4625 4605 
8601 4672 4673 2582 
8602 4624 4645 2560 
8603 814 4605 806 
8604 4585 4587 1381 
8605 4280 4583 2479 
8606 1381 4587 4011 
8607 3182 4598 3181 
8608 4671 4672 2581 
8609 3837 4603 3838 
8610 2399 4588 3151 
8611 2665 4586 4160 
8612 2582 4673 3801 
8613 1802 4651 4450 
8614 4225 4631 2827 
8615 861 4616 860 
8616 1267 4589 1265 
8617 1734 4593 4339 
8618 2552 4592 3837 
8619 4125 4591 1377 
8620 1835 4661 1425 
8621 2818 4594 4592 
8622 2821 4637 4616 
8623 4587 4603 4011 
8624 2219 4629 3798 
8625 1267 4596 4589 
8626 1269 4596 1267 
8627 4111 4662 4361 
8628 788 4597 790 
8629 4611 4615 814 
8630 3838 4603 4587 
8631 4638 4642 958 
8632 4626 4645 1388 
8633 3158 4595 4195 
8634 2577 4599 3637 
8635 4361 4662 3133 
8636 2574 4640 4552 
8637 2219 4635 4629 
8638 4656 4669 2826 
8639 742 4598 4541 
8640 2574 4650 2423 
8641 3801 4677 3800 
8642 2717 4600 2622 
8643 2578 4609 4599 
8644 4339 4593 2850 
8645 1801 4654 4631 
8646 689 4669 652 
8647 4677 4678 3800 
8648 3310 4674 3309 
8649 3662 4668 2370 
8650 2734 4670 3723 
8651 2869 4635 2219 
8652 2554 4602 3594 
8653 4003 4601 4112 
8654 3800 4678 2583 
8655 4011 4603 749 
8656 2819 4605 4602 
8657 4076 4604 742 
8658 2583 4679 2584 
8659 4679 4680 2584 
8660 2266 4606 3499 
8661 1636 4934 3422 
8662 4625 4630 861 
8663 1341 4607 619 
8664 4678 4679 2583 
8665 4076 4608 4604 
8666 1380 4608 4076 
8667 1461 4649 4623 
8668 3824 4607 3797 
8669 4599 4609 800 
8670 2574 4658 4650 
8671 1380 4613 4608 
8672 3020 4931 3094 
8673 283 4612 282 
8674 2813 4631 4225 
8675 762 4611 772 
8676 1281 4610 1271 
8677 2584 4680 3816 
8678 4149 4609 2825 
8679 4544 4593 1734 
8680 2558 4614 3785 
8681 4067 4613 1380 
8682 2580 4676 4652 
8683 2561 4615 2818 
8684 2821 4616 4614 
8685 1921 4617 1917 
8686 4622 4624 2560 
8687 4003 4628 4601 
8688 4637 4638 958 
8689 4673 4677 3801 
8690 4067 4618 4613 
8691 811 4618 4067 
8692 811 4620 4618 
8693 2813 4645 4626 
8694 3816 4682 3815 
8695 1383 4656 4577 
8696 3148 4619 2626 
8697 2567 4642 3822 
8698 4054 4620 811 
8699 3933 4646 2567 
8700 2185 4736 4196 
8701 2550 4621 2828 
8702 2567 4646 4642 
8703 3933 4648 4646 
8704 2893 4648 3933 
8705 2912 4666 4411 
8706 2893 4649 4648 
8707 4541 4598 3182 
8708 4663 4667 2168 
8709 2894 4649 2893 
8710 3740 4622 2157 
8711 4592 4594 749 
8712 2983 4623 2894 
8713 4683 4684 2828 
8714 2345 4624 2559 
8715 817 4686 4684 
8716 4680 4682 3816 
8717 1388 4645 3693 
8718 4670 4671 3723 
8719 820 4625 841 
8720 1386 4626 1388 
8721 2850 4629 2849 
8722 4643 4650 2820 
8723 4736 4739 4196 
8724 2568 4630 2819 
8725 1288 4627 1286 
8726 1801 4631 4626 
8727 1379 4628 4003 
8728 2553 4632 2829 
8729 4629 4635 2849 
8730 1379 4634 4628 
8731 533 4937 2976 
8732 1134 4633 3662 
8733 4090 4634 1379 
8734 1802 4654 1801 
8735 4687 4688 2829 
8736 4602 4605 814 
8737 3144 4636 2675 
8738 2849 4635 2928 
8739 3753 4644 4633 
8740 878 4689 4688 
8741 754 4683 755 
8742 879 4637 922 
8743 817 4684 802 
8744 4633 4644 2579 
8745 2573 4638 2821 
8746 2555 4639 2830 
8747 2578 4663 4609 
8748 1389 4675 3753 
8749 1389 4676 4675 
8750 4090 4641 4634 
8751 2422 4640 2421 
8752 1802 4659 4654 
8753 637 4641 4090 
8754 637 4643 4641 
8755 2585 4686 3507 
8756 958 4642 3970 
8757 4690 4691 2830 
8758 4614 4616 861 
8759 4069 4643 637 
8760 1010 4692 4691 
8761 2167 4644 2575 
8762 4642 4646 3970 
8763 816 4687 817 
8764 2560 4645 2813 
8765 3970 4646 1312 
8766 4646 4648 1312 
8767 3845 4693 2588 
8768 878 4688 857 
8769 4609 4663 2825 
8770 4083 4676 1389 
8771 1312 4648 3949 
8772 1403 4647 1290 
8773 2588 4694 2589 
8774 4694 4695 2589 
8775 4648 4649 3949 
8776 4693 4694 2588 
8777 2586 4689 3774 
8778 2818 4615 4611 
8779 3949 4649 1461 
8780 877 4690 878 
8781 1982 4651 1387 
8782 2820 4650 3842 
8783 1010 4691 954 
8784 2587 4692 3845 
8785 4196 4739 1817 
8786 1984 4652 4083 
8787 3001 4928 448 
8788 4652 4653 2580 
8789 2562 4653 4652 
8790 2827 4654 4061 
8791 2861 4695 3959 
8792 527 4805 3061 
8793 650 4656 648 
8794 1423 4655 1404 
8795 3842 4658 1494 
8796 425 4778 4734 
8797 2170 4657 4122 
8798 4650 4658 3842 
8799 4654 4659 4061 
8800 4061 4659 2593 
8801 507 5052 4833 
8802 3071 4944 3229 
8803 4692 4693 3845 
8804 3708 4660 3706 
8805 1423 4661 4655 
8806 2819 4630 4625 
8807 1425 4661 1423 
8808 3091 4795 435 
8809 4626 4631 2813 
8810 3129 4662 4111 
8811 3129 4664 4662 
8812 2559 4624 4622 
8813 456 4697 3470 
8814 4537 4709 3004 
8815 365 5018 3091 
8816 2825 4663 4343 
8817 4318 4664 3129 
8818 3141 4665 3140 
8819 3753 4675 4644 
8820 650 4669 4656 
8821 4669 4670 2826 
8822 4621 4683 2828 
8823 2821 4638 4637 
8824 399 4696 529 
8825 552 4696 400 
8826 4644 4675 2575 
8827 9 4784 428 
8828 537 4784 8 
8829 3666 4697 3664 
8830 4411 4666 2881 
8831 2576 4667 2578 
8832 755 4683 4621 
8833 2576 4668 4667 
8834 4632 4687 2829 
8835 2370 4668 2576 
8836 652 4669 650 
8837 2864 4807 3109 
8838 1116 4698 1026 
8839 1056 4698 1414 
8840 2826 4670 2734 
8841 46 4787 47 
8842 2578 4667 4663 
8843 114 4786 459 
8844 3759 4699 3758 
8845 4028 4671 689 
8846 3761 4699 3807 
8847 3325 5004 511 
8848 817 4687 4632 
8849 4639 4690 2830 
8850 4028 4672 4671 
8851 1334 4672 4028 
8852 1334 4673 4672 
8853 3309 4674 553 
8854 4016 4673 1334 
8855 2575 4675 4048 
8856 878 4690 4639 
8857 2061 4701 3243 
8858 4675 4676 4048 
8859 4048 4676 2580 
8860 3131 4718 1088 
8861 689 4671 4670 
8862 4179 4701 2061 
8863 180 4703 463 
8864 571 4703 181 
8865 4016 4677 4673 
8866 4653 4657 2170 
8867 2028 4700 4293 
8868 4811 4933 2897 
8869 712 4677 4016 
8870 712 4678 4677 
8871 1444 4704 2003 
8872 4009 4678 712 
8873 4009 4679 4678 
8874 1390 4679 4009 
8875 1390 4680 4679 
8876 3879 4705 592 
8877 4013 4680 1390 
8878 3810 5047 2647 
8879 4013 4682 4680 
8880 4684 4686 2828 
8881 755 4682 4013 
8882 3102 4714 473 
8883 769 4683 754 
8884 769 4684 4683 
8885 3156 4685 2264 
8886 802 4684 769 
8887 2828 4686 2585 
8888 4688 4689 2829 
8889 1427 4706 1835 
8890 3702 5037 4891 
8891 2834 4804 3828 
8892 301 4707 300 
8893 840 4687 816 
8894 278 4750 277 
8895 3714 5033 2835 
8896 840 4688 4687 
8897 857 4688 840 
8898 2829 4689 2586 
8899 4691 4692 2830 
8900 1848 4708 2262 
8901 3279 4708 1828 
8902 921 4690 877 
8903 2642 4709 2279 
8904 921 4691 4690 
8905 954 4691 921 
8906 2971 4818 3132 
8907 2830 4692 2587 
8908 4727 4732 2185 
8909 3967 4693 1010 
8910 3967 4694 4693 
8911 510 5013 2969 
8912 1400 4694 3967 
8913 1400 4695 4694 
8914 3959 4695 1400 
8915 388 4711 387 
8916 1010 4693 4692 
8917 2896 5047 3833 
8918 2590 4808 3861 
8919 3608 4713 257 
8920 256 4713 508 
8921 2646 4802 2647 
8922 3425 4717 3420 
8923 3378 4942 3381 
8924 3243 4701 3121 
8925 516 4777 3139 
8926 3886 5007 2901 
8927 2591 4715 2015 
8928 3146 4729 3147 
8929 2017 4715 4347 
8930 400 4696 399 
8931 2972 4818 2971 
8932 3664 4697 456 
8933 3717 4723 454 
8934 3467 4745 1995 
8935 3383 4717 556 
8936 3420 4717 3384 
8937 3904 4985 532 
8938 4257 4890 2973 
8939 4623 4704 1461 
8940 1026 4698 1056 
8941 606 4718 2248 
8942 1088 4718 608 
8943 3961 4962 3898 
8944 3049 4744 3051 
8945 3758 4699 3761 
8946 2989 4741 2990 
8947 4320 4741 2989 
8948 3714 4882 3716 
8949 3262 4826 3068 
8950 538 4738 3012 
8951 3277 4773 2183 
8952 3376 4798 2871 
8953 440 4719 3850 
8954 513 4820 43 
8955 4293 4700 2906 
8956 485 4798 3376 
8957 2948 4701 4179 
8958 2877 5001 2607 
8959 2658 4721 2938 
8960 3913 4702 3910 
8961 2809 4716 4543 
8962 3431 4710 3430 
8963 181 4703 180 
8964 4973 5056 3053 
8965 1775 4724 2725 
8966 454 4723 303 
8967 302 4723 577 
8968 3757 4959 2014 
8969 3430 4710 559 
8970 4556 4730 326 
8971 2031 4861 3244 
8972 3318 4726 3314 
8973 3311 4726 3312 
8974 1461 4704 1444 
8975 3118 4796 1538 
8976 2249 4725 2634 
8977 3418 4920 3417 
8978 592 4705 3881 
8979 2625 4728 2863 
8980 2941 4728 2627 
8981 2965 4730 4556 
8982 325 4730 585 
8983 80 4831 81 
8984 3186 4840 457 
8985 2840 4896 2841 
8986 4175 4732 2847 
8987 4635 4712 2928 
8988 2878 4840 3186 
8989 2867 4731 2451 
8990 2993 4830 2994 
8991 1584 4733 4171 
8992 1604 4733 1582 
8993 425 4734 424 
8994 4722 4724 2602 
8995 4078 5030 2976 
8996 3098 4867 551 
8997 1429 4706 1427 
8998 463 4743 3448 
8999 3321 4706 3598 
9000 582 4716 3857 
9001 2606 4742 2810 
9002 3048 4744 3049 
9003 577 4707 301 
9004 3036 5021 2239 
9005 598 5081 2981 
9006 3807 4907 1825 
9007 3028 4813 3029 
9008 1755 4745 1757 
9009 1995 4745 1779 
9010 3629 4747 3628 
9011 1658 4973 3052 
9012 3431 4967 2889 
9013 3001 4748 2790 
9014 3980 4748 2895 
9015 1828 4708 1848 
9016 2592 4749 2591 
9017 2841 4896 4674 
9018 2998 4749 2595 
9019 2279 4709 2281 
9020 2864 4822 2639 
9021 4220 4710 2619 
9022 1990 4752 1662 
9023 3442 4754 1972 
9024 2173 4753 2265 
9025 3998 4746 4346 
9026 510 4711 388 
9027 491 4761 3100 
9028 1997 4755 2049 
9029 2931 4755 2411 
9030 3272 4840 2878 
9031 3023 4848 3022 
9032 1757 4757 1759 
9033 2602 4727 2184 
9034 2866 4758 2142 
9035 2011 4758 2258 
9036 239 4759 238 
9037 545 4851 36 
9038 511 4760 154 
9039 501 4878 3107 
9040 2265 4753 4574 
9041 2943 4806 2642 
9042 3945 4898 4702 
9043 2869 4712 4635 
9044 2853 4946 4868 
9045 4725 4918 515 
9046 3922 4763 3912 
9047 3901 4762 3900 
9048 219 4763 218 
9049 339 4762 338 
9050 182 4764 571 
9051 451 4764 183 
9052 4218 4841 3454 
9053 3675 4765 3678 
9054 4734 4778 2981 
9055 475 4859 3037 
9056 257 4713 256 
9057 3885 4766 595 
9058 3424 5012 2203 
9059 563 4767 145 
9060 144 4767 467 
9061 3369 4803 3365 
9062 4310 5039 4801 
9063 2199 4769 2911 
9064 2222 4771 2024 
9065 2026 4771 3295 
9066 2768 4769 4000 
9067 589 4772 222 
9068 221 4772 598 
9069 3882 4819 2589 
9070 3380 4775 3379 
9071 3471 4775 472 
9072 428 4844 3005 
9073 1982 4729 4651 
9074 523 4906 3079 
9075 3050 5027 524 
9076 3099 4774 2640 
9077 2608 4774 2890 
9078 2015 4715 2017 
9079 3244 4861 4782 
9080 560 4776 234 
9081 233 4776 471 
9082 165 4777 516 
9083 555 4777 166 
9084 3370 4779 2615 
9085 2617 4779 2904 
9086 530 4862 3569 
9087 4766 4897 595 
9088 4711 4824 387 
9089 3854 4797 3418 
9090 4347 4780 2917 
9091 1838 5033 3714 
9092 2892 4781 2982 
9093 3384 4717 3383 
9094 3806 5067 3805 
9095 608 4718 606 
9096 4543 4716 2975 
9097 4182 5064 3379 
9098 3017 5005 2938 
9099 2991 5058 469 
9100 564 5058 2991 
9101 4833 5052 2960 
9102 1087 4783 991 
9103 3460 4785 567 
9104 3827 4719 440 
9105 3095 5066 534 
9106 2184 4727 2185 
9107 560 4941 4776 
9108 3805 4789 3808 
9109 2597 4788 2992 
9110 1636 4790 1570 
9111 1572 4790 4212 
9112 276 4791 534 
9113 3422 4934 3416 
9114 2670 5017 3381 
9115 3090 5018 574 
9116 6 4720 7 
9117 3066 4829 4737 
9118 444 4794 3629 
9119 2044 4792 2269 
9120 2889 4792 2176 
9121 2660 4721 2658 
9122 4093 4795 2856 
9123 238 4798 237 
9124 4180 4796 2888 
9125 2837 4722 2602 
9126 567 4799 230 
9127 229 4799 455 
9128 2990 4741 3232 
9129 1552 4800 2031 
9130 2183 4800 1554 
9131 489 4901 76 
9132 2954 4832 4283 
9133 303 4723 302 
9134 3004 4806 478 
9135 503 4802 3768 
9136 1411 4801 2014 
9137 2847 4724 1775 
9138 1538 4796 4389 
9139 3119 4943 437 
9140 4310 4801 2130 
9141 2050 4804 2834 
9142 2753 4804 4209 
9143 2703 4812 3294 
9144 1385 4864 3632 
9145 4651 4729 3146 
9146 3378 5064 4942 
9147 2232 4807 2864 
9148 497 5051 4884 
9149 2842 4725 2249 
9150 2008 4808 2590 
9151 1525 4808 1523 
9152 3314 4726 3311 
9153 4219 4803 4421 
9154 3084 4793 3085 
9155 4152 4809 1814 
9156 2633 4812 2915 
9157 3775 4811 3776 
9158 2627 4728 2625 
9159 570 4911 3656 
9160 3471 4910 4775 
9161 2838 4732 4175 
9162 3865 4984 583 
9163 326 4730 325 
9164 2451 4731 2670 
9165 2838 4736 4732 
9166 1582 4733 1584 
9167 4739 4740 1817 
9168 3742 4852 2656 
9169 2841 4740 4739 
9170 3055 5051 497 
9171 1985 4815 1651 
9172 3828 4925 2834 
9173 424 4734 533 
9174 203 4816 3865 
9175 442 4816 204 
9176 3115 4855 509 
9177 2980 4817 2601 
9178 104 4735 105 
9179 2968 4824 4711 
9180 2589 4819 2244 
9181 4741 4742 3232 
9182 589 5060 4772 
9183 3009 4768 434 
9184 2839 4736 2838 
9185 4721 4913 3018 
9186 4359 4817 2220 
9187 1466 4823 1464 
9188 386 4824 483 
9189 1975 4823 3765 
9190 3261 4826 3262 
9191 2839 4739 4736 
9192 495 5040 3369 
9193 4724 4727 2602 
9194 3674 5072 3675 
9195 4335 4825 1525 
9196 551 4983 3098 
9197 2857 5022 3106 
9198 556 4892 3363 
9199 558 4828 3428 
9200 2841 4739 2839 
9201 4685 4807 2264 
9202 2939 4987 3375 
9203 253 4830 518 
9204 496 5028 4227 
9205 3186 4835 2878 
9206 465 4936 3289 
9207 290 4932 3111 
9208 496 4832 405 
9209 3232 4742 2606 
9210 507 4833 242 
9211 241 4833 3607 
9212 3448 4743 3447 
9213 79 4948 80 
9214 2858 4766 2403 
9215 3053 4744 3048 
9216 2878 4835 2020 
9217 2022 4835 2222 
9218 3787 4956 2845 
9219 3106 5022 519 
9220 3288 4919 460 
9221 111 4954 476 
9222 2957 4901 2940 
9223 1779 4745 1755 
9224 4346 4746 2924 
9225 2978 4760 2977 
9226 2983 4971 3914 
9227 3101 4839 2651 
9228 2653 4839 2942 
9229 3628 4747 574 
9230 3695 4838 2930 
9231 3456 4841 3457 
9232 310 4837 576 
9233 3841 4746 499 
9234 4470 4836 2648 
9235 2790 4748 3980 
9236 2607 4838 4233 
9237 3455 4929 1604 
9238 2595 4749 2592 
9239 3177 4751 2284 
9240 596 4957 3099 
9241 3212 5046 548 
9242 91 4968 92 
9243 112 4970 113 
9244 3177 4754 4751 
9245 2958 4857 3197 
9246 4891 5037 3147 
9247 493 4842 284 
9248 537 4986 4784 
9249 2876 4902 2875 
9250 3573 5002 1653 
9251 3026 4827 542 
9252 47 4980 48 
9253 4874 5057 3523 
9254 2725 4793 3222 
9255 4751 4753 2284 
9256 2634 4958 4470 
9257 1662 4752 1661 
9258 2284 4753 2173 
9259 1972 4754 3177 
9260 1108 4846 1982 
9261 1522 4846 1071 
9262 2331 4853 2329 
9263 4098 4847 1825 
9264 2656 4852 2655 
9265 4157 5055 3560 
9266 3284 4854 3286 
9267 2411 4755 1997 
9268 4156 4863 3526 
9269 167 4855 555 
9270 509 4855 168 
9271 2859 4756 2298 
9272 283 4842 4612 
9273 2811 4857 2927 
9274 1759 4757 1826 
9275 2142 4758 2011 
9276 58 5011 59 
9277 90 5015 487 
9278 2220 4858 2221 
9279 2614 4761 3207 
9280 505 4759 239 
9281 524 5027 64 
9282 65 5027 543 
9283 1826 4845 4313 
9284 3005 4844 3006 
9285 3766 4810 3767 
9286 3879 4860 4705 
9287 542 4827 3019 
9288 3526 4863 3517 
9289 3072 4782 3073 
9290 154 4760 153 
9291 3632 4864 3631 
9292 4801 5039 3759 
9293 3900 4762 339 
9294 218 4763 3922 
9295 249 4867 530 
9296 551 4867 250 
9297 438 5041 3010 
9298 516 4877 3322 
9299 4578 4865 1839 
9300 183 4764 182 
9301 2666 4869 3000 
9302 2949 4869 2668 
9303 4830 4953 2994 
9304 4666 4849 2881 
9305 3864 5003 2467 
9306 348 4870 452 
9307 3893 4871 3896 
9308 3678 4765 573 
9309 4884 5051 2970 
9310 3886 4766 3885 
9311 1985 4894 3586 
9312 145 4767 144 
9313 2673 4893 3126 
9314 2858 4897 4766 
9315 1333 4874 1463 
9316 3525 4783 3524 
9317 273 4878 501 
9318 3065 4866 3068 
9319 1613 4841 4218 
9320 4707 4926 300 
9321 4000 4769 2199 
9322 3468 4845 3467 
9323 60 4770 490 
9324 2970 4883 3202 
9325 2024 4771 2026 
9326 3063 5006 2997 
9327 3529 4879 3846 
9328 222 4772 221 
9329 3712 4814 3715 
9330 3278 4834 3277 
9331 3416 4934 3424 
9332 2847 4727 4724 
9333 3710 4814 3712 
9334 2612 4884 2610 
9335 1540 4886 1520 
9336 461 4885 139 
9337 138 4885 587 
9338 2965 4880 4441 
9339 2896 4887 4035 
9340 1814 4888 1371 
9341 1368 4888 1443 
9342 3535 4889 3451 
9343 2053 4887 4257 
9344 472 4775 3380 
9345 4847 5067 3806 
9346 4556 4880 2965 
9347 2640 4774 2608 
9348 583 4890 3832 
9349 4573 4881 3410 
9350 2609 4936 3089 
9351 3702 4891 431 
9352 3779 4891 3780 
9353 2329 4893 2067 
9354 2098 4893 2673 
9355 4850 5063 3056 
9356 234 4776 233 
9357 1648 4894 1985 
9358 1839 4894 1638 
9359 166 4777 165 
9360 426 4778 425 
9361 4776 4941 2951 
9362 553 4896 3325 
9363 3124 4875 3249 
9364 3891 4897 3892 
9365 4700 4862 2906 
9366 4705 4860 2637 
9367 2944 4903 4118 
9368 581 4905 3743 
9369 2615 4779 2617 
9370 4583 4875 3124 
9371 4772 5060 2925 
9372 3154 4821 591 
9373 2877 4996 3878 
9374 2647 5047 2896 
9375 2637 4819 4705 
9376 1825 4907 1395 
9377 1394 4907 2777 
9378 3898 5014 3961 
9379 3308 4983 551 
9380 3286 4946 2853 
9381 3858 4908 3859 
9382 3586 4950 3585 
9383 2917 4780 2950 
9384 4657 5076 4927 
9385 2891 4781 2892 
9386 2208 4910 2207 
9387 591 4821 3876 
9388 2928 4912 2848 
9389 3699 5055 2650 
9390 3255 4981 2900 
9391 3120 5016 573 
9392 4769 4905 2911 
9393 549 4915 281 
9394 280 4915 597 
9395 335 4917 532 
9396 599 4917 336 
9397 2871 4916 2832 
9398 2903 4926 4707 
9399 484 4924 171 
9400 3825 4925 3828 
9401 299 4926 429 
9402 1531 4922 1996 
9403 3034 4919 3089 
9404 3452 4929 3450 
9405 3453 4929 3455 
9406 152 4930 495 
9407 448 4928 209 
9408 4775 4910 2629 
9409 3585 4950 3584 
9410 4809 5072 3674 
9411 291 4932 290 
9412 2955 4786 2956 
9413 2846 4937 2981 
9414 991 4783 2143 
9415 8 4784 9 
9416 2302 4944 3255 
9417 4178 4938 2678 
9418 4913 5041 438 
9419 3122 4886 3063 
9420 2239 4966 3036 
9421 3368 4947 481 
9422 3461 4785 3460 
9423 113 4786 114 
9424 3533 4951 3521 
9425 3021 4936 465 
9426 488 4787 46 
9427 2844 4945 4198 
9428 4710 4904 559 
9429 2872 4788 2597 
9430 4752 4826 1661 
9431 508 4953 255 
9432 2845 4956 2217 
9433 4702 4898 3910 
9434 3808 4789 432 
9435 586 4957 133 
9436 132 4957 596 
9437 3777 4956 3787 
9438 1570 4790 1572 
9439 4657 4927 4122 
9440 93 4872 514 
9441 3107 4878 3108 
9442 277 4791 276 
9443 3984 4960 2851 
9444 2897 4933 2914 
9445 317 4961 316 
9446 2884 4986 3205 
9447 3222 4972 2257 
9448 439 4963 312 
9449 4911 5068 3656 
9450 3898 4962 3899 
9451 470 4967 3431 
9452 3446 4967 3445 
9453 3883 4965 3884 
9454 3829 4997 581 
9455 2992 4940 4232 
9456 3998 4923 4746 
9457 3914 4971 3905 
9458 1632 4973 1658 
9459 2834 4925 2913 
9460 2670 4942 4557 
9461 2883 4974 2860 
9462 435 4795 3755 
9463 2361 4975 2358 
9464 3564 5005 2876 
9465 1429 4899 4706 
9466 2176 4792 2044 
9467 3624 4976 3625 
9468 4706 4899 3598 
9469 3700 4794 444 
9470 3137 4982 3116 
9471 3850 5065 584 
9472 3077 4822 513 
9473 2657 4984 2899 
9474 3098 4983 2905 
9475 2856 4795 3091 
9476 2685 4987 2686 
9477 3228 5009 2859 
9478 534 4989 275 
9479 403 4995 512 
9480 3111 4932 2944 
9481 3361 5006 1540 
9482 3465 4994 3463 
9483 2689 4987 2939 
9484 131 4991 2 
9485 2 4991 278 
9486 279 4992 3 
9487 3 4992 219 
9488 5 4993 337 
9489 338 4993 5 
9490 3855 4797 3854 
9491 594 5001 3878 
9492 2854 5000 2855 
9493 1653 5002 1654 
9494 237 4798 485 
9495 2809 4908 4716 
9496 2997 5006 2324 
9497 4389 4796 4180 
9498 1663 5002 2028 
9499 4220 4904 4710 
9500 2938 5005 2659 
9501 554 5013 390 
9502 389 5013 510 
9503 486 5017 3611 
9504 230 4799 229 
9505 2323 5022 2857 
9506 2203 5012 1953 
9507 1787 5056 1639 
9508 4229 5066 3095 
9509 184 5016 451 
9510 573 5016 185 
9511 2291 5021 3101 
9512 2868 5061 2224 
9513 574 5018 366 
9514 469 5058 381 
9515 380 5058 564 
9516 3560 5055 572 
9517 2239 5021 2240 
9518 1644 5012 4230 
9519 3002 4928 3001 
9520 3572 5031 3575 
9521 2437 5020 2438 
9522 3833 5047 433 
9523 533 5030 3856 
9524 3742 5044 3741 
9525 2873 5023 2874 
9526 2145 5025 2646 
9527 2590 5029 2147 
9528 2835 5033 2035 
9529 1836 5033 1838 
9530 2924 5042 2908 
9531 4623 5032 4704 
9532 3045 5036 3046 
9533 2869 4911 4712 
9534 1554 4800 1552 
9535 2049 4962 3961 
9536 2879 4821 2831 
9537 2130 4801 1411 
9538 2954 4995 4832 
9539 3809 4802 503 
9540 4437 5053 2979 
9541 4209 4804 2050 
9542 3526 5075 4155 
9543 4421 4803 2247 
9544 2642 4806 4709 
9545 2931 4985 4755 
9546 4709 4806 3004 
9547 3312 4922 4740 
9548 220 4998 4 
9549 4 4998 426 
9550 3038 4977 4761 
9551 2264 4807 2232 
9552 4093 4959 4795 
9553 2902 4870 4590 
9554 4590 4870 349 
9555 1523 4808 2008 
9556 2874 4809 4152 
9557 3294 4812 2633 
9558 4704 5032 3911 
9559 460 4919 3034 
9560 3765 4823 3627 
9561 588 4811 3775 
9562 1619 4881 4145 
9563 464 4818 3529 
9564 3715 4814 4698 
9565 3467 4845 4757 
9566 2262 4813 3272 
9567 4698 4814 1414 
9568 593 4955 3889 
9569 2660 4913 4721 
9570 4770 4868 490 
9571 3132 4818 464 
9572 3710 4935 4814 
9573 4738 4939 3119 
9574 3091 5018 3090 
9575 3320 5024 3321 
9576 1651 4815 1653 
9577 2831 4821 3154 
9578 2639 4834 3278 
9579 204 4816 203 
9580 2601 4817 4359 
9581 315 4909 579 
9582 3037 4977 3038 
9583 2753 5061 3827 
9584 2981 4937 4734 
9585 2842 4918 4725 
9586 4716 4908 3857 
9587 2928 5073 4912 
9588 43 4820 44 
9589 2244 4819 2637 
9590 497 4884 3057 
9591 1464 4823 1975 
9592 4719 5061 2868 
9593 429 4852 3742 
9594 3525 5057 4323 
9595 92 4872 93 
9596 2678 4938 4743 
9597 1087 4951 4783 
9598 4759 4916 2871 
9599 1466 4976 4823 
9600 387 4824 386 
9601 3094 4931 2252 
9602 3523 5057 3525 
9603 3119 4939 2635 
9604 4290 5054 455 
9605 4566 5008 2872 
9606 2467 4825 4335 
9607 3080 4843 3081 
9608 4722 4793 2725 
9609 1661 4826 3261 
9610 3744 4905 4769 
9611 2875 4827 2671 
9612 2978 4930 4760 
9613 3611 5017 4731 
9614 3428 4828 3429 
9615 3088 4850 525 
9616 2059 4871 4617 
9617 4885 5042 587 
9618 4746 4923 499 
9619 3067 4829 3066 
9620 254 4830 253 
9621 2946 4895 2945 
9622 3379 5064 3378 
9623 3521 5075 3526 
9624 3096 4791 4750 
9625 4750 4791 277 
9626 3777 5070 4956 
9627 3089 4936 3021 
9628 81 4831 466 
9629 405 4832 404 
9630 2855 5000 4747 
9631 2258 4952 4219 
9632 4617 4871 3894 
9633 242 4833 241 
9634 4933 5054 2914 
9635 3666 4921 4697 
9636 2020 4835 2022 
9637 3861 5003 3862 
9638 2948 4900 4701 
9639 4760 4930 153 
9640 2648 4836 2649 
9641 4768 4975 2361 
9642 4925 5044 2913 
9643 2650 5055 4157 
9644 3025 4876 3026 
9645 2874 5023 4765 
9646 449 4880 4556 
9647 4681 4895 2946 
9648 3457 4978 3414 
9649 3666 5059 4921 
9650 2836 4892 3425 
9651 2445 4863 4156 
9652 311 4837 310 
9653 2651 4839 2653 
9654 4233 4838 3695 
9655 4878 4989 3108 
9656 547 4856 3086 
9657 3022 4848 3024 
9658 457 4840 3028 
9659 3363 5028 496 
9660 2982 4971 2983 
9661 3454 4841 3456 
9662 2003 4898 3945 
9663 4785 4945 2844 
9664 3052 5036 1658 
9665 2635 4939 2316 
9666 515 4918 3329 
9667 4755 4985 3904 
9668 577 4882 4707 
9669 574 5000 3090 
9670 452 5007 3886 
9671 453 4860 3879 
9672 3040 4859 475 
9673 284 4842 283 
9674 4784 4986 2933 
9675 4761 4977 3207 
9676 4892 5028 3363 
9677 2334 4844 3500 
9678 3070 4944 3071 
9679 2052 4886 3122 
9680 4230 4934 1636 
9681 469 5062 2991 
9682 3051 4866 3050 
9683 2706 5049 3100 
9684 4538 5070 3776 
9685 3914 5032 2983 
9686 1071 4846 1108 
9687 2886 4847 4098 
9688 2881 4849 2880 
9689 36 4851 37 
9690 4782 4861 3073 
9691 2655 4852 2903 
9692 2891 4955 4781 
9693 2940 4853 2331 
9694 1658 4854 3284 
9695 2948 5045 4900 
9696 168 4855 167 
9697 2646 5025 4810 
9698 2900 4856 2837 
9699 3073 4861 3075 
9700 2943 4948 4806 
9701 3197 4857 2811 
9702 4740 4922 1817 
9703 2221 4858 2867 
9704 4814 4935 1414 
9705 2637 4860 3984 
9706 3117 4873 2888 
9707 3575 5031 4815 
9708 3631 4864 3623 
9709 543 4866 3065 
9710 2906 4862 3098 
9711 3517 4863 3520 
9712 4871 5014 3896 
9713 2961 4865 4578 
9714 4121 4864 1385 
9715 506 4979 3609 
9716 3767 5025 2803 
9717 3580 4949 2677 
9718 2949 5011 4869 
9719 3079 4906 3212 
9720 3212 4906 2638 
9721 4789 4964 432 
9722 1619 5034 4881 
9723 4171 5071 1949 
9724 588 4933 4811 
9725 250 4867 249 
9726 4272 5078 4969 
9727 490 4868 3043 
9728 508 5053 4953 
9729 4795 4959 3755 
9730 4839 4980 2942 
9731 2668 4869 2666 
9732 3425 4892 4717 
9733 349 4870 348 
9734 3894 4871 3893 
9735 579 4909 4780 
9736 2859 5009 4843 
9737 3304 4872 2959 
9738 4854 5036 3045 
9739 4831 4914 466 
9740 4927 5076 3629 
9741 2845 5060 3787 
9742 4219 4952 4803 
9743 4764 4900 571 
9744 2888 4873 2887 
9745 3249 4875 552 
9746 584 5065 4903 
9747 1795 4874 1333 
9748 4280 4875 4583 
9749 2260 4876 3283 
9750 3111 5080 290 
9751 3322 4877 3320 
9752 274 4878 273 
9753 4841 4978 3457 
9754 4969 5078 442 
9755 4783 4951 3524 
9756 316 4909 315 
9757 3846 4879 3527 
9758 3716 4882 577 
9759 4441 4880 3987 
9760 449 4996 4880 
9761 254 4953 4830 
9762 4870 5007 452 
9763 3896 5014 3898 
9764 3202 4883 2706 
9765 3410 4881 3419 
9766 581 4997 4905 
9767 2610 4884 2970 
9768 4845 4921 4313 
9769 532 4985 3916 
9770 139 4885 138 
9771 1520 4886 2052 
9772 4035 4887 2053 
9773 1371 4888 1368 
9774 3451 4889 3452 
9775 3832 4890 3833 
9776 4805 4990 3061 
9777 431 4891 3779 
9778 4865 4950 3586 
9779 311 4963 4837 
9780 4717 4892 556 
9781 4767 4912 467 
9782 559 4904 3373 
9783 4832 4995 404 
9784 2872 5008 4828 
9785 2003 5050 4898 
9786 4822 4834 2639 
9787 2067 4893 2098 
9788 1638 4894 1648 
9789 1653 5031 3573 
9790 4757 4845 1826 
9791 534 5066 4989 
9792 3288 4966 2239 
9793 595 4897 3891 
9794 3598 4899 3318 
9795 3910 4898 3909 
9796 3560 4988 4157 
9797 4266 4899 1429 
9798 4823 4976 3627 
9799 4951 5075 3521 
9800 76 4901 77 
9801 4118 4903 2868 
9802 2890 4923 3998 
9803 2316 4939 2676 
9804 3743 4905 3744 
9805 2863 4904 4220 
9806 4868 4946 3043 
9807 4855 4982 555 
9808 3100 5049 3054 
9809 3911 5032 3914 
9810 4921 5059 4313 
9811 4908 5029 3859 
9812 3776 5070 3777 
9813 2638 4906 2918 
9814 3656 5068 461 
9815 4674 4896 553 
9816 1395 4907 1394 
9817 3081 5069 4564 
9818 4794 4927 3629 
9819 3857 4908 3858 
9820 3709 4935 3710 
9821 2014 4959 4093 
9822 2914 5054 4290 
9823 2879 4969 4821 
9824 461 5068 4586 
9825 4701 4900 3121 
9826 4910 4994 2207 
9827 2445 4988 4863 
9828 2629 4910 2208 
9829 4197 5035 2972 
9830 2870 4911 2869 
9831 3862 5003 3864 
9832 3077 4834 4822 
9833 2848 4912 3104 
9834 4797 4920 3418 
9835 4864 5010 3623 
9836 4121 5010 4864 
9837 3260 4913 2660 
9838 278 4991 4750 
9839 4470 4958 4836 
9840 2951 4941 2685 
9841 4900 5045 571 
9842 4280 5019 4875 
9843 466 4914 3023 
9844 3527 5035 1463 
9845 3827 5061 4719 
9846 4825 5003 3861 
9847 274 4989 4878 
9848 4665 5024 3140 
9849 573 5023 3120 
9850 4875 5019 552 
9851 281 4915 280 
9852 336 4917 335 
9853 2832 4916 2934 
9854 4272 4969 2879 
9855 2887 4918 2842 
9856 4904 5038 3373 
9857 2630 4919 3288 
9858 290 5080 289 
9859 4091 4920 2048 
9860 3121 4900 4764 
9861 2925 5060 2845 
9862 4880 4996 3987 
9863 4930 5040 495 
9864 4863 4988 3520 
9865 1817 4922 1531 
9866 2863 5038 4904 
9867 499 4923 3872 
9868 171 4924 170 
9869 580 4925 3825 
9870 3054 5049 3055 
9871 4821 4969 3876 
9872 300 4926 299 
9873 4122 4927 2645 
9874 3036 4966 3033 
9875 4731 5017 2670 
9876 4912 5073 467 
9877 209 4928 208 
9878 3450 4929 3453 
9879 153 4930 152 
9880 2252 4931 3289 
9881 3429 5008 2817 
9882 4824 4940 483 
9883 4881 5034 3419 
9884 3610 4979 506 
9885 584 4932 291 
9886 3593 4933 588 
9887 2677 4949 2919 
9888 1414 4935 4022 
9889 3289 4936 2609 
9890 2976 4937 2846 
9891 4232 4940 2968 
9892 2995 5042 4885 
9893 2269 4938 4178 
9894 3610 5074 4979 
9895 2991 5062 3092 
9896 505 5026 4916 
9897 3009 4975 4768 
9898 3375 4941 560 
9899 4697 4921 3468 
9900 2890 5079 4923 
9901 3271 4990 2613 
9902 3229 4944 2302 
9903 4896 5004 3325 
9904 3709 5048 4935 
9905 437 4943 3011 
9906 2676 4939 4738 
9907 4898 5050 3909 
9908 4266 5043 4899 
9909 4899 5043 3318 
9910 481 4947 3444 
9911 4198 4945 2437 
9912 3043 4946 3045 
9913 4557 4942 2815 
9914 478 4948 79 
9915 3584 4950 3588 
9916 3878 4996 449 
9917 4897 4999 3892 
9918 3524 4951 3533 
9919 3365 4952 3366 
9920 4803 4952 3365 
9921 255 4953 254 
9922 3104 4912 4767 
9923 1463 5035 4197 
9924 110 4954 111 
9925 2895 4955 2891 
9926 2217 4956 2228 
9927 133 4957 132 
9928 2870 5068 4911 
9929 4938 5077 3447 
9930 4712 5073 2928 
9931 505 4916 4759 
9932 3260 5041 4913 
9933 521 4958 3576 
9934 3535 5034 4123 
9935 219 4992 4763 
9936 4762 4993 338 
9937 4123 5034 1619 
9938 3755 4959 3757 
9939 2269 5077 4938 
9940 3609 4979 4858 
9941 4916 5026 2934 
9942 2851 4960 3111 
9943 4806 4948 478 
9944 430 4961 317 
9945 3899 4962 3902 
9946 312 4963 311 
9947 432 4964 3834 
9948 2823 5059 3667 
9949 480 4965 3883 
9950 580 5044 4925 
9951 3445 4967 470 
9952 487 4968 91 
9953 2936 5026 3607 
9954 3876 4969 442 
9955 4979 5074 2867 
9956 3905 4971 479 
9957 476 4970 112 
9958 4923 5079 3872 
9959 2257 4972 3304 
9960 5009 5069 3081 
9961 1634 4973 1632 
9962 2961 5052 3588 
9963 2860 4974 2862 
9964 3593 5054 4933 
9965 474 4980 4839 
9966 1949 5071 4889 
9967 4935 5048 4022 
9968 3520 4988 3560 
9969 2358 4975 2360 
9970 3548 5073 4712 
9971 4704 5050 2003 
9972 2947 5045 2948 
9973 3627 4976 3624 
9974 3667 5059 3666 
9975 3207 4977 2641 
9976 4212 4978 1613 
9977 4734 4937 533 
9978 48 4980 474 
9979 520 4981 3070 
9980 3116 4982 3115 
9981 2905 4983 2907 
9982 2059 5014 4871 
9983 4942 5064 2815 
9984 4780 4909 2950 
9985 3759 5039 4699 
9986 289 5080 453 
9987 2973 4984 2657 
9988 3916 4985 2931 
9989 4869 5011 477 
9990 2933 4986 2884 
9991 2686 4987 2689 
9992 4157 4988 2445 
9993 598 4998 220 
9994 2960 5052 2961 
9995 3145 5037 576 
9996 275 4989 274 
9997 4956 5070 2228 
9998 596 4991 131 
9999 597 4992 279 
10000 337 4993 599 
10001 2970 5051 4883 
10002 2673 5063 2672 
10003 3463 4994 3471 
10004 404 4995 403 
10005 2855 5076 4657 
10006 4743 4938 3447 
10007 3987 4996 2877 
10008 2911 4997 2912 
10009 2817 5008 4566 
10010 4080 4999 2858 
10011 3090 5000 2854 
10012 3884 5001 594 
10013 1613 4978 4841 
10014 1654 5002 1663 
10015 2659 5005 3564 
10016 3331 5009 3228 
10017 4222 5004 2840 
10018 2324 5006 3361 
10019 1634 5056 4973 
10020 2901 5007 2902 
10021 4564 5069 2325 
10022 576 5037 3702 
10023 2645 4927 4794 
10024 4733 5071 4171 
10025 4774 5079 2890 
10026 3840 5010 1443 
10027 3623 5010 3840 
10028 3607 5026 505 
10029 1443 5010 4121 
10030 4660 5048 3709 
10031 4747 5000 574 
10032 477 5011 58 
10033 390 5013 389 
10034 1953 5012 1644 
10035 4703 5045 2947 
10036 3961 5014 2059 
10037 552 5019 4696 
10038 3911 5050 4704 
10039 89 5015 90 
10040 1795 5057 4874 
10041 185 5016 184 
10042 3381 5017 486 
10043 4699 5039 2777 
10044 366 5018 365 
10045 3318 5043 4726 
10046 2438 5020 2951 
10047 2919 5019 4280 
10048 2240 5021 2291 
10049 3780 5082 3781 
10050 3331 5069 5009 
10051 2962 5022 2323 
10052 3120 5023 2873 
10053 1522 5048 4660 
10054 4728 5038 2863 
10055 4792 5077 2269 
10056 2803 5025 2145 
10057 64 5027 65 
10058 2934 5026 2936 
10059 2147 5029 2809 
10060 4227 5028 2836 
10061 3856 5030 3855 
10062 3611 5074 3610 
10063 3468 4921 4845 
10064 3573 5031 3572 
10065 442 5078 4816 
10066 3419 5034 3535 
10067 2035 5033 1836 
10068 4750 4991 596 
10069 3046 5036 3052 
10070 2048 4920 4797 
10071 3461 4945 4785 
10072 4323 5057 1795 
10073 3373 5038 484 
10074 3147 5037 3145 
10075 4772 5081 598 
10076 2910 5041 3260 
10077 2777 5039 4310 
10078 3805 5067 4789 
10079 4271 5040 2978 
10080 2908 5042 2995 
10081 1996 5043 4266 
10082 571 5045 4703 
10083 3741 5044 580 
10084 4719 5065 3850 
10085 433 5047 3810 
10086 3675 5072 4765 
10087 3909 5050 3911 
10088 548 5046 3087 
10089 4022 5048 1522 
10090 3588 5052 507 
10091 455 5054 3593 
10092 572 5055 3699 
10093 2902 5007 4870 
10094 1639 5056 1634 
10095 2994 5053 4437 
10096 381 5058 380 
10097 3629 5076 4747 
10098 2983 5032 4623 
10099 4313 5059 2823 
10100 3787 5060 589 
10101 3429 5062 469 
10102 2224 5061 2753 
10103 2325 5069 3331 
10104 2867 5074 4731 
10105 2815 5064 4182 
10106 2899 5078 4272 
10107 3108 5066 4229 
10108 467 5073 3548 
10109 4696 5019 2919 
10110 3447 5077 3446 
10111 4586 5068 2870 
10112 3872 5079 586 
10113 4155 5075 1087 
10114 2981 5081 2925 
10115 4765 5023 573 
10116 2228 5070 4538 
10117 2836 5028 4892 
10118 4763 4992 597 
10119 599 4993 4762 
10120 3115 4982 4855 
10121 4747 5076 2855 
10122 4836 4958 521 
10123 1982 5082 4729 
10124 2613 4990 4805 
10125 2972 5035 4879 
10126 3140 5024 4877 
10127 2968 4940 4824 
10128 3452 5071 4733 
10129 4905 4997 2911 
10130 4810 5025 3767 
10131 4953 5053 2994 
10132 4726 5043 1996 
10133 4729 5082 3780 
10134 4778 4998 598 
10135 484 5038 4728 
10136 426 4998 4778 
10137 2868 5065 4719 
10138 4731 5074 3611 
10139 4815 5031 1653 
10140 4765 5072 2874 
10141 586 5079 4774 
10142 4843 5009 3081 
10143 2809 5029 4908 
10144 3055 5049 4883 
10145 3471 4994 4910 
10146 2925 5081 4772 
10147 1658 5036 4854 
10148 1087 5075 4951 
10149 2874 5072 4809 
10150 2467 5003 4825 
10151 4858 4979 2867 
10152 4828 5008 3429 
10153 3446 5077 4792 
10154 2672 5063 4850 
10155 4789 5067 2886 
10156 2840 5004 4896 
10157 2858 4999 4897 
10158 2978 5040 4930 
10159 4989 5066 3108 
10160 4816 5078 2899 
10161 4883 5051 3055 
10162 4877 5024 3320 
10163 2886 5067 4847 
10164 453 5080 4960 
10165 4879 5035 3527 
10166 4883 5049 2706 
10167 4889 5071 3452 
10168 4903 5065 2868 
10169 4960 5080 3111 
$EndElements
