ISO-10303-21;
HEADER;
FILE_DESCRIPTION(('FreeCAD Model'),'2;1');
FILE_NAME('Open CASCADE Shape Model','2025-11-17T20:46:38',(''),(''),
  'Open CASCADE STEP processor 7.7','FreeCAD','Unknown');
FILE_SCHEMA(('AUTOMOTIVE_DESIGN { 1 0 10303 214 1 1 1 1 }'));
ENDSEC;
DATA;
#1 = APPLICATION_PROTOCOL_DEFINITION('international standard',
  'automotive_design',2000,#2);
#2 = APPLICATION_CONTEXT(
  'core data for automotive mechanical design processes');
#3 = SHAPE_DEFINITION_REPRESENTATION(#4,#10);
#4 = PRODUCT_DEFINITION_SHAPE('','',#5);
#5 = PRODUCT_DEFINITION('design','',#6,#9);
#6 = PRODUCT_DEFINITION_FORMATION('','',#7);
#7 = PRODUCT('Body','Body','',(#8));
#8 = PRODUCT_CONTEXT('',#2,'mechanical');
#9 = PRODUCT_DEFINITION_CONTEXT('part definition',#2,'design');
#10 = ADVANCED_BREP_SHAPE_REPRESENTATION('',(#11,#15),#2193);
#11 = AXIS2_PLACEMENT_3D('',#12,#13,#14);
#12 = CARTESIAN_POINT('',(0.,0.,0.));
#13 = DIRECTION('',(0.,0.,1.));
#14 = DIRECTION('',(1.,0.,-0.));
#15 = MANIFOLD_SOLID_BREP('',#16);
#16 = CLOSED_SHELL('',(#17,#137,#225,#407,#589,#683,#739,#795,#871,#1009
    ,#1046,#1184,#1221,#1297,#1325,#1357,#1443,#1493,#1549,#1700,#1740,
    #1790,#1841,#1987,#2027,#2120,#2147,#2174,#2180,#2187));
#17 = ADVANCED_FACE('',(#18),#32,.F.);
#18 = FACE_BOUND('',#19,.F.);
#19 = EDGE_LOOP('',(#20,#55,#83,#111));
#20 = ORIENTED_EDGE('',*,*,#21,.T.);
#21 = EDGE_CURVE('',#22,#24,#26,.T.);
#22 = VERTEX_POINT('',#23);
#23 = CARTESIAN_POINT('',(50.5,-10.,20.));
#24 = VERTEX_POINT('',#25);
#25 = CARTESIAN_POINT('',(50.5,-60.,20.));
#26 = SURFACE_CURVE('',#27,(#31,#43),.PCURVE_S1.);
#27 = LINE('',#28,#29);
#28 = CARTESIAN_POINT('',(50.5,4.439107901499E-15,20.));
#29 = VECTOR('',#30,1.);
#30 = DIRECTION('',(0.,-1.,2.17955395075E-16));
#31 = PCURVE('',#32,#37);
#32 = PLANE('',#33);
#33 = AXIS2_PLACEMENT_3D('',#34,#35,#36);
#34 = CARTESIAN_POINT('',(50.5,4.439107901499E-15,20.));
#35 = DIRECTION('',(0.,-2.17955395075E-16,-1.));
#36 = DIRECTION('',(-1.,0.,0.));
#37 = DEFINITIONAL_REPRESENTATION('',(#38),#42);
#38 = LINE('',#39,#40);
#39 = CARTESIAN_POINT('',(0.,0.));
#40 = VECTOR('',#41,1.);
#41 = DIRECTION('',(0.,-1.));
#42 = ( GEOMETRIC_REPRESENTATION_CONTEXT(2) 
PARAMETRIC_REPRESENTATION_CONTEXT() REPRESENTATION_CONTEXT('2D SPACE',''
  ) );
#43 = PCURVE('',#44,#49);
#44 = CYLINDRICAL_SURFACE('',#45,60.);
#45 = AXIS2_PLACEMENT_3D('',#46,#47,#48);
#46 = CARTESIAN_POINT('',(50.5,1.7766431606E-14,80.));
#47 = DIRECTION('',(0.,1.,-2.17955395075E-16));
#48 = DIRECTION('',(1.,0.,0.));
#49 = DEFINITIONAL_REPRESENTATION('',(#50),#54);
#50 = LINE('',#51,#52);
#51 = CARTESIAN_POINT('',(-4.712388980385,0.));
#52 = VECTOR('',#53,1.);
#53 = DIRECTION('',(-0.,-1.));
#54 = ( GEOMETRIC_REPRESENTATION_CONTEXT(2) 
PARAMETRIC_REPRESENTATION_CONTEXT() REPRESENTATION_CONTEXT('2D SPACE',''
  ) );
#55 = ORIENTED_EDGE('',*,*,#56,.T.);
#56 = EDGE_CURVE('',#24,#57,#59,.T.);
#57 = VERTEX_POINT('',#58);
#58 = CARTESIAN_POINT('',(4.999999999968,-60.,20.));
#59 = SURFACE_CURVE('',#60,(#64,#71),.PCURVE_S1.);
#60 = LINE('',#61,#62);
#61 = CARTESIAN_POINT('',(50.5,-60.,20.));
#62 = VECTOR('',#63,1.);
#63 = DIRECTION('',(-1.,-0.,0.));
#64 = PCURVE('',#32,#65);
#65 = DEFINITIONAL_REPRESENTATION('',(#66),#70);
#66 = LINE('',#67,#68);
#67 = CARTESIAN_POINT('',(0.,-60.));
#68 = VECTOR('',#69,1.);
#69 = DIRECTION('',(1.,0.));
#70 = ( GEOMETRIC_REPRESENTATION_CONTEXT(2) 
PARAMETRIC_REPRESENTATION_CONTEXT() REPRESENTATION_CONTEXT('2D SPACE',''
  ) );
#71 = PCURVE('',#72,#77);
#72 = CYLINDRICAL_SURFACE('',#73,10.);
#73 = AXIS2_PLACEMENT_3D('',#74,#75,#76);
#74 = CARTESIAN_POINT('',(50.5,-60.,10.));
#75 = DIRECTION('',(-1.,-0.,0.));
#76 = DIRECTION('',(0.,2.17955395075E-16,1.));
#77 = DEFINITIONAL_REPRESENTATION('',(#78),#82);
#78 = LINE('',#79,#80);
#79 = CARTESIAN_POINT('',(-0.,0.));
#80 = VECTOR('',#81,1.);
#81 = DIRECTION('',(-0.,1.));
#82 = ( GEOMETRIC_REPRESENTATION_CONTEXT(2) 
PARAMETRIC_REPRESENTATION_CONTEXT() REPRESENTATION_CONTEXT('2D SPACE',''
  ) );
#83 = ORIENTED_EDGE('',*,*,#84,.F.);
#84 = EDGE_CURVE('',#85,#57,#87,.T.);
#85 = VERTEX_POINT('',#86);
#86 = CARTESIAN_POINT('',(4.999999999968,-10.,20.));
#87 = SURFACE_CURVE('',#88,(#92,#99),.PCURVE_S1.);
#88 = LINE('',#89,#90);
#89 = CARTESIAN_POINT('',(4.999999999968,4.4391079015E-15,
    19.999999999998));
#90 = VECTOR('',#91,1.);
#91 = DIRECTION('',(0.,-1.,2.17955395075E-16));
#92 = PCURVE('',#32,#93);
#93 = DEFINITIONAL_REPRESENTATION('',(#94),#98);
#94 = LINE('',#95,#96);
#95 = CARTESIAN_POINT('',(45.500000000032,7.517844426756E-28));
#96 = VECTOR('',#97,1.);
#97 = DIRECTION('',(0.,-1.));
#98 = ( GEOMETRIC_REPRESENTATION_CONTEXT(2) 
PARAMETRIC_REPRESENTATION_CONTEXT() REPRESENTATION_CONTEXT('2D SPACE',''
  ) );
#99 = PCURVE('',#100,#105);
#100 = CYLINDRICAL_SURFACE('',#101,5.);
#101 = AXIS2_PLACEMENT_3D('',#102,#103,#104);
#102 = CARTESIAN_POINT('',(4.999999999989,3.329330926125E-15,
    14.999999999997));
#103 = DIRECTION('',(0.,1.,-2.17955395075E-16));
#104 = DIRECTION('',(1.,0.,0.));
#105 = DEFINITIONAL_REPRESENTATION('',(#106),#110);
#106 = LINE('',#107,#108);
#107 = CARTESIAN_POINT('',(-1.570796326799,0.));
#108 = VECTOR('',#109,1.);
#109 = DIRECTION('',(-0.,-1.));
#110 = ( GEOMETRIC_REPRESENTATION_CONTEXT(2) 
PARAMETRIC_REPRESENTATION_CONTEXT() REPRESENTATION_CONTEXT('2D SPACE',''
  ) );
#111 = ORIENTED_EDGE('',*,*,#112,.F.);
#112 = EDGE_CURVE('',#22,#85,#113,.T.);
#113 = SURFACE_CURVE('',#114,(#118,#125),.PCURVE_S1.);
#114 = LINE('',#115,#116);
#115 = CARTESIAN_POINT('',(50.5,-10.,20.));
#116 = VECTOR('',#117,1.);
#117 = DIRECTION('',(-1.,-0.,0.));
#118 = PCURVE('',#32,#119);
#119 = DEFINITIONAL_REPRESENTATION('',(#120),#124);
#120 = LINE('',#121,#122);
#121 = CARTESIAN_POINT('',(0.,-10.));
#122 = VECTOR('',#123,1.);
#123 = DIRECTION('',(1.,0.));
#124 = ( GEOMETRIC_REPRESENTATION_CONTEXT(2) 
PARAMETRIC_REPRESENTATION_CONTEXT() REPRESENTATION_CONTEXT('2D SPACE',''
  ) );
#125 = PCURVE('',#126,#131);
#126 = CYLINDRICAL_SURFACE('',#127,10.);
#127 = AXIS2_PLACEMENT_3D('',#128,#129,#130);
#128 = CARTESIAN_POINT('',(50.5,-10.,10.));
#129 = DIRECTION('',(-1.,-0.,0.));
#130 = DIRECTION('',(0.,2.17955395075E-16,1.));
#131 = DEFINITIONAL_REPRESENTATION('',(#132),#136);
#132 = LINE('',#133,#134);
#133 = CARTESIAN_POINT('',(0.,0.));
#134 = VECTOR('',#135,1.);
#135 = DIRECTION('',(0.,1.));
#136 = ( GEOMETRIC_REPRESENTATION_CONTEXT(2) 
PARAMETRIC_REPRESENTATION_CONTEXT() REPRESENTATION_CONTEXT('2D SPACE',''
  ) );
#137 = ADVANCED_FACE('',(#138),#44,.F.);
#138 = FACE_BOUND('',#139,.T.);
#139 = EDGE_LOOP('',(#140,#141,#170,#198));
#140 = ORIENTED_EDGE('',*,*,#21,.T.);
#141 = ORIENTED_EDGE('',*,*,#142,.F.);
#142 = EDGE_CURVE('',#143,#24,#145,.T.);
#143 = VERTEX_POINT('',#144);
#144 = CARTESIAN_POINT('',(110.5,-60.,80.));
#145 = SURFACE_CURVE('',#146,(#151,#158),.PCURVE_S1.);
#146 = CIRCLE('',#147,60.);
#147 = AXIS2_PLACEMENT_3D('',#148,#149,#150);
#148 = CARTESIAN_POINT('',(50.5,-60.,80.));
#149 = DIRECTION('',(0.,1.,2.22044604925E-16));
#150 = DIRECTION('',(1.,-5.259072701473E-32,2.368475785867E-16));
#151 = PCURVE('',#44,#152);
#152 = DEFINITIONAL_REPRESENTATION('',(#153),#157);
#153 = LINE('',#154,#155);
#154 = CARTESIAN_POINT('',(-6.28318530718,-60.));
#155 = VECTOR('',#156,1.);
#156 = DIRECTION('',(1.,-0.));
#157 = ( GEOMETRIC_REPRESENTATION_CONTEXT(2) 
PARAMETRIC_REPRESENTATION_CONTEXT() REPRESENTATION_CONTEXT('2D SPACE',''
  ) );
#158 = PCURVE('',#159,#164);
#159 = TOROIDAL_SURFACE('',#160,70.,10.);
#160 = AXIS2_PLACEMENT_3D('',#161,#162,#163);
#161 = CARTESIAN_POINT('',(50.5,-60.,80.));
#162 = DIRECTION('',(0.,1.,2.22044604925E-16));
#163 = DIRECTION('',(1.,-5.259072701473E-32,2.368475785867E-16));
#164 = DEFINITIONAL_REPRESENTATION('',(#165),#169);
#165 = LINE('',#166,#167);
#166 = CARTESIAN_POINT('',(0.,3.14159265359));
#167 = VECTOR('',#168,1.);
#168 = DIRECTION('',(1.,0.));
#169 = ( GEOMETRIC_REPRESENTATION_CONTEXT(2) 
PARAMETRIC_REPRESENTATION_CONTEXT() REPRESENTATION_CONTEXT('2D SPACE',''
  ) );
#170 = ORIENTED_EDGE('',*,*,#171,.F.);
#171 = EDGE_CURVE('',#172,#143,#174,.T.);
#172 = VERTEX_POINT('',#173);
#173 = CARTESIAN_POINT('',(110.5,-10.,80.));
#174 = SURFACE_CURVE('',#175,(#179,#186),.PCURVE_S1.);
#175 = LINE('',#176,#177);
#176 = CARTESIAN_POINT('',(110.5,1.7766431606E-14,80.));
#177 = VECTOR('',#178,1.);
#178 = DIRECTION('',(0.,-1.,2.17955395075E-16));
#179 = PCURVE('',#44,#180);
#180 = DEFINITIONAL_REPRESENTATION('',(#181),#185);
#181 = LINE('',#182,#183);
#182 = CARTESIAN_POINT('',(-6.28318530718,0.));
#183 = VECTOR('',#184,1.);
#184 = DIRECTION('',(-0.,-1.));
#185 = ( GEOMETRIC_REPRESENTATION_CONTEXT(2) 
PARAMETRIC_REPRESENTATION_CONTEXT() REPRESENTATION_CONTEXT('2D SPACE',''
  ) );
#186 = PCURVE('',#187,#192);
#187 = PLANE('',#188);
#188 = AXIS2_PLACEMENT_3D('',#189,#190,#191);
#189 = CARTESIAN_POINT('',(110.5,7.460301274519E-14,336.));
#190 = DIRECTION('',(1.,0.,0.));
#191 = DIRECTION('',(0.,-2.17955395075E-16,-1.));
#192 = DEFINITIONAL_REPRESENTATION('',(#193),#197);
#193 = LINE('',#194,#195);
#194 = CARTESIAN_POINT('',(256.,-1.04E-15));
#195 = VECTOR('',#196,1.);
#196 = DIRECTION('',(0.,-1.));
#197 = ( GEOMETRIC_REPRESENTATION_CONTEXT(2) 
PARAMETRIC_REPRESENTATION_CONTEXT() REPRESENTATION_CONTEXT('2D SPACE',''
  ) );
#198 = ORIENTED_EDGE('',*,*,#199,.T.);
#199 = EDGE_CURVE('',#172,#22,#200,.T.);
#200 = SURFACE_CURVE('',#201,(#206,#213),.PCURVE_S1.);
#201 = CIRCLE('',#202,60.);
#202 = AXIS2_PLACEMENT_3D('',#203,#204,#205);
#203 = CARTESIAN_POINT('',(50.5,-10.,80.));
#204 = DIRECTION('',(0.,1.,2.22044604925E-16));
#205 = DIRECTION('',(1.,5.259072701473E-32,-2.368475785867E-16));
#206 = PCURVE('',#44,#207);
#207 = DEFINITIONAL_REPRESENTATION('',(#208),#212);
#208 = LINE('',#209,#210);
#209 = CARTESIAN_POINT('',(-6.28318530718,-10.));
#210 = VECTOR('',#211,1.);
#211 = DIRECTION('',(1.,-0.));
#212 = ( GEOMETRIC_REPRESENTATION_CONTEXT(2) 
PARAMETRIC_REPRESENTATION_CONTEXT() REPRESENTATION_CONTEXT('2D SPACE',''
  ) );
#213 = PCURVE('',#214,#219);
#214 = TOROIDAL_SURFACE('',#215,70.,10.);
#215 = AXIS2_PLACEMENT_3D('',#216,#217,#218);
#216 = CARTESIAN_POINT('',(50.5,-10.,80.));
#217 = DIRECTION('',(0.,-1.,-2.22044604925E-16));
#218 = DIRECTION('',(1.,5.259072701473E-32,-2.368475785867E-16));
#219 = DEFINITIONAL_REPRESENTATION('',(#220),#224);
#220 = LINE('',#221,#222);
#221 = CARTESIAN_POINT('',(-0.,3.14159265359));
#222 = VECTOR('',#223,1.);
#223 = DIRECTION('',(-1.,0.));
#224 = ( GEOMETRIC_REPRESENTATION_CONTEXT(2) 
PARAMETRIC_REPRESENTATION_CONTEXT() REPRESENTATION_CONTEXT('2D SPACE',''
  ) );
#225 = ADVANCED_FACE('',(#226),#126,.T.);
#226 = FACE_BOUND('',#227,.T.);
#227 = EDGE_LOOP('',(#228,#252,#280,#406));
#228 = ORIENTED_EDGE('',*,*,#229,.T.);
#229 = EDGE_CURVE('',#22,#230,#232,.T.);
#230 = VERTEX_POINT('',#231);
#231 = CARTESIAN_POINT('',(50.5,2.975397705995E-14,10.));
#232 = SURFACE_CURVE('',#233,(#238,#245),.PCURVE_S1.);
#233 = CIRCLE('',#234,10.);
#234 = AXIS2_PLACEMENT_3D('',#235,#236,#237);
#235 = CARTESIAN_POINT('',(50.5,-10.,10.));
#236 = DIRECTION('',(-1.,-3.899441628027E-32,1.756152386293E-16));
#237 = DIRECTION('',(-1.756152386293E-16,2.22044604925E-16,-1.));
#238 = PCURVE('',#126,#239);
#239 = DEFINITIONAL_REPRESENTATION('',(#240),#244);
#240 = LINE('',#241,#242);
#241 = CARTESIAN_POINT('',(-3.14159265359,0.));
#242 = VECTOR('',#243,1.);
#243 = DIRECTION('',(1.,0.));
#244 = ( GEOMETRIC_REPRESENTATION_CONTEXT(2) 
PARAMETRIC_REPRESENTATION_CONTEXT() REPRESENTATION_CONTEXT('2D SPACE',''
  ) );
#245 = PCURVE('',#214,#246);
#246 = DEFINITIONAL_REPRESENTATION('',(#247),#251);
#247 = LINE('',#248,#249);
#248 = CARTESIAN_POINT('',(-1.570796326795,0.));
#249 = VECTOR('',#250,1.);
#250 = DIRECTION('',(-0.,1.));
#251 = ( GEOMETRIC_REPRESENTATION_CONTEXT(2) 
PARAMETRIC_REPRESENTATION_CONTEXT() REPRESENTATION_CONTEXT('2D SPACE',''
  ) );
#252 = ORIENTED_EDGE('',*,*,#253,.T.);
#253 = EDGE_CURVE('',#230,#254,#256,.T.);
#254 = VERTEX_POINT('',#255);
#255 = CARTESIAN_POINT('',(9.999999999994,3.064215547965E-14,10.));
#256 = SURFACE_CURVE('',#257,(#261,#268),.PCURVE_S1.);
#257 = LINE('',#258,#259);
#258 = CARTESIAN_POINT('',(50.5,2.975397705995E-14,10.));
#259 = VECTOR('',#260,1.);
#260 = DIRECTION('',(-1.,-0.,0.));
#261 = PCURVE('',#126,#262);
#262 = DEFINITIONAL_REPRESENTATION('',(#263),#267);
#263 = LINE('',#264,#265);
#264 = CARTESIAN_POINT('',(1.570796326795,0.));
#265 = VECTOR('',#266,1.);
#266 = DIRECTION('',(0.,1.));
#267 = ( GEOMETRIC_REPRESENTATION_CONTEXT(2) 
PARAMETRIC_REPRESENTATION_CONTEXT() REPRESENTATION_CONTEXT('2D SPACE',''
  ) );
#268 = PCURVE('',#269,#274);
#269 = PLANE('',#270);
#270 = AXIS2_PLACEMENT_3D('',#271,#272,#273);
#271 = CARTESIAN_POINT('',(129.43490530618,-1.8058374681E-18,
    140.34029715781));
#272 = DIRECTION('',(0.,1.,2.22044604925E-16));
#273 = DIRECTION('',(0.,-2.22044604925E-16,1.));
#274 = DEFINITIONAL_REPRESENTATION('',(#275),#279);
#275 = LINE('',#276,#277);
#276 = CARTESIAN_POINT('',(-130.3402971578,-78.93490530618));
#277 = VECTOR('',#278,1.);
#278 = DIRECTION('',(-0.,-1.));
#279 = ( GEOMETRIC_REPRESENTATION_CONTEXT(2) 
PARAMETRIC_REPRESENTATION_CONTEXT() REPRESENTATION_CONTEXT('2D SPACE',''
  ) );
#280 = ORIENTED_EDGE('',*,*,#281,.F.);
#281 = EDGE_CURVE('',#85,#254,#282,.T.);
#282 = SURFACE_CURVE('',#283,(#291,#303),.PCURVE_S1.);
#283 = B_SPLINE_CURVE_WITH_KNOTS('',6,(#284,#285,#286,#287,#288,#289,
    #290),.UNSPECIFIED.,.F.,.F.,(7,7),(0.,1.),.PIECEWISE_BEZIER_KNOTS.);
#284 = CARTESIAN_POINT('',(4.999999999968,-10.,20.));
#285 = CARTESIAN_POINT('',(5.833333333306,-7.382006122008,20.));
#286 = CARTESIAN_POINT('',(6.666666666643,-4.764234992948,
    19.177723139797));
#287 = CARTESIAN_POINT('',(7.499999999981,-2.468098503598,
    17.531901496402));
#288 = CARTESIAN_POINT('',(8.333333333318,-0.822276860203,
    15.235765007051));
#289 = CARTESIAN_POINT('',(9.166666666656,2.535904955403E-14,
    12.617993877992));
#290 = CARTESIAN_POINT('',(9.999999999994,2.975397705995E-14,10.));
#291 = PCURVE('',#126,#292);
#292 = DEFINITIONAL_REPRESENTATION('',(#293),#302);
#293 = B_SPLINE_CURVE_WITH_KNOTS('',7,(#294,#295,#296,#297,#298,#299,
    #300,#301),.UNSPECIFIED.,.F.,.F.,(8,8),(0.,1.),
  .PIECEWISE_BEZIER_KNOTS.);
#294 = CARTESIAN_POINT('',(0.,45.500000000032));
#295 = CARTESIAN_POINT('',(0.224399475256,44.785714285743));
#296 = CARTESIAN_POINT('',(0.448781868616,44.071482944818));
#297 = CARTESIAN_POINT('',(0.673242021633,43.357004087222));
#298 = CARTESIAN_POINT('',(0.897554305162,42.642995912816));
#299 = CARTESIAN_POINT('',(1.122014458179,41.92851705522));
#300 = CARTESIAN_POINT('',(1.346396851538,41.214285714295));
#301 = CARTESIAN_POINT('',(1.570796326795,40.500000000006));
#302 = ( GEOMETRIC_REPRESENTATION_CONTEXT(2) 
PARAMETRIC_REPRESENTATION_CONTEXT() REPRESENTATION_CONTEXT('2D SPACE',''
  ) );
#303 = PCURVE('',#304,#395);
#304 = B_SPLINE_SURFACE_WITH_KNOTS('',8,9,(
    (#305,#306,#307,#308,#309,#310,#311,#312,#313,#314)
    ,(#315,#316,#317,#318,#319,#320,#321,#322,#323,#324)
    ,(#325,#326,#327,#328,#329,#330,#331,#332,#333,#334)
    ,(#335,#336,#337,#338,#339,#340,#341,#342,#343,#344)
    ,(#345,#346,#347,#348,#349,#350,#351,#352,#353,#354)
    ,(#355,#356,#357,#358,#359,#360,#361,#362,#363,#364)
    ,(#365,#366,#367,#368,#369,#370,#371,#372,#373,#374)
    ,(#375,#376,#377,#378,#379,#380,#381,#382,#383,#384)
    ,(#385,#386,#387,#388,#389,#390,#391,#392,#393,#394
  )),.UNSPECIFIED.,.F.,.F.,.F.,(9,9),(10,10),(0.,1.),(0.,1.),
  .PIECEWISE_BEZIER_KNOTS.);
#305 = CARTESIAN_POINT('',(4.999999999968,-10.,19.999999999998));
#306 = CARTESIAN_POINT('',(5.555555555527,-8.254670748006,
    20.000000000001));
#307 = CARTESIAN_POINT('',(6.111111111085,-6.509341471,19.657305430447)
  );
#308 = CARTESIAN_POINT('',(6.666666666643,-4.840912868392,18.97191605158
    ));
#309 = CARTESIAN_POINT('',(7.222222222203,-3.326284551189,
    17.963965394109));
#310 = CARTESIAN_POINT('',(7.777777777759,-2.036034605894,
    16.673715448812));
#311 = CARTESIAN_POINT('',(8.333333333319,-1.028083948422,15.15908713161
    ));
#312 = CARTESIAN_POINT('',(8.888888888877,-0.342694569555,13.490658529)
  );
#313 = CARTESIAN_POINT('',(9.444444444435,1.442047718317E-14,
    11.745329251994));
#314 = CARTESIAN_POINT('',(9.999999999994,3.064215547965E-14,10.));
#315 = CARTESIAN_POINT('',(4.018252330606,-10.,19.999999999998));
#316 = CARTESIAN_POINT('',(4.544002071648,-8.254670748005,
    20.054541537188));
#317 = CARTESIAN_POINT('',(5.112588633886,-6.454753005994,
    19.739089026164));
#318 = CARTESIAN_POINT('',(5.724012047286,-4.706394327582,
    19.022999836006));
#319 = CARTESIAN_POINT('',(6.375755620515,-3.139192416992,
    17.924857346508));
#320 = CARTESIAN_POINT('',(7.062786604718,-1.873467581196,
    16.536574168182));
#321 = CARTESIAN_POINT('',(7.777864885413,-0.934870761197,
    14.987128890175));
#322 = CARTESIAN_POINT('',(8.512168201782,-0.311527086097,
    13.345697736986));
#323 = CARTESIAN_POINT('',(9.256084102451,1.504689799781E-14,
    11.666051984383));
#324 = CARTESIAN_POINT('',(9.999999999994,3.07254222065E-14,10.));
#325 = CARTESIAN_POINT('',(3.036504195728,-10.,19.779696075804));
#326 = CARTESIAN_POINT('',(3.436671460013,-8.254670748005,
    19.906514766481));
#327 = CARTESIAN_POINT('',(3.817564558477,-6.415761245275,
    19.468948442744));
#328 = CARTESIAN_POINT('',(4.422069478446,-4.610309655574,18.6921623708)
  );
#329 = CARTESIAN_POINT('',(5.169908772608,-3.00555517828,17.525725221513
    ));
#330 = CARTESIAN_POINT('',(6.033533942374,-1.75734827784,16.094266067704
    ));
#331 = CARTESIAN_POINT('',(6.972283505969,-0.868289913179,
    14.564013214087));
#332 = CARTESIAN_POINT('',(7.960774204278,-0.289264597912,
    13.007626263359));
#333 = CARTESIAN_POINT('',(8.900565465381,1.174704617424E-14,
    11.388449829008));
#334 = CARTESIAN_POINT('',(9.999999999994,3.076110794658E-14,10.));
#335 = CARTESIAN_POINT('',(2.112433944014,-10.,19.339090257334));
#336 = CARTESIAN_POINT('',(2.307348581036,-8.254670748005,
    19.473953918552));
#337 = CARTESIAN_POINT('',(2.660202325091,-6.392366188843,
    19.089076294907));
#338 = CARTESIAN_POINT('',(3.315277144533,-4.55265885237,18.337771532835
    ));
#339 = CARTESIAN_POINT('',(4.211626860684,-2.925372835053,
    17.201365643469));
#340 = CARTESIAN_POINT('',(5.28248782783,-1.687676695827,15.808545646125
    ));
#341 = CARTESIAN_POINT('',(6.437458742791,-0.828341404369,
    14.328336440219));
#342 = CARTESIAN_POINT('',(7.630888465248,-0.275907105001,
    12.835290139533));
#343 = CARTESIAN_POINT('',(8.785819725159,1.039143325691E-14,
    11.320453977804));
#344 = CARTESIAN_POINT('',(9.999999999994,3.076110794658E-14,10.));
#345 = CARTESIAN_POINT('',(1.303706108416,-10.,18.696293891562));
#346 = CARTESIAN_POINT('',(1.284003689041,-8.254670748004,18.71599631094
    ));
#347 = CARTESIAN_POINT('',(1.63285628318,-6.384567836699,18.367143716805
    ));
#348 = CARTESIAN_POINT('',(2.338973771078,-4.533441917968,
    17.661026228907));
#349 = CARTESIAN_POINT('',(3.377895311431,-2.89864538731,16.622104688559
    ));
#350 = CARTESIAN_POINT('',(4.643164285059,-1.664452835155,
    15.356835714928));
#351 = CARTESIAN_POINT('',(5.994792416929,-0.815025234765,
    14.005207583061));
#352 = CARTESIAN_POINT('',(7.36746557688,-0.271454607364,12.63253442311)
  );
#353 = CARTESIAN_POINT('',(8.724891225505,8.856842963965E-15,
    11.275108774488));
#354 = CARTESIAN_POINT('',(9.999999999994,3.073731745319E-14,10.));
#355 = CARTESIAN_POINT('',(0.660909742654,-10.,17.887566055978));
#356 = CARTESIAN_POINT('',(0.526046081434,-8.254670748005,
    17.692651418955));
#357 = CARTESIAN_POINT('',(0.91092370508,-6.392366188843,17.3397976749)
  );
#358 = CARTESIAN_POINT('',(1.662228467151,-4.55265885237,16.684722855455
    ));
#359 = CARTESIAN_POINT('',(2.798634356521,-2.925372835053,
    15.788373139308));
#360 = CARTESIAN_POINT('',(4.191454353862,-1.687676695827,
    14.717512172159));
#361 = CARTESIAN_POINT('',(5.671663559772,-0.828341404369,
    13.562541257202));
#362 = CARTESIAN_POINT('',(7.164709860458,-0.275907105001,
    12.369111534744));
#363 = CARTESIAN_POINT('',(8.679546022189,7.018490970139E-15,
    11.214180274834));
#364 = CARTESIAN_POINT('',(9.999999999994,3.070163171312E-14,10.));
#365 = CARTESIAN_POINT('',(0.220303924181,-10.,16.96349580425));
#366 = CARTESIAN_POINT('',(9.348523350475E-02,-8.254670748005,
    16.563328539966));
#367 = CARTESIAN_POINT('',(0.531051557244,-6.415761245275,
    16.182435441507));
#368 = CARTESIAN_POINT('',(1.307837629187,-4.610309655574,
    15.577930521537));
#369 = CARTESIAN_POINT('',(2.474274778478,-3.00555517828,14.83009122738)
  );
#370 = CARTESIAN_POINT('',(3.905733932285,-1.75734827784,13.966466057612
    ));
#371 = CARTESIAN_POINT('',(5.435986785904,-0.868289913179,
    13.027716494021));
#372 = CARTESIAN_POINT('',(6.992373736632,-0.289264597912,
    12.039225795711));
#373 = CARTESIAN_POINT('',(8.611550170985,4.751592950156E-15,
    11.099434534612));
#374 = CARTESIAN_POINT('',(9.999999999994,3.066594597304E-14,10.));
#375 = CARTESIAN_POINT('',(-1.246883152284E-11,-10.,15.981747669381));
#376 = CARTESIAN_POINT('',(-5.454153720175E-02,-8.254670748005,
    15.455997928339));
#377 = CARTESIAN_POINT('',(0.260910973823,-6.454753005994,
    14.887411366102));
#378 = CARTESIAN_POINT('',(0.977000163981,-4.706394327581,14.2759879527)
  );
#379 = CARTESIAN_POINT('',(2.075142653482,-3.139192416993,
    13.624244379475));
#380 = CARTESIAN_POINT('',(3.463425831807,-1.873467581196,
    12.937213395268));
#381 = CARTESIAN_POINT('',(5.012871109816,-0.934870761197,
    12.222135114578));
#382 = CARTESIAN_POINT('',(6.654302263006,-0.311527086097,
    11.487831798208));
#383 = CARTESIAN_POINT('',(8.333948015609,-6.70673778282E-17,
    10.743915897541));
#384 = CARTESIAN_POINT('',(9.999999999994,3.064215547965E-14,10.));
#385 = CARTESIAN_POINT('',(-1.148525718975E-11,-10.,15.000000000015));
#386 = CARTESIAN_POINT('',(-1.351015963719E-11,-8.254670748006,
    14.444444444456));
#387 = CARTESIAN_POINT('',(0.342694569541,-6.509341471001,
    13.888888888899));
#388 = CARTESIAN_POINT('',(1.028083948408,-4.840912868391,13.33333333334
    ));
#389 = CARTESIAN_POINT('',(2.036034605881,-3.32628455119,12.777777777785
    ));
#390 = CARTESIAN_POINT('',(3.326284551178,-2.036034605894,
    12.222222222225));
#391 = CARTESIAN_POINT('',(4.840912868382,-1.028083948422,
    11.666666666671));
#392 = CARTESIAN_POINT('',(6.509341470992,-0.342694569555,
    11.111111111113));
#393 = CARTESIAN_POINT('',(8.254670747999,-1.56697846938E-15,
    10.555555555557));
#394 = CARTESIAN_POINT('',(9.999999999994,3.064215547965E-14,10.));
#395 = DEFINITIONAL_REPRESENTATION('',(#396),#405);
#396 = B_SPLINE_CURVE_WITH_KNOTS('',7,(#397,#398,#399,#400,#401,#402,
    #403,#404),.UNSPECIFIED.,.F.,.F.,(8,8),(0.,1.),
  .PIECEWISE_BEZIER_KNOTS.);
#397 = CARTESIAN_POINT('',(0.,1.110223024625E-16));
#398 = CARTESIAN_POINT('',(0.,0.142857142857));
#399 = CARTESIAN_POINT('',(0.,0.285703411046));
#400 = CARTESIAN_POINT('',(0.,0.428599182548));
#401 = CARTESIAN_POINT('',(0.,0.571400817453));
#402 = CARTESIAN_POINT('',(0.,0.714296588954));
#403 = CARTESIAN_POINT('',(0.,0.857142857143));
#404 = CARTESIAN_POINT('',(0.,1.));
#405 = ( GEOMETRIC_REPRESENTATION_CONTEXT(2) 
PARAMETRIC_REPRESENTATION_CONTEXT() REPRESENTATION_CONTEXT('2D SPACE',''
  ) );
#406 = ORIENTED_EDGE('',*,*,#112,.F.);
#407 = ADVANCED_FACE('',(#408),#72,.T.);
#408 = FACE_BOUND('',#409,.F.);
#409 = EDGE_LOOP('',(#410,#434,#462,#588));
#410 = ORIENTED_EDGE('',*,*,#411,.T.);
#411 = EDGE_CURVE('',#24,#412,#414,.T.);
#412 = VERTEX_POINT('',#413);
#413 = CARTESIAN_POINT('',(50.5,-70.,10.));
#414 = SURFACE_CURVE('',#415,(#420,#427),.PCURVE_S1.);
#415 = CIRCLE('',#416,10.);
#416 = AXIS2_PLACEMENT_3D('',#417,#418,#419);
#417 = CARTESIAN_POINT('',(50.5,-60.,10.));
#418 = DIRECTION('',(1.,-6.61870377492E-32,2.980799185441E-16));
#419 = DIRECTION('',(2.980799185441E-16,2.22044604925E-16,-1.));
#420 = PCURVE('',#72,#421);
#421 = DEFINITIONAL_REPRESENTATION('',(#422),#426);
#422 = LINE('',#423,#424);
#423 = CARTESIAN_POINT('',(3.14159265359,-0.));
#424 = VECTOR('',#425,1.);
#425 = DIRECTION('',(-1.,0.));
#426 = ( GEOMETRIC_REPRESENTATION_CONTEXT(2) 
PARAMETRIC_REPRESENTATION_CONTEXT() REPRESENTATION_CONTEXT('2D SPACE',''
  ) );
#427 = PCURVE('',#159,#428);
#428 = DEFINITIONAL_REPRESENTATION('',(#429),#433);
#429 = LINE('',#430,#431);
#430 = CARTESIAN_POINT('',(1.570796326795,0.));
#431 = VECTOR('',#432,1.);
#432 = DIRECTION('',(0.,1.));
#433 = ( GEOMETRIC_REPRESENTATION_CONTEXT(2) 
PARAMETRIC_REPRESENTATION_CONTEXT() REPRESENTATION_CONTEXT('2D SPACE',''
  ) );
#434 = ORIENTED_EDGE('',*,*,#435,.T.);
#435 = EDGE_CURVE('',#412,#436,#438,.T.);
#436 = VERTEX_POINT('',#437);
#437 = CARTESIAN_POINT('',(9.999999999994,-70.,10.));
#438 = SURFACE_CURVE('',#439,(#443,#450),.PCURVE_S1.);
#439 = LINE('',#440,#441);
#440 = CARTESIAN_POINT('',(50.5,-70.,10.));
#441 = VECTOR('',#442,1.);
#442 = DIRECTION('',(-1.,-0.,0.));
#443 = PCURVE('',#72,#444);
#444 = DEFINITIONAL_REPRESENTATION('',(#445),#449);
#445 = LINE('',#446,#447);
#446 = CARTESIAN_POINT('',(-1.570796326795,0.));
#447 = VECTOR('',#448,1.);
#448 = DIRECTION('',(-0.,1.));
#449 = ( GEOMETRIC_REPRESENTATION_CONTEXT(2) 
PARAMETRIC_REPRESENTATION_CONTEXT() REPRESENTATION_CONTEXT('2D SPACE',''
  ) );
#450 = PCURVE('',#451,#456);
#451 = PLANE('',#452);
#452 = AXIS2_PLACEMENT_3D('',#453,#454,#455);
#453 = CARTESIAN_POINT('',(129.43490530618,-70.,140.34029715781));
#454 = DIRECTION('',(0.,1.,2.22044604925E-16));
#455 = DIRECTION('',(0.,-2.22044604925E-16,1.));
#456 = DEFINITIONAL_REPRESENTATION('',(#457),#461);
#457 = LINE('',#458,#459);
#458 = CARTESIAN_POINT('',(-130.3402971578,-78.93490530618));
#459 = VECTOR('',#460,1.);
#460 = DIRECTION('',(-0.,-1.));
#461 = ( GEOMETRIC_REPRESENTATION_CONTEXT(2) 
PARAMETRIC_REPRESENTATION_CONTEXT() REPRESENTATION_CONTEXT('2D SPACE',''
  ) );
#462 = ORIENTED_EDGE('',*,*,#463,.F.);
#463 = EDGE_CURVE('',#57,#436,#464,.T.);
#464 = SURFACE_CURVE('',#465,(#473,#485),.PCURVE_S1.);
#465 = B_SPLINE_CURVE_WITH_KNOTS('',6,(#466,#467,#468,#469,#470,#471,
    #472),.UNSPECIFIED.,.F.,.F.,(7,7),(0.,1.),.PIECEWISE_BEZIER_KNOTS.);
#466 = CARTESIAN_POINT('',(4.999999999968,-60.,20.));
#467 = CARTESIAN_POINT('',(5.833333333306,-62.61799387799,20.));
#468 = CARTESIAN_POINT('',(6.666666666643,-65.23576500705,
    19.177723139797));
#469 = CARTESIAN_POINT('',(7.499999999981,-67.5319014964,17.531901496402
    ));
#470 = CARTESIAN_POINT('',(8.333333333318,-69.17772313979,
    15.235765007051));
#471 = CARTESIAN_POINT('',(9.166666666656,-70.,12.617993877992));
#472 = CARTESIAN_POINT('',(9.999999999994,-70.,10.));
#473 = PCURVE('',#72,#474);
#474 = DEFINITIONAL_REPRESENTATION('',(#475),#484);
#475 = B_SPLINE_CURVE_WITH_KNOTS('',7,(#476,#477,#478,#479,#480,#481,
    #482,#483),.UNSPECIFIED.,.F.,.F.,(8,8),(0.,1.),
  .PIECEWISE_BEZIER_KNOTS.);
#476 = CARTESIAN_POINT('',(0.,45.500000000032));
#477 = CARTESIAN_POINT('',(-0.224399475256,44.785714285743));
#478 = CARTESIAN_POINT('',(-0.448781868616,44.071482944819));
#479 = CARTESIAN_POINT('',(-0.673242021633,43.357004087221));
#480 = CARTESIAN_POINT('',(-0.897554305162,42.642995912817));
#481 = CARTESIAN_POINT('',(-1.122014458179,41.928517055219));
#482 = CARTESIAN_POINT('',(-1.346396851538,41.214285714295));
#483 = CARTESIAN_POINT('',(-1.570796326795,40.500000000006));
#484 = ( GEOMETRIC_REPRESENTATION_CONTEXT(2) 
PARAMETRIC_REPRESENTATION_CONTEXT() REPRESENTATION_CONTEXT('2D SPACE',''
  ) );
#485 = PCURVE('',#486,#577);
#486 = B_SPLINE_SURFACE_WITH_KNOTS('',8,9,(
    (#487,#488,#489,#490,#491,#492,#493,#494,#495,#496)
    ,(#497,#498,#499,#500,#501,#502,#503,#504,#505,#506)
    ,(#507,#508,#509,#510,#511,#512,#513,#514,#515,#516)
    ,(#517,#518,#519,#520,#521,#522,#523,#524,#525,#526)
    ,(#527,#528,#529,#530,#531,#532,#533,#534,#535,#536)
    ,(#537,#538,#539,#540,#541,#542,#543,#544,#545,#546)
    ,(#547,#548,#549,#550,#551,#552,#553,#554,#555,#556)
    ,(#557,#558,#559,#560,#561,#562,#563,#564,#565,#566)
    ,(#567,#568,#569,#570,#571,#572,#573,#574,#575,#576
  )),.UNSPECIFIED.,.F.,.F.,.F.,(9,9),(10,10),(0.,1.),(0.,1.),
  .PIECEWISE_BEZIER_KNOTS.);
#487 = CARTESIAN_POINT('',(4.999999999968,-60.,19.999999999998));
#488 = CARTESIAN_POINT('',(5.555555555527,-61.74532925199,
    20.000000000001));
#489 = CARTESIAN_POINT('',(6.111111111085,-63.490658529,19.657305430448)
  );
#490 = CARTESIAN_POINT('',(6.666666666643,-65.1590871316,18.971916051579
    ));
#491 = CARTESIAN_POINT('',(7.222222222203,-66.67371544882,
    17.963965394112));
#492 = CARTESIAN_POINT('',(7.777777777759,-67.96396539409,16.67371544881
    ));
#493 = CARTESIAN_POINT('',(8.333333333319,-68.97191605158,
    15.159087131612));
#494 = CARTESIAN_POINT('',(8.888888888877,-69.65730543044,
    13.490658528999));
#495 = CARTESIAN_POINT('',(9.444444444435,-70.,11.745329251995));
#496 = CARTESIAN_POINT('',(9.999999999994,-70.,10.));
#497 = CARTESIAN_POINT('',(4.018252330607,-60.,19.999999999998));
#498 = CARTESIAN_POINT('',(4.544002071649,-61.74532925199,
    20.054541537188));
#499 = CARTESIAN_POINT('',(5.112588633887,-63.54524699401,
    19.739089026165));
#500 = CARTESIAN_POINT('',(5.724012047287,-65.29360567241,
    19.022999836005));
#501 = CARTESIAN_POINT('',(6.375755620515,-66.86080758301,17.92485734651
    ));
#502 = CARTESIAN_POINT('',(7.062786604719,-68.12653241879,
    16.536574168179));
#503 = CARTESIAN_POINT('',(7.777864885414,-69.0651292388,14.987128890177
    ));
#504 = CARTESIAN_POINT('',(8.512168201782,-69.6884729139,13.345697736985
    ));
#505 = CARTESIAN_POINT('',(9.256084102451,-70.,11.666051984384));
#506 = CARTESIAN_POINT('',(9.999999999994,-70.,10.));
#507 = CARTESIAN_POINT('',(3.036504195724,-60.,19.779696075804));
#508 = CARTESIAN_POINT('',(3.43667146001,-61.74532925199,19.906514766482
    ));
#509 = CARTESIAN_POINT('',(3.817564558475,-63.58423875473,
    19.468948442746));
#510 = CARTESIAN_POINT('',(4.422069478444,-65.38969034442,18.6921623708)
  );
#511 = CARTESIAN_POINT('',(5.169908772606,-66.99444482173,
    17.525725221516));
#512 = CARTESIAN_POINT('',(6.033533942373,-68.24265172215,
    16.094266067703));
#513 = CARTESIAN_POINT('',(6.972283505968,-69.13171008682,
    14.564013214089));
#514 = CARTESIAN_POINT('',(7.960774204277,-69.71073540208,
    13.007626263359));
#515 = CARTESIAN_POINT('',(8.900565465381,-70.,11.388449829008));
#516 = CARTESIAN_POINT('',(9.999999999994,-70.,10.));
#517 = CARTESIAN_POINT('',(2.11243394402,-60.,19.339090257335));
#518 = CARTESIAN_POINT('',(2.307348581042,-61.74532925199,
    19.473953918553));
#519 = CARTESIAN_POINT('',(2.660202325094,-63.60763381116,
    19.089076294908));
#520 = CARTESIAN_POINT('',(3.315277144536,-65.44734114762,
    18.337771532834));
#521 = CARTESIAN_POINT('',(4.211626860686,-67.07462716495,17.20136564347
    ));
#522 = CARTESIAN_POINT('',(5.282487827832,-68.31232330416,
    15.808545646124));
#523 = CARTESIAN_POINT('',(6.437458742792,-69.17165859563,14.32833644022
    ));
#524 = CARTESIAN_POINT('',(7.63088846525,-69.72409289499,12.835290139533
    ));
#525 = CARTESIAN_POINT('',(8.785819725159,-70.,11.320453977804));
#526 = CARTESIAN_POINT('',(9.999999999994,-70.,10.));
#527 = CARTESIAN_POINT('',(1.30370610841,-60.,18.696293891559));
#528 = CARTESIAN_POINT('',(1.284003689036,-61.74532925199,
    18.715996310938));
#529 = CARTESIAN_POINT('',(1.632856283178,-63.6154321633,18.367143716805
    ));
#530 = CARTESIAN_POINT('',(2.338973771076,-65.46655808202,
    17.661026228906));
#531 = CARTESIAN_POINT('',(3.377895311429,-67.1013546127,16.622104688561
    ));
#532 = CARTESIAN_POINT('',(4.643164285058,-68.33554716483,
    15.356835714927));
#533 = CARTESIAN_POINT('',(5.994792416928,-69.18497476524,
    14.005207583062));
#534 = CARTESIAN_POINT('',(7.367465576879,-69.72854539263,
    12.632534423109));
#535 = CARTESIAN_POINT('',(8.724891225505,-70.,11.275108774489));
#536 = CARTESIAN_POINT('',(9.999999999994,-70.,10.));
#537 = CARTESIAN_POINT('',(0.660909742657,-60.,17.887566055983));
#538 = CARTESIAN_POINT('',(0.526046081437,-61.74532925199,
    17.692651418958));
#539 = CARTESIAN_POINT('',(0.910923705082,-63.60763381116,
    17.339797674903));
#540 = CARTESIAN_POINT('',(1.662228467152,-65.44734114762,
    16.684722855456));
#541 = CARTESIAN_POINT('',(2.798634356522,-67.07462716495,
    15.788373139311));
#542 = CARTESIAN_POINT('',(4.191454353863,-68.31232330416,
    14.717512172159));
#543 = CARTESIAN_POINT('',(5.671663559773,-69.17165859563,
    13.562541257204));
#544 = CARTESIAN_POINT('',(7.164709860459,-69.72409289499,
    12.369111534744));
#545 = CARTESIAN_POINT('',(8.679546022189,-70.,11.214180274834));
#546 = CARTESIAN_POINT('',(9.999999999994,-70.,10.));
#547 = CARTESIAN_POINT('',(0.22030392418,-60.,16.963495804248));
#548 = CARTESIAN_POINT('',(9.348523350445E-02,-61.74532925199,
    16.563328539964));
#549 = CARTESIAN_POINT('',(0.531051557244,-63.58423875473,
    16.182435441506));
#550 = CARTESIAN_POINT('',(1.307837629188,-65.38969034442,
    15.577930521536));
#551 = CARTESIAN_POINT('',(2.474274778478,-66.99444482173,
    14.830091227381));
#552 = CARTESIAN_POINT('',(3.905733932285,-68.24265172215,13.96646605761
    ));
#553 = CARTESIAN_POINT('',(5.435986785905,-69.13171008682,
    13.027716494022));
#554 = CARTESIAN_POINT('',(6.992373736632,-69.71073540208,
    12.039225795711));
#555 = CARTESIAN_POINT('',(8.611550170985,-70.,11.099434534613));
#556 = CARTESIAN_POINT('',(9.999999999994,-70.,10.));
#557 = CARTESIAN_POINT('',(-1.246855396708E-11,-60.,15.981747669383));
#558 = CARTESIAN_POINT('',(-5.454153720182E-02,-61.74532925199,
    15.45599792834));
#559 = CARTESIAN_POINT('',(0.260910973823,-63.54524699401,
    14.887411366103));
#560 = CARTESIAN_POINT('',(0.97700016398,-65.29360567241,14.2759879527)
  );
#561 = CARTESIAN_POINT('',(2.075142653482,-66.86080758301,
    13.624244379477));
#562 = CARTESIAN_POINT('',(3.463425831807,-68.12653241879,
    12.937213395268));
#563 = CARTESIAN_POINT('',(5.012871109816,-69.06512923881,
    12.222135114579));
#564 = CARTESIAN_POINT('',(6.654302263006,-69.6884729139,11.487831798208
    ));
#565 = CARTESIAN_POINT('',(8.333948015609,-70.,10.743915897541));
#566 = CARTESIAN_POINT('',(9.999999999994,-70.,10.));
#567 = CARTESIAN_POINT('',(-1.148503514514E-11,-60.,15.000000000015));
#568 = CARTESIAN_POINT('',(-1.350849127592E-11,-61.74532925199,
    14.444444444456));
#569 = CARTESIAN_POINT('',(0.342694569541,-63.490658529,13.8888888889));
#570 = CARTESIAN_POINT('',(1.028083948407,-65.1590871316,13.33333333334)
  );
#571 = CARTESIAN_POINT('',(2.036034605882,-66.67371544882,
    12.777777777786));
#572 = CARTESIAN_POINT('',(3.326284551178,-67.96396539409,
    12.222222222225));
#573 = CARTESIAN_POINT('',(4.840912868382,-68.97191605158,
    11.666666666671));
#574 = CARTESIAN_POINT('',(6.509341470992,-69.65730543044,
    11.111111111113));
#575 = CARTESIAN_POINT('',(8.254670747999,-70.,10.555555555557));
#576 = CARTESIAN_POINT('',(9.999999999994,-70.,10.));
#577 = DEFINITIONAL_REPRESENTATION('',(#578),#587);
#578 = B_SPLINE_CURVE_WITH_KNOTS('',7,(#579,#580,#581,#582,#583,#584,
    #585,#586),.UNSPECIFIED.,.F.,.F.,(8,8),(0.,1.),
  .PIECEWISE_BEZIER_KNOTS.);
#579 = CARTESIAN_POINT('',(0.,0.));
#580 = CARTESIAN_POINT('',(0.,0.142857142857));
#581 = CARTESIAN_POINT('',(0.,0.285703411046));
#582 = CARTESIAN_POINT('',(0.,0.428599182548));
#583 = CARTESIAN_POINT('',(0.,0.571400817453));
#584 = CARTESIAN_POINT('',(0.,0.714296588954));
#585 = CARTESIAN_POINT('',(0.,0.857142857143));
#586 = CARTESIAN_POINT('',(0.,1.));
#587 = ( GEOMETRIC_REPRESENTATION_CONTEXT(2) 
PARAMETRIC_REPRESENTATION_CONTEXT() REPRESENTATION_CONTEXT('2D SPACE',''
  ) );
#588 = ORIENTED_EDGE('',*,*,#56,.F.);
#589 = ADVANCED_FACE('',(#590),#100,.T.);
#590 = FACE_BOUND('',#591,.F.);
#591 = EDGE_LOOP('',(#592,#593,#625,#653));
#592 = ORIENTED_EDGE('',*,*,#84,.T.);
#593 = ORIENTED_EDGE('',*,*,#594,.T.);
#594 = EDGE_CURVE('',#57,#595,#597,.T.);
#595 = VERTEX_POINT('',#596);
#596 = CARTESIAN_POINT('',(-1.148503514514E-11,-60.,15.000000000015));
#597 = SURFACE_CURVE('',#598,(#608,#618),.PCURVE_S1.);
#598 = B_SPLINE_CURVE_WITH_KNOTS('',8,(#599,#600,#601,#602,#603,#604,
    #605,#606,#607),.UNSPECIFIED.,.F.,.F.,(9,9),(0.,1.),
  .PIECEWISE_BEZIER_KNOTS.);
#599 = CARTESIAN_POINT('',(4.999999999968,-60.,19.999999999998));
#600 = CARTESIAN_POINT('',(4.018252330607,-60.,19.999999999998));
#601 = CARTESIAN_POINT('',(3.036504195724,-60.,19.779696075804));
#602 = CARTESIAN_POINT('',(2.11243394402,-60.,19.339090257335));
#603 = CARTESIAN_POINT('',(1.30370610841,-60.,18.696293891559));
#604 = CARTESIAN_POINT('',(0.660909742657,-60.,17.887566055983));
#605 = CARTESIAN_POINT('',(0.22030392418,-60.,16.963495804248));
#606 = CARTESIAN_POINT('',(-1.246855396708E-11,-60.,15.981747669383));
#607 = CARTESIAN_POINT('',(-1.148503514514E-11,-60.,15.000000000015));
#608 = PCURVE('',#100,#609);
#609 = DEFINITIONAL_REPRESENTATION('',(#610),#617);
#610 = B_SPLINE_CURVE_WITH_KNOTS('',5,(#611,#612,#613,#614,#615,#616),
  .UNSPECIFIED.,.F.,.F.,(6,6),(0.,1.),.PIECEWISE_BEZIER_KNOTS.);
#611 = CARTESIAN_POINT('',(-1.570796326799,-60.));
#612 = CARTESIAN_POINT('',(-1.884955580995,-60.));
#613 = CARTESIAN_POINT('',(-2.199114867033,-60.));
#614 = CARTESIAN_POINT('',(-2.513274113353,-60.));
#615 = CARTESIAN_POINT('',(-2.827433399388,-60.));
#616 = CARTESIAN_POINT('',(-3.141592653586,-60.));
#617 = ( GEOMETRIC_REPRESENTATION_CONTEXT(2) 
PARAMETRIC_REPRESENTATION_CONTEXT() REPRESENTATION_CONTEXT('2D SPACE',''
  ) );
#618 = PCURVE('',#486,#619);
#619 = DEFINITIONAL_REPRESENTATION('',(#620),#624);
#620 = LINE('',#621,#622);
#621 = CARTESIAN_POINT('',(0.,0.));
#622 = VECTOR('',#623,1.);
#623 = DIRECTION('',(1.,0.));
#624 = ( GEOMETRIC_REPRESENTATION_CONTEXT(2) 
PARAMETRIC_REPRESENTATION_CONTEXT() REPRESENTATION_CONTEXT('2D SPACE',''
  ) );
#625 = ORIENTED_EDGE('',*,*,#626,.F.);
#626 = EDGE_CURVE('',#627,#595,#629,.T.);
#627 = VERTEX_POINT('',#628);
#628 = CARTESIAN_POINT('',(-1.148525718975E-11,-10.,15.000000000015));
#629 = SURFACE_CURVE('',#630,(#634,#641),.PCURVE_S1.);
#630 = LINE('',#631,#632);
#631 = CARTESIAN_POINT('',(-1.148592E-11,3.329330926121E-15,
    15.000000000015));
#632 = VECTOR('',#633,1.);
#633 = DIRECTION('',(0.,-1.,2.17955395075E-16));
#634 = PCURVE('',#100,#635);
#635 = DEFINITIONAL_REPRESENTATION('',(#636),#640);
#636 = LINE('',#637,#638);
#637 = CARTESIAN_POINT('',(-3.141592653586,0.));
#638 = VECTOR('',#639,1.);
#639 = DIRECTION('',(-0.,-1.));
#640 = ( GEOMETRIC_REPRESENTATION_CONTEXT(2) 
PARAMETRIC_REPRESENTATION_CONTEXT() REPRESENTATION_CONTEXT('2D SPACE',''
  ) );
#641 = PCURVE('',#642,#647);
#642 = PLANE('',#643);
#643 = AXIS2_PLACEMENT_3D('',#644,#645,#646);
#644 = CARTESIAN_POINT('',(-1.148592E-11,3.329330926121E-15,
    15.000000000015));
#645 = DIRECTION('',(1.,-2.22450946552E-28,1.00183E-12));
#646 = DIRECTION('',(1.00183E-12,-2.17955395075E-16,-1.));
#647 = DEFINITIONAL_REPRESENTATION('',(#648),#652);
#648 = LINE('',#649,#650);
#649 = CARTESIAN_POINT('',(0.,0.));
#650 = VECTOR('',#651,1.);
#651 = DIRECTION('',(0.,-1.));
#652 = ( GEOMETRIC_REPRESENTATION_CONTEXT(2) 
PARAMETRIC_REPRESENTATION_CONTEXT() REPRESENTATION_CONTEXT('2D SPACE',''
  ) );
#653 = ORIENTED_EDGE('',*,*,#654,.F.);
#654 = EDGE_CURVE('',#85,#627,#655,.T.);
#655 = SURFACE_CURVE('',#656,(#666,#676),.PCURVE_S1.);
#656 = B_SPLINE_CURVE_WITH_KNOTS('',8,(#657,#658,#659,#660,#661,#662,
    #663,#664,#665),.UNSPECIFIED.,.F.,.F.,(9,9),(0.,1.),
  .PIECEWISE_BEZIER_KNOTS.);
#657 = CARTESIAN_POINT('',(4.999999999968,-10.,19.999999999998));
#658 = CARTESIAN_POINT('',(4.018252330606,-10.,19.999999999998));
#659 = CARTESIAN_POINT('',(3.036504195728,-10.,19.779696075804));
#660 = CARTESIAN_POINT('',(2.112433944014,-10.,19.339090257334));
#661 = CARTESIAN_POINT('',(1.303706108416,-10.,18.696293891562));
#662 = CARTESIAN_POINT('',(0.660909742654,-10.,17.887566055978));
#663 = CARTESIAN_POINT('',(0.220303924181,-10.,16.96349580425));
#664 = CARTESIAN_POINT('',(-1.246883152284E-11,-10.,15.981747669381));
#665 = CARTESIAN_POINT('',(-1.148525718975E-11,-10.,15.000000000015));
#666 = PCURVE('',#100,#667);
#667 = DEFINITIONAL_REPRESENTATION('',(#668),#675);
#668 = B_SPLINE_CURVE_WITH_KNOTS('',5,(#669,#670,#671,#672,#673,#674),
  .UNSPECIFIED.,.F.,.F.,(6,6),(0.,1.),.PIECEWISE_BEZIER_KNOTS.);
#669 = CARTESIAN_POINT('',(-1.570796326799,-10.));
#670 = CARTESIAN_POINT('',(-1.884955580995,-10.));
#671 = CARTESIAN_POINT('',(-2.199114867033,-10.));
#672 = CARTESIAN_POINT('',(-2.513274113353,-10.));
#673 = CARTESIAN_POINT('',(-2.827433399389,-10.));
#674 = CARTESIAN_POINT('',(-3.141592653586,-10.));
#675 = ( GEOMETRIC_REPRESENTATION_CONTEXT(2) 
PARAMETRIC_REPRESENTATION_CONTEXT() REPRESENTATION_CONTEXT('2D SPACE',''
  ) );
#676 = PCURVE('',#304,#677);
#677 = DEFINITIONAL_REPRESENTATION('',(#678),#682);
#678 = LINE('',#679,#680);
#679 = CARTESIAN_POINT('',(0.,0.));
#680 = VECTOR('',#681,1.);
#681 = DIRECTION('',(1.,0.));
#682 = ( GEOMETRIC_REPRESENTATION_CONTEXT(2) 
PARAMETRIC_REPRESENTATION_CONTEXT() REPRESENTATION_CONTEXT('2D SPACE',''
  ) );
#683 = ADVANCED_FACE('',(#684),#214,.T.);
#684 = FACE_BOUND('',#685,.F.);
#685 = EDGE_LOOP('',(#686,#715,#716,#717));
#686 = ORIENTED_EDGE('',*,*,#687,.F.);
#687 = EDGE_CURVE('',#172,#688,#690,.T.);
#688 = VERTEX_POINT('',#689);
#689 = CARTESIAN_POINT('',(120.5,1.59872115546E-14,80.));
#690 = SURFACE_CURVE('',#691,(#696,#703),.PCURVE_S1.);
#691 = CIRCLE('',#692,10.);
#692 = AXIS2_PLACEMENT_3D('',#693,#694,#695);
#693 = CARTESIAN_POINT('',(120.5,-10.,80.));
#694 = DIRECTION('',(-0.,2.22044604925E-16,-1.));
#695 = DIRECTION('',(-1.,-0.,0.));
#696 = PCURVE('',#214,#697);
#697 = DEFINITIONAL_REPRESENTATION('',(#698),#702);
#698 = LINE('',#699,#700);
#699 = CARTESIAN_POINT('',(-0.,3.14159265359));
#700 = VECTOR('',#701,1.);
#701 = DIRECTION('',(-0.,1.));
#702 = ( GEOMETRIC_REPRESENTATION_CONTEXT(2) 
PARAMETRIC_REPRESENTATION_CONTEXT() REPRESENTATION_CONTEXT('2D SPACE',''
  ) );
#703 = PCURVE('',#704,#709);
#704 = CYLINDRICAL_SURFACE('',#705,10.);
#705 = AXIS2_PLACEMENT_3D('',#706,#707,#708);
#706 = CARTESIAN_POINT('',(120.5,-10.,336.));
#707 = DIRECTION('',(0.,2.22044604925E-16,-1.));
#708 = DIRECTION('',(-1.,0.,-0.));
#709 = DEFINITIONAL_REPRESENTATION('',(#710),#714);
#710 = LINE('',#711,#712);
#711 = CARTESIAN_POINT('',(0.,256.));
#712 = VECTOR('',#713,1.);
#713 = DIRECTION('',(1.,0.));
#714 = ( GEOMETRIC_REPRESENTATION_CONTEXT(2) 
PARAMETRIC_REPRESENTATION_CONTEXT() REPRESENTATION_CONTEXT('2D SPACE',''
  ) );
#715 = ORIENTED_EDGE('',*,*,#199,.T.);
#716 = ORIENTED_EDGE('',*,*,#229,.T.);
#717 = ORIENTED_EDGE('',*,*,#718,.F.);
#718 = EDGE_CURVE('',#688,#230,#719,.T.);
#719 = SURFACE_CURVE('',#720,(#725,#732),.PCURVE_S1.);
#720 = CIRCLE('',#721,70.);
#721 = AXIS2_PLACEMENT_3D('',#722,#723,#724);
#722 = CARTESIAN_POINT('',(50.5,1.3396431606E-14,80.));
#723 = DIRECTION('',(0.,1.,2.22044604925E-16));
#724 = DIRECTION('',(1.,5.259072701473E-32,-2.368475785867E-16));
#725 = PCURVE('',#214,#726);
#726 = DEFINITIONAL_REPRESENTATION('',(#727),#731);
#727 = LINE('',#728,#729);
#728 = CARTESIAN_POINT('',(-0.,4.712388980385));
#729 = VECTOR('',#730,1.);
#730 = DIRECTION('',(-1.,0.));
#731 = ( GEOMETRIC_REPRESENTATION_CONTEXT(2) 
PARAMETRIC_REPRESENTATION_CONTEXT() REPRESENTATION_CONTEXT('2D SPACE',''
  ) );
#732 = PCURVE('',#269,#733);
#733 = DEFINITIONAL_REPRESENTATION('',(#734),#738);
#734 = CIRCLE('',#735,70.);
#735 = AXIS2_PLACEMENT_2D('',#736,#737);
#736 = CARTESIAN_POINT('',(-60.34029715781,-78.93490530618));
#737 = DIRECTION('',(-2.368475785867E-16,1.));
#738 = ( GEOMETRIC_REPRESENTATION_CONTEXT(2) 
PARAMETRIC_REPRESENTATION_CONTEXT() REPRESENTATION_CONTEXT('2D SPACE',''
  ) );
#739 = ADVANCED_FACE('',(#740),#159,.T.);
#740 = FACE_BOUND('',#741,.T.);
#741 = EDGE_LOOP('',(#742,#771,#772,#773));
#742 = ORIENTED_EDGE('',*,*,#743,.F.);
#743 = EDGE_CURVE('',#143,#744,#746,.T.);
#744 = VERTEX_POINT('',#745);
#745 = CARTESIAN_POINT('',(120.5,-70.,80.));
#746 = SURFACE_CURVE('',#747,(#752,#759),.PCURVE_S1.);
#747 = CIRCLE('',#748,10.);
#748 = AXIS2_PLACEMENT_3D('',#749,#750,#751);
#749 = CARTESIAN_POINT('',(120.5,-60.,80.));
#750 = DIRECTION('',(-0.,-2.22044604925E-16,1.));
#751 = DIRECTION('',(-1.,0.,-0.));
#752 = PCURVE('',#159,#753);
#753 = DEFINITIONAL_REPRESENTATION('',(#754),#758);
#754 = LINE('',#755,#756);
#755 = CARTESIAN_POINT('',(0.,3.14159265359));
#756 = VECTOR('',#757,1.);
#757 = DIRECTION('',(0.,1.));
#758 = ( GEOMETRIC_REPRESENTATION_CONTEXT(2) 
PARAMETRIC_REPRESENTATION_CONTEXT() REPRESENTATION_CONTEXT('2D SPACE',''
  ) );
#759 = PCURVE('',#760,#765);
#760 = CYLINDRICAL_SURFACE('',#761,10.);
#761 = AXIS2_PLACEMENT_3D('',#762,#763,#764);
#762 = CARTESIAN_POINT('',(120.5,-60.,336.));
#763 = DIRECTION('',(0.,2.22044604925E-16,-1.));
#764 = DIRECTION('',(-1.,0.,-0.));
#765 = DEFINITIONAL_REPRESENTATION('',(#766),#770);
#766 = LINE('',#767,#768);
#767 = CARTESIAN_POINT('',(-0.,256.));
#768 = VECTOR('',#769,1.);
#769 = DIRECTION('',(-1.,0.));
#770 = ( GEOMETRIC_REPRESENTATION_CONTEXT(2) 
PARAMETRIC_REPRESENTATION_CONTEXT() REPRESENTATION_CONTEXT('2D SPACE',''
  ) );
#771 = ORIENTED_EDGE('',*,*,#142,.T.);
#772 = ORIENTED_EDGE('',*,*,#411,.T.);
#773 = ORIENTED_EDGE('',*,*,#774,.F.);
#774 = EDGE_CURVE('',#744,#412,#775,.T.);
#775 = SURFACE_CURVE('',#776,(#781,#788),.PCURVE_S1.);
#776 = CIRCLE('',#777,70.);
#777 = AXIS2_PLACEMENT_3D('',#778,#779,#780);
#778 = CARTESIAN_POINT('',(50.5,-70.,80.));
#779 = DIRECTION('',(0.,1.,2.22044604925E-16));
#780 = DIRECTION('',(1.,-5.259072701473E-32,2.368475785867E-16));
#781 = PCURVE('',#159,#782);
#782 = DEFINITIONAL_REPRESENTATION('',(#783),#787);
#783 = LINE('',#784,#785);
#784 = CARTESIAN_POINT('',(0.,4.712388980385));
#785 = VECTOR('',#786,1.);
#786 = DIRECTION('',(1.,0.));
#787 = ( GEOMETRIC_REPRESENTATION_CONTEXT(2) 
PARAMETRIC_REPRESENTATION_CONTEXT() REPRESENTATION_CONTEXT('2D SPACE',''
  ) );
#788 = PCURVE('',#451,#789);
#789 = DEFINITIONAL_REPRESENTATION('',(#790),#794);
#790 = CIRCLE('',#791,70.);
#791 = AXIS2_PLACEMENT_2D('',#792,#793);
#792 = CARTESIAN_POINT('',(-60.34029715781,-78.93490530618));
#793 = DIRECTION('',(2.368475785867E-16,1.));
#794 = ( GEOMETRIC_REPRESENTATION_CONTEXT(2) 
PARAMETRIC_REPRESENTATION_CONTEXT() REPRESENTATION_CONTEXT('2D SPACE',''
  ) );
#795 = ADVANCED_FACE('',(#796),#187,.F.);
#796 = FACE_BOUND('',#797,.F.);
#797 = EDGE_LOOP('',(#798,#828,#849,#850));
#798 = ORIENTED_EDGE('',*,*,#799,.T.);
#799 = EDGE_CURVE('',#800,#802,#804,.T.);
#800 = VERTEX_POINT('',#801);
#801 = CARTESIAN_POINT('',(110.5,-10.,336.));
#802 = VERTEX_POINT('',#803);
#803 = CARTESIAN_POINT('',(110.5,-60.,336.));
#804 = SURFACE_CURVE('',#805,(#809,#816),.PCURVE_S1.);
#805 = LINE('',#806,#807);
#806 = CARTESIAN_POINT('',(110.5,7.460301274519E-14,336.));
#807 = VECTOR('',#808,1.);
#808 = DIRECTION('',(0.,-1.,2.17955395075E-16));
#809 = PCURVE('',#187,#810);
#810 = DEFINITIONAL_REPRESENTATION('',(#811),#815);
#811 = LINE('',#812,#813);
#812 = CARTESIAN_POINT('',(0.,0.));
#813 = VECTOR('',#814,1.);
#814 = DIRECTION('',(0.,-1.));
#815 = ( GEOMETRIC_REPRESENTATION_CONTEXT(2) 
PARAMETRIC_REPRESENTATION_CONTEXT() REPRESENTATION_CONTEXT('2D SPACE',''
  ) );
#816 = PCURVE('',#817,#822);
#817 = PLANE('',#818);
#818 = AXIS2_PLACEMENT_3D('',#819,#820,#821);
#819 = CARTESIAN_POINT('',(193.,7.460301274519E-14,336.));
#820 = DIRECTION('',(0.,-2.17955395075E-16,-1.));
#821 = DIRECTION('',(-1.,0.,0.));
#822 = DEFINITIONAL_REPRESENTATION('',(#823),#827);
#823 = LINE('',#824,#825);
#824 = CARTESIAN_POINT('',(82.5,0.));
#825 = VECTOR('',#826,1.);
#826 = DIRECTION('',(0.,-1.));
#827 = ( GEOMETRIC_REPRESENTATION_CONTEXT(2) 
PARAMETRIC_REPRESENTATION_CONTEXT() REPRESENTATION_CONTEXT('2D SPACE',''
  ) );
#828 = ORIENTED_EDGE('',*,*,#829,.T.);
#829 = EDGE_CURVE('',#802,#143,#830,.T.);
#830 = SURFACE_CURVE('',#831,(#835,#842),.PCURVE_S1.);
#831 = LINE('',#832,#833);
#832 = CARTESIAN_POINT('',(110.5,-60.,336.));
#833 = VECTOR('',#834,1.);
#834 = DIRECTION('',(0.,2.22044604925E-16,-1.));
#835 = PCURVE('',#187,#836);
#836 = DEFINITIONAL_REPRESENTATION('',(#837),#841);
#837 = LINE('',#838,#839);
#838 = CARTESIAN_POINT('',(-4.376609515631E-14,-60.));
#839 = VECTOR('',#840,1.);
#840 = DIRECTION('',(1.,4.4E-16));
#841 = ( GEOMETRIC_REPRESENTATION_CONTEXT(2) 
PARAMETRIC_REPRESENTATION_CONTEXT() REPRESENTATION_CONTEXT('2D SPACE',''
  ) );
#842 = PCURVE('',#760,#843);
#843 = DEFINITIONAL_REPRESENTATION('',(#844),#848);
#844 = LINE('',#845,#846);
#845 = CARTESIAN_POINT('',(-0.,0.));
#846 = VECTOR('',#847,1.);
#847 = DIRECTION('',(-0.,1.));
#848 = ( GEOMETRIC_REPRESENTATION_CONTEXT(2) 
PARAMETRIC_REPRESENTATION_CONTEXT() REPRESENTATION_CONTEXT('2D SPACE',''
  ) );
#849 = ORIENTED_EDGE('',*,*,#171,.F.);
#850 = ORIENTED_EDGE('',*,*,#851,.F.);
#851 = EDGE_CURVE('',#800,#172,#852,.T.);
#852 = SURFACE_CURVE('',#853,(#857,#864),.PCURVE_S1.);
#853 = LINE('',#854,#855);
#854 = CARTESIAN_POINT('',(110.5,-10.,336.));
#855 = VECTOR('',#856,1.);
#856 = DIRECTION('',(0.,2.22044604925E-16,-1.));
#857 = PCURVE('',#187,#858);
#858 = DEFINITIONAL_REPRESENTATION('',(#859),#863);
#859 = LINE('',#860,#861);
#860 = CARTESIAN_POINT('',(2.17955395075E-15,-10.));
#861 = VECTOR('',#862,1.);
#862 = DIRECTION('',(1.,4.4E-16));
#863 = ( GEOMETRIC_REPRESENTATION_CONTEXT(2) 
PARAMETRIC_REPRESENTATION_CONTEXT() REPRESENTATION_CONTEXT('2D SPACE',''
  ) );
#864 = PCURVE('',#704,#865);
#865 = DEFINITIONAL_REPRESENTATION('',(#866),#870);
#866 = LINE('',#867,#868);
#867 = CARTESIAN_POINT('',(0.,0.));
#868 = VECTOR('',#869,1.);
#869 = DIRECTION('',(0.,1.));
#870 = ( GEOMETRIC_REPRESENTATION_CONTEXT(2) 
PARAMETRIC_REPRESENTATION_CONTEXT() REPRESENTATION_CONTEXT('2D SPACE',''
  ) );
#871 = ADVANCED_FACE('',(#872),#269,.T.);
#872 = FACE_BOUND('',#873,.T.);
#873 = EDGE_LOOP('',(#874,#899,#927,#960,#986,#987,#988));
#874 = ORIENTED_EDGE('',*,*,#875,.F.);
#875 = EDGE_CURVE('',#876,#878,#880,.T.);
#876 = VERTEX_POINT('',#877);
#877 = CARTESIAN_POINT('',(183.,-4.085620730621E-14,336.));
#878 = VERTEX_POINT('',#879);
#879 = CARTESIAN_POINT('',(120.5,-4.085620730621E-14,336.));
#880 = SURFACE_CURVE('',#881,(#885,#892),.PCURVE_S1.);
#881 = LINE('',#882,#883);
#882 = CARTESIAN_POINT('',(193.,-7.460698725481E-14,336.));
#883 = VECTOR('',#884,1.);
#884 = DIRECTION('',(-1.,0.,0.));
#885 = PCURVE('',#269,#886);
#886 = DEFINITIONAL_REPRESENTATION('',(#887),#891);
#887 = LINE('',#888,#889);
#888 = CARTESIAN_POINT('',(195.65970284218,63.565094693813));
#889 = VECTOR('',#890,1.);
#890 = DIRECTION('',(-0.,-1.));
#891 = ( GEOMETRIC_REPRESENTATION_CONTEXT(2) 
PARAMETRIC_REPRESENTATION_CONTEXT() REPRESENTATION_CONTEXT('2D SPACE',''
  ) );
#892 = PCURVE('',#817,#893);
#893 = DEFINITIONAL_REPRESENTATION('',(#894),#898);
#894 = LINE('',#895,#896);
#895 = CARTESIAN_POINT('',(0.,-1.4921E-13));
#896 = VECTOR('',#897,1.);
#897 = DIRECTION('',(1.,0.));
#898 = ( GEOMETRIC_REPRESENTATION_CONTEXT(2) 
PARAMETRIC_REPRESENTATION_CONTEXT() REPRESENTATION_CONTEXT('2D SPACE',''
  ) );
#899 = ORIENTED_EDGE('',*,*,#900,.F.);
#900 = EDGE_CURVE('',#901,#876,#903,.T.);
#901 = VERTEX_POINT('',#902);
#902 = CARTESIAN_POINT('',(183.,2.642330798608E-14,25.));
#903 = SURFACE_CURVE('',#904,(#908,#915),.PCURVE_S1.);
#904 = LINE('',#905,#906);
#905 = CARTESIAN_POINT('',(183.,2.819966482548E-14,25.));
#906 = VECTOR('',#907,1.);
#907 = DIRECTION('',(0.,-2.22044604925E-16,1.));
#908 = PCURVE('',#269,#909);
#909 = DEFINITIONAL_REPRESENTATION('',(#910),#914);
#910 = LINE('',#911,#912);
#911 = CARTESIAN_POINT('',(-115.3402971578,53.565094693813));
#912 = VECTOR('',#913,1.);
#913 = DIRECTION('',(1.,0.));
#914 = ( GEOMETRIC_REPRESENTATION_CONTEXT(2) 
PARAMETRIC_REPRESENTATION_CONTEXT() REPRESENTATION_CONTEXT('2D SPACE',''
  ) );
#915 = PCURVE('',#916,#921);
#916 = CYLINDRICAL_SURFACE('',#917,10.);
#917 = AXIS2_PLACEMENT_3D('',#918,#919,#920);
#918 = CARTESIAN_POINT('',(183.,-10.,25.));
#919 = DIRECTION('',(0.,-2.22044604925E-16,1.));
#920 = DIRECTION('',(1.,0.,0.));
#921 = DEFINITIONAL_REPRESENTATION('',(#922),#926);
#922 = LINE('',#923,#924);
#923 = CARTESIAN_POINT('',(1.570796326795,0.));
#924 = VECTOR('',#925,1.);
#925 = DIRECTION('',(0.,1.));
#926 = ( GEOMETRIC_REPRESENTATION_CONTEXT(2) 
PARAMETRIC_REPRESENTATION_CONTEXT() REPRESENTATION_CONTEXT('2D SPACE',''
  ) );
#927 = ORIENTED_EDGE('',*,*,#928,.F.);
#928 = EDGE_CURVE('',#929,#901,#931,.T.);
#929 = VERTEX_POINT('',#930);
#930 = CARTESIAN_POINT('',(168.,2.975397705995E-14,10.));
#931 = SURFACE_CURVE('',#932,(#937,#948),.PCURVE_S1.);
#932 = CIRCLE('',#933,15.);
#933 = AXIS2_PLACEMENT_3D('',#934,#935,#936);
#934 = CARTESIAN_POINT('',(168.,2.560888487687E-14,25.));
#935 = DIRECTION('',(0.,-1.,-2.22044604925E-16));
#936 = DIRECTION('',(0.,2.22044604925E-16,-1.));
#937 = PCURVE('',#269,#938);
#938 = DEFINITIONAL_REPRESENTATION('',(#939),#947);
#939 = ( BOUNDED_CURVE() B_SPLINE_CURVE(2,(#940,#941,#942,#943,#944,#945
,#946),.UNSPECIFIED.,.T.,.F.) B_SPLINE_CURVE_WITH_KNOTS((1,2,2,2,2,1),(
    -2.094395102393,0.,2.094395102393,4.188790204786,6.28318530718,
8.377580409573),.UNSPECIFIED.) CURVE() GEOMETRIC_REPRESENTATION_ITEM() 
RATIONAL_B_SPLINE_CURVE((1.,0.5,1.,0.5,1.,0.5,1.)) REPRESENTATION_ITEM(
  '') );
#940 = CARTESIAN_POINT('',(-130.3402971578,38.565094693813));
#941 = CARTESIAN_POINT('',(-130.3402971578,64.545856807346));
#942 = CARTESIAN_POINT('',(-107.8402971578,51.55547575058));
#943 = CARTESIAN_POINT('',(-85.34029715781,38.565094693813));
#944 = CARTESIAN_POINT('',(-107.8402971578,25.574713637047));
#945 = CARTESIAN_POINT('',(-130.3402971578,12.58433258028));
#946 = CARTESIAN_POINT('',(-130.3402971578,38.565094693813));
#947 = ( GEOMETRIC_REPRESENTATION_CONTEXT(2) 
PARAMETRIC_REPRESENTATION_CONTEXT() REPRESENTATION_CONTEXT('2D SPACE',''
  ) );
#948 = PCURVE('',#949,#954);
#949 = TOROIDAL_SURFACE('',#950,15.,10.);
#950 = AXIS2_PLACEMENT_3D('',#951,#952,#953);
#951 = CARTESIAN_POINT('',(168.,-10.,25.));
#952 = DIRECTION('',(0.,1.,2.22044604925E-16));
#953 = DIRECTION('',(0.,2.22044604925E-16,-1.));
#954 = DEFINITIONAL_REPRESENTATION('',(#955),#959);
#955 = LINE('',#956,#957);
#956 = CARTESIAN_POINT('',(-0.,1.570796326795));
#957 = VECTOR('',#958,1.);
#958 = DIRECTION('',(-1.,0.));
#959 = ( GEOMETRIC_REPRESENTATION_CONTEXT(2) 
PARAMETRIC_REPRESENTATION_CONTEXT() REPRESENTATION_CONTEXT('2D SPACE',''
  ) );
#960 = ORIENTED_EDGE('',*,*,#961,.F.);
#961 = EDGE_CURVE('',#254,#929,#962,.T.);
#962 = SURFACE_CURVE('',#963,(#967,#974),.PCURVE_S1.);
#963 = LINE('',#964,#965);
#964 = CARTESIAN_POINT('',(3.535533905933,2.975397705995E-14,10.));
#965 = VECTOR('',#966,1.);
#966 = DIRECTION('',(1.,0.,0.));
#967 = PCURVE('',#269,#968);
#968 = DEFINITIONAL_REPRESENTATION('',(#969),#973);
#969 = LINE('',#970,#971);
#970 = CARTESIAN_POINT('',(-130.3402971578,-125.8993714002));
#971 = VECTOR('',#972,1.);
#972 = DIRECTION('',(0.,1.));
#973 = ( GEOMETRIC_REPRESENTATION_CONTEXT(2) 
PARAMETRIC_REPRESENTATION_CONTEXT() REPRESENTATION_CONTEXT('2D SPACE',''
  ) );
#974 = PCURVE('',#975,#980);
#975 = CYLINDRICAL_SURFACE('',#976,10.);
#976 = AXIS2_PLACEMENT_3D('',#977,#978,#979);
#977 = CARTESIAN_POINT('',(3.535533905933,-10.,10.));
#978 = DIRECTION('',(1.,0.,0.));
#979 = DIRECTION('',(0.,-2.17955395075E-16,-1.));
#980 = DEFINITIONAL_REPRESENTATION('',(#981),#985);
#981 = LINE('',#982,#983);
#982 = CARTESIAN_POINT('',(1.570796326795,0.));
#983 = VECTOR('',#984,1.);
#984 = DIRECTION('',(0.,1.));
#985 = ( GEOMETRIC_REPRESENTATION_CONTEXT(2) 
PARAMETRIC_REPRESENTATION_CONTEXT() REPRESENTATION_CONTEXT('2D SPACE',''
  ) );
#986 = ORIENTED_EDGE('',*,*,#253,.F.);
#987 = ORIENTED_EDGE('',*,*,#718,.F.);
#988 = ORIENTED_EDGE('',*,*,#989,.F.);
#989 = EDGE_CURVE('',#878,#688,#990,.T.);
#990 = SURFACE_CURVE('',#991,(#995,#1002),.PCURVE_S1.);
#991 = LINE('',#992,#993);
#992 = CARTESIAN_POINT('',(120.5,-4.085620730621E-14,336.));
#993 = VECTOR('',#994,1.);
#994 = DIRECTION('',(0.,2.22044604925E-16,-1.));
#995 = PCURVE('',#269,#996);
#996 = DEFINITIONAL_REPRESENTATION('',(#997),#1001);
#997 = LINE('',#998,#999);
#998 = CARTESIAN_POINT('',(195.65970284218,-8.934905306187));
#999 = VECTOR('',#1000,1.);
#1000 = DIRECTION('',(-1.,0.));
#1001 = ( GEOMETRIC_REPRESENTATION_CONTEXT(2) 
PARAMETRIC_REPRESENTATION_CONTEXT() REPRESENTATION_CONTEXT('2D SPACE',''
  ) );
#1002 = PCURVE('',#704,#1003);
#1003 = DEFINITIONAL_REPRESENTATION('',(#1004),#1008);
#1004 = LINE('',#1005,#1006);
#1005 = CARTESIAN_POINT('',(1.570796326795,0.));
#1006 = VECTOR('',#1007,1.);
#1007 = DIRECTION('',(0.,1.));
#1008 = ( GEOMETRIC_REPRESENTATION_CONTEXT(2) 
PARAMETRIC_REPRESENTATION_CONTEXT() REPRESENTATION_CONTEXT('2D SPACE',''
  ) );
#1009 = ADVANCED_FACE('',(#1010),#304,.F.);
#1010 = FACE_BOUND('',#1011,.F.);
#1011 = EDGE_LOOP('',(#1012,#1013,#1014));
#1012 = ORIENTED_EDGE('',*,*,#281,.F.);
#1013 = ORIENTED_EDGE('',*,*,#654,.T.);
#1014 = ORIENTED_EDGE('',*,*,#1015,.T.);
#1015 = EDGE_CURVE('',#627,#254,#1016,.T.);
#1016 = SURFACE_CURVE('',#1017,(#1028,#1035),.PCURVE_S1.);
#1017 = B_SPLINE_CURVE_WITH_KNOTS('',9,(#1018,#1019,#1020,#1021,#1022,
    #1023,#1024,#1025,#1026,#1027),.UNSPECIFIED.,.F.,.F.,(10,10),(0.,1.)
  ,.PIECEWISE_BEZIER_KNOTS.);
#1018 = CARTESIAN_POINT('',(-1.148525718975E-11,-10.,15.000000000015));
#1019 = CARTESIAN_POINT('',(-1.351015963719E-11,-8.254670748006,
    14.444444444456));
#1020 = CARTESIAN_POINT('',(0.342694569541,-6.509341471001,
    13.888888888899));
#1021 = CARTESIAN_POINT('',(1.028083948408,-4.840912868391,
    13.33333333334));
#1022 = CARTESIAN_POINT('',(2.036034605881,-3.32628455119,
    12.777777777785));
#1023 = CARTESIAN_POINT('',(3.326284551178,-2.036034605894,
    12.222222222225));
#1024 = CARTESIAN_POINT('',(4.840912868382,-1.028083948422,
    11.666666666671));
#1025 = CARTESIAN_POINT('',(6.509341470992,-0.342694569555,
    11.111111111113));
#1026 = CARTESIAN_POINT('',(8.254670747999,-1.56697846938E-15,
    10.555555555557));
#1027 = CARTESIAN_POINT('',(9.999999999994,3.064215547965E-14,10.));
#1028 = PCURVE('',#304,#1029);
#1029 = DEFINITIONAL_REPRESENTATION('',(#1030),#1034);
#1030 = LINE('',#1031,#1032);
#1031 = CARTESIAN_POINT('',(1.,0.));
#1032 = VECTOR('',#1033,1.);
#1033 = DIRECTION('',(0.,1.));
#1034 = ( GEOMETRIC_REPRESENTATION_CONTEXT(2) 
PARAMETRIC_REPRESENTATION_CONTEXT() REPRESENTATION_CONTEXT('2D SPACE',''
  ) );
#1035 = PCURVE('',#1036,#1041);
#1036 = CYLINDRICAL_SURFACE('',#1037,10.);
#1037 = AXIS2_PLACEMENT_3D('',#1038,#1039,#1040);
#1038 = CARTESIAN_POINT('',(9.999999999989,-10.,15.000000000025));
#1039 = DIRECTION('',(1.00183E-12,2.22044604925E-16,-1.));
#1040 = DIRECTION('',(-1.,2.22450946552E-28,-1.00183E-12));
#1041 = DEFINITIONAL_REPRESENTATION('',(#1042),#1045);
#1042 = B_SPLINE_CURVE_WITH_KNOTS('',1,(#1043,#1044),.UNSPECIFIED.,.F.,
  .F.,(2,2),(0.,1.),.PIECEWISE_BEZIER_KNOTS.);
#1043 = CARTESIAN_POINT('',(0.,-1.7763568394E-15));
#1044 = CARTESIAN_POINT('',(1.570796326795,5.000000000025));
#1045 = ( GEOMETRIC_REPRESENTATION_CONTEXT(2) 
PARAMETRIC_REPRESENTATION_CONTEXT() REPRESENTATION_CONTEXT('2D SPACE',''
  ) );
#1046 = ADVANCED_FACE('',(#1047),#451,.F.);
#1047 = FACE_BOUND('',#1048,.F.);
#1048 = EDGE_LOOP('',(#1049,#1074,#1102,#1135,#1161,#1162,#1163));
#1049 = ORIENTED_EDGE('',*,*,#1050,.F.);
#1050 = EDGE_CURVE('',#1051,#1053,#1055,.T.);
#1051 = VERTEX_POINT('',#1052);
#1052 = CARTESIAN_POINT('',(183.,-70.,336.));
#1053 = VERTEX_POINT('',#1054);
#1054 = CARTESIAN_POINT('',(120.5,-70.,336.));
#1055 = SURFACE_CURVE('',#1056,(#1060,#1067),.PCURVE_S1.);
#1056 = LINE('',#1057,#1058);
#1057 = CARTESIAN_POINT('',(193.,-70.,336.));
#1058 = VECTOR('',#1059,1.);
#1059 = DIRECTION('',(-1.,0.,0.));
#1060 = PCURVE('',#451,#1061);
#1061 = DEFINITIONAL_REPRESENTATION('',(#1062),#1066);
#1062 = LINE('',#1063,#1064);
#1063 = CARTESIAN_POINT('',(195.65970284218,63.565094693813));
#1064 = VECTOR('',#1065,1.);
#1065 = DIRECTION('',(-0.,-1.));
#1066 = ( GEOMETRIC_REPRESENTATION_CONTEXT(2) 
PARAMETRIC_REPRESENTATION_CONTEXT() REPRESENTATION_CONTEXT('2D SPACE',''
  ) );
#1067 = PCURVE('',#817,#1068);
#1068 = DEFINITIONAL_REPRESENTATION('',(#1069),#1073);
#1069 = LINE('',#1070,#1071);
#1070 = CARTESIAN_POINT('',(0.,-70.));
#1071 = VECTOR('',#1072,1.);
#1072 = DIRECTION('',(1.,0.));
#1073 = ( GEOMETRIC_REPRESENTATION_CONTEXT(2) 
PARAMETRIC_REPRESENTATION_CONTEXT() REPRESENTATION_CONTEXT('2D SPACE',''
  ) );
#1074 = ORIENTED_EDGE('',*,*,#1075,.F.);
#1075 = EDGE_CURVE('',#1076,#1051,#1078,.T.);
#1076 = VERTEX_POINT('',#1077);
#1077 = CARTESIAN_POINT('',(183.,-70.,25.));
#1078 = SURFACE_CURVE('',#1079,(#1083,#1090),.PCURVE_S1.);
#1079 = LINE('',#1080,#1081);
#1080 = CARTESIAN_POINT('',(183.,-70.,25.));
#1081 = VECTOR('',#1082,1.);
#1082 = DIRECTION('',(0.,-2.22044604925E-16,1.));
#1083 = PCURVE('',#451,#1084);
#1084 = DEFINITIONAL_REPRESENTATION('',(#1085),#1089);
#1085 = LINE('',#1086,#1087);
#1086 = CARTESIAN_POINT('',(-115.3402971578,53.565094693813));
#1087 = VECTOR('',#1088,1.);
#1088 = DIRECTION('',(1.,0.));
#1089 = ( GEOMETRIC_REPRESENTATION_CONTEXT(2) 
PARAMETRIC_REPRESENTATION_CONTEXT() REPRESENTATION_CONTEXT('2D SPACE',''
  ) );
#1090 = PCURVE('',#1091,#1096);
#1091 = CYLINDRICAL_SURFACE('',#1092,10.);
#1092 = AXIS2_PLACEMENT_3D('',#1093,#1094,#1095);
#1093 = CARTESIAN_POINT('',(183.,-60.,25.));
#1094 = DIRECTION('',(0.,-2.22044604925E-16,1.));
#1095 = DIRECTION('',(1.,0.,0.));
#1096 = DEFINITIONAL_REPRESENTATION('',(#1097),#1101);
#1097 = LINE('',#1098,#1099);
#1098 = CARTESIAN_POINT('',(-1.570796326795,0.));
#1099 = VECTOR('',#1100,1.);
#1100 = DIRECTION('',(-0.,1.));
#1101 = ( GEOMETRIC_REPRESENTATION_CONTEXT(2) 
PARAMETRIC_REPRESENTATION_CONTEXT() REPRESENTATION_CONTEXT('2D SPACE',''
  ) );
#1102 = ORIENTED_EDGE('',*,*,#1103,.F.);
#1103 = EDGE_CURVE('',#1104,#1076,#1106,.T.);
#1104 = VERTEX_POINT('',#1105);
#1105 = CARTESIAN_POINT('',(168.,-70.,10.));
#1106 = SURFACE_CURVE('',#1107,(#1112,#1123),.PCURVE_S1.);
#1107 = CIRCLE('',#1108,15.);
#1108 = AXIS2_PLACEMENT_3D('',#1109,#1110,#1111);
#1109 = CARTESIAN_POINT('',(168.,-70.,25.));
#1110 = DIRECTION('',(0.,-1.,-2.22044604925E-16));
#1111 = DIRECTION('',(0.,2.22044604925E-16,-1.));
#1112 = PCURVE('',#451,#1113);
#1113 = DEFINITIONAL_REPRESENTATION('',(#1114),#1122);
#1114 = ( BOUNDED_CURVE() B_SPLINE_CURVE(2,(#1115,#1116,#1117,#1118,
#1119,#1120,#1121),.UNSPECIFIED.,.T.,.F.) B_SPLINE_CURVE_WITH_KNOTS((1,2
    ,2,2,2,1),(-2.094395102393,0.,2.094395102393,4.188790204786,
6.28318530718,8.377580409573),.UNSPECIFIED.) CURVE() 
GEOMETRIC_REPRESENTATION_ITEM() RATIONAL_B_SPLINE_CURVE((1.,0.5,1.,0.5,
1.,0.5,1.)) REPRESENTATION_ITEM('') );
#1115 = CARTESIAN_POINT('',(-130.3402971578,38.565094693813));
#1116 = CARTESIAN_POINT('',(-130.3402971578,64.545856807346));
#1117 = CARTESIAN_POINT('',(-107.8402971578,51.55547575058));
#1118 = CARTESIAN_POINT('',(-85.34029715781,38.565094693813));
#1119 = CARTESIAN_POINT('',(-107.8402971578,25.574713637047));
#1120 = CARTESIAN_POINT('',(-130.3402971578,12.58433258028));
#1121 = CARTESIAN_POINT('',(-130.3402971578,38.565094693813));
#1122 = ( GEOMETRIC_REPRESENTATION_CONTEXT(2) 
PARAMETRIC_REPRESENTATION_CONTEXT() REPRESENTATION_CONTEXT('2D SPACE',''
  ) );
#1123 = PCURVE('',#1124,#1129);
#1124 = TOROIDAL_SURFACE('',#1125,15.,10.);
#1125 = AXIS2_PLACEMENT_3D('',#1126,#1127,#1128);
#1126 = CARTESIAN_POINT('',(168.,-60.,25.));
#1127 = DIRECTION('',(0.,-1.,-2.22044604925E-16));
#1128 = DIRECTION('',(0.,2.22044604925E-16,-1.));
#1129 = DEFINITIONAL_REPRESENTATION('',(#1130),#1134);
#1130 = LINE('',#1131,#1132);
#1131 = CARTESIAN_POINT('',(0.,1.570796326795));
#1132 = VECTOR('',#1133,1.);
#1133 = DIRECTION('',(1.,0.));
#1134 = ( GEOMETRIC_REPRESENTATION_CONTEXT(2) 
PARAMETRIC_REPRESENTATION_CONTEXT() REPRESENTATION_CONTEXT('2D SPACE',''
  ) );
#1135 = ORIENTED_EDGE('',*,*,#1136,.F.);
#1136 = EDGE_CURVE('',#436,#1104,#1137,.T.);
#1137 = SURFACE_CURVE('',#1138,(#1142,#1149),.PCURVE_S1.);
#1138 = LINE('',#1139,#1140);
#1139 = CARTESIAN_POINT('',(3.535533905933,-70.,10.));
#1140 = VECTOR('',#1141,1.);
#1141 = DIRECTION('',(1.,0.,0.));
#1142 = PCURVE('',#451,#1143);
#1143 = DEFINITIONAL_REPRESENTATION('',(#1144),#1148);
#1144 = LINE('',#1145,#1146);
#1145 = CARTESIAN_POINT('',(-130.3402971578,-125.8993714002));
#1146 = VECTOR('',#1147,1.);
#1147 = DIRECTION('',(0.,1.));
#1148 = ( GEOMETRIC_REPRESENTATION_CONTEXT(2) 
PARAMETRIC_REPRESENTATION_CONTEXT() REPRESENTATION_CONTEXT('2D SPACE',''
  ) );
#1149 = PCURVE('',#1150,#1155);
#1150 = CYLINDRICAL_SURFACE('',#1151,10.);
#1151 = AXIS2_PLACEMENT_3D('',#1152,#1153,#1154);
#1152 = CARTESIAN_POINT('',(3.535533905933,-60.,10.));
#1153 = DIRECTION('',(1.,0.,0.));
#1154 = DIRECTION('',(0.,-2.17955395075E-16,-1.));
#1155 = DEFINITIONAL_REPRESENTATION('',(#1156),#1160);
#1156 = LINE('',#1157,#1158);
#1157 = CARTESIAN_POINT('',(-1.570796326795,0.));
#1158 = VECTOR('',#1159,1.);
#1159 = DIRECTION('',(-0.,1.));
#1160 = ( GEOMETRIC_REPRESENTATION_CONTEXT(2) 
PARAMETRIC_REPRESENTATION_CONTEXT() REPRESENTATION_CONTEXT('2D SPACE',''
  ) );
#1161 = ORIENTED_EDGE('',*,*,#435,.F.);
#1162 = ORIENTED_EDGE('',*,*,#774,.F.);
#1163 = ORIENTED_EDGE('',*,*,#1164,.F.);
#1164 = EDGE_CURVE('',#1053,#744,#1165,.T.);
#1165 = SURFACE_CURVE('',#1166,(#1170,#1177),.PCURVE_S1.);
#1166 = LINE('',#1167,#1168);
#1167 = CARTESIAN_POINT('',(120.5,-70.,336.));
#1168 = VECTOR('',#1169,1.);
#1169 = DIRECTION('',(0.,2.22044604925E-16,-1.));
#1170 = PCURVE('',#451,#1171);
#1171 = DEFINITIONAL_REPRESENTATION('',(#1172),#1176);
#1172 = LINE('',#1173,#1174);
#1173 = CARTESIAN_POINT('',(195.65970284218,-8.934905306187));
#1174 = VECTOR('',#1175,1.);
#1175 = DIRECTION('',(-1.,0.));
#1176 = ( GEOMETRIC_REPRESENTATION_CONTEXT(2) 
PARAMETRIC_REPRESENTATION_CONTEXT() REPRESENTATION_CONTEXT('2D SPACE',''
  ) );
#1177 = PCURVE('',#760,#1178);
#1178 = DEFINITIONAL_REPRESENTATION('',(#1179),#1183);
#1179 = LINE('',#1180,#1181);
#1180 = CARTESIAN_POINT('',(-1.570796326795,0.));
#1181 = VECTOR('',#1182,1.);
#1182 = DIRECTION('',(-0.,1.));
#1183 = ( GEOMETRIC_REPRESENTATION_CONTEXT(2) 
PARAMETRIC_REPRESENTATION_CONTEXT() REPRESENTATION_CONTEXT('2D SPACE',''
  ) );
#1184 = ADVANCED_FACE('',(#1185),#486,.T.);
#1185 = FACE_BOUND('',#1186,.T.);
#1186 = EDGE_LOOP('',(#1187,#1188,#1189));
#1187 = ORIENTED_EDGE('',*,*,#463,.F.);
#1188 = ORIENTED_EDGE('',*,*,#594,.T.);
#1189 = ORIENTED_EDGE('',*,*,#1190,.T.);
#1190 = EDGE_CURVE('',#595,#436,#1191,.T.);
#1191 = SURFACE_CURVE('',#1192,(#1203,#1210),.PCURVE_S1.);
#1192 = B_SPLINE_CURVE_WITH_KNOTS('',9,(#1193,#1194,#1195,#1196,#1197,
    #1198,#1199,#1200,#1201,#1202),.UNSPECIFIED.,.F.,.F.,(10,10),(0.,1.)
  ,.PIECEWISE_BEZIER_KNOTS.);
#1193 = CARTESIAN_POINT('',(-1.148503514514E-11,-60.,15.000000000015));
#1194 = CARTESIAN_POINT('',(-1.350849127592E-11,-61.74532925199,
    14.444444444456));
#1195 = CARTESIAN_POINT('',(0.342694569541,-63.490658529,13.8888888889)
  );
#1196 = CARTESIAN_POINT('',(1.028083948407,-65.1590871316,13.33333333334
    ));
#1197 = CARTESIAN_POINT('',(2.036034605882,-66.67371544882,
    12.777777777786));
#1198 = CARTESIAN_POINT('',(3.326284551178,-67.96396539409,
    12.222222222225));
#1199 = CARTESIAN_POINT('',(4.840912868382,-68.97191605158,
    11.666666666671));
#1200 = CARTESIAN_POINT('',(6.509341470992,-69.65730543044,
    11.111111111113));
#1201 = CARTESIAN_POINT('',(8.254670747999,-70.,10.555555555557));
#1202 = CARTESIAN_POINT('',(9.999999999994,-70.,10.));
#1203 = PCURVE('',#486,#1204);
#1204 = DEFINITIONAL_REPRESENTATION('',(#1205),#1209);
#1205 = LINE('',#1206,#1207);
#1206 = CARTESIAN_POINT('',(1.,0.));
#1207 = VECTOR('',#1208,1.);
#1208 = DIRECTION('',(0.,1.));
#1209 = ( GEOMETRIC_REPRESENTATION_CONTEXT(2) 
PARAMETRIC_REPRESENTATION_CONTEXT() REPRESENTATION_CONTEXT('2D SPACE',''
  ) );
#1210 = PCURVE('',#1211,#1216);
#1211 = CYLINDRICAL_SURFACE('',#1212,10.);
#1212 = AXIS2_PLACEMENT_3D('',#1213,#1214,#1215);
#1213 = CARTESIAN_POINT('',(9.999999999989,-60.,15.000000000025));
#1214 = DIRECTION('',(1.00183E-12,2.22044604925E-16,-1.));
#1215 = DIRECTION('',(-1.,2.22450946552E-28,-1.00183E-12));
#1216 = DEFINITIONAL_REPRESENTATION('',(#1217),#1220);
#1217 = B_SPLINE_CURVE_WITH_KNOTS('',1,(#1218,#1219),.UNSPECIFIED.,.F.,
  .F.,(2,2),(0.,1.),.PIECEWISE_BEZIER_KNOTS.);
#1218 = CARTESIAN_POINT('',(0.,3.552713678801E-15));
#1219 = CARTESIAN_POINT('',(-1.570796326795,5.000000000025));
#1220 = ( GEOMETRIC_REPRESENTATION_CONTEXT(2) 
PARAMETRIC_REPRESENTATION_CONTEXT() REPRESENTATION_CONTEXT('2D SPACE',''
  ) );
#1221 = ADVANCED_FACE('',(#1222),#642,.F.);
#1222 = FACE_BOUND('',#1223,.F.);
#1223 = EDGE_LOOP('',(#1224,#1225,#1248,#1276));
#1224 = ORIENTED_EDGE('',*,*,#626,.T.);
#1225 = ORIENTED_EDGE('',*,*,#1226,.T.);
#1226 = EDGE_CURVE('',#595,#1227,#1229,.T.);
#1227 = VERTEX_POINT('',#1228);
#1228 = CARTESIAN_POINT('',(1.7763568394E-15,-60.,3.535533905933));
#1229 = SURFACE_CURVE('',#1230,(#1234,#1241),.PCURVE_S1.);
#1230 = LINE('',#1231,#1232);
#1231 = CARTESIAN_POINT('',(-1.148414696672E-11,-60.,15.000000000015));
#1232 = VECTOR('',#1233,1.);
#1233 = DIRECTION('',(1.00183E-12,2.22044604925E-16,-1.));
#1234 = PCURVE('',#642,#1235);
#1235 = DEFINITIONAL_REPRESENTATION('',(#1236),#1240);
#1236 = LINE('',#1237,#1238);
#1237 = CARTESIAN_POINT('',(-4.686244689504E-15,-60.));
#1238 = VECTOR('',#1239,1.);
#1239 = DIRECTION('',(1.,4.4E-16));
#1240 = ( GEOMETRIC_REPRESENTATION_CONTEXT(2) 
PARAMETRIC_REPRESENTATION_CONTEXT() REPRESENTATION_CONTEXT('2D SPACE',''
  ) );
#1241 = PCURVE('',#1211,#1242);
#1242 = DEFINITIONAL_REPRESENTATION('',(#1243),#1247);
#1243 = LINE('',#1244,#1245);
#1244 = CARTESIAN_POINT('',(-0.,0.));
#1245 = VECTOR('',#1246,1.);
#1246 = DIRECTION('',(-0.,1.));
#1247 = ( GEOMETRIC_REPRESENTATION_CONTEXT(2) 
PARAMETRIC_REPRESENTATION_CONTEXT() REPRESENTATION_CONTEXT('2D SPACE',''
  ) );
#1248 = ORIENTED_EDGE('',*,*,#1249,.F.);
#1249 = EDGE_CURVE('',#1250,#1227,#1252,.T.);
#1250 = VERTEX_POINT('',#1251);
#1251 = CARTESIAN_POINT('',(1.7763568394E-15,-10.,3.535533905933));
#1252 = SURFACE_CURVE('',#1253,(#1257,#1264),.PCURVE_S1.);
#1253 = LINE('',#1254,#1255);
#1254 = CARTESIAN_POINT('',(-4.4E-16,7.849537706581E-16,3.535533905933)
  );
#1255 = VECTOR('',#1256,1.);
#1256 = DIRECTION('',(0.,-1.,2.17955395075E-16));
#1257 = PCURVE('',#642,#1258);
#1258 = DEFINITIONAL_REPRESENTATION('',(#1259),#1263);
#1259 = LINE('',#1260,#1261);
#1260 = CARTESIAN_POINT('',(11.464466094082,-4.563491860389E-17));
#1261 = VECTOR('',#1262,1.);
#1262 = DIRECTION('',(0.,-1.));
#1263 = ( GEOMETRIC_REPRESENTATION_CONTEXT(2) 
PARAMETRIC_REPRESENTATION_CONTEXT() REPRESENTATION_CONTEXT('2D SPACE',''
  ) );
#1264 = PCURVE('',#1265,#1270);
#1265 = CYLINDRICAL_SURFACE('',#1266,3.535533905933);
#1266 = AXIS2_PLACEMENT_3D('',#1267,#1268,#1269);
#1267 = CARTESIAN_POINT('',(3.535533905933,7.849537706581E-16,
    3.535533905933));
#1268 = DIRECTION('',(0.,1.,-2.17955395075E-16));
#1269 = DIRECTION('',(1.,0.,0.));
#1270 = DEFINITIONAL_REPRESENTATION('',(#1271),#1275);
#1271 = LINE('',#1272,#1273);
#1272 = CARTESIAN_POINT('',(-3.14159265359,0.));
#1273 = VECTOR('',#1274,1.);
#1274 = DIRECTION('',(-0.,-1.));
#1275 = ( GEOMETRIC_REPRESENTATION_CONTEXT(2) 
PARAMETRIC_REPRESENTATION_CONTEXT() REPRESENTATION_CONTEXT('2D SPACE',''
  ) );
#1276 = ORIENTED_EDGE('',*,*,#1277,.F.);
#1277 = EDGE_CURVE('',#627,#1250,#1278,.T.);
#1278 = SURFACE_CURVE('',#1279,(#1283,#1290),.PCURVE_S1.);
#1279 = LINE('',#1280,#1281);
#1280 = CARTESIAN_POINT('',(-1.148414696672E-11,-10.,15.000000000015));
#1281 = VECTOR('',#1282,1.);
#1282 = DIRECTION('',(1.00183E-12,2.22044604925E-16,-1.));
#1283 = PCURVE('',#642,#1284);
#1284 = DEFINITIONAL_REPRESENTATION('',(#1285),#1289);
#1285 = LINE('',#1286,#1287);
#1286 = CARTESIAN_POINT('',(2.17955395075E-15,-10.));
#1287 = VECTOR('',#1288,1.);
#1288 = DIRECTION('',(1.,4.4E-16));
#1289 = ( GEOMETRIC_REPRESENTATION_CONTEXT(2) 
PARAMETRIC_REPRESENTATION_CONTEXT() REPRESENTATION_CONTEXT('2D SPACE',''
  ) );
#1290 = PCURVE('',#1036,#1291);
#1291 = DEFINITIONAL_REPRESENTATION('',(#1292),#1296);
#1292 = LINE('',#1293,#1294);
#1293 = CARTESIAN_POINT('',(0.,0.));
#1294 = VECTOR('',#1295,1.);
#1295 = DIRECTION('',(0.,1.));
#1296 = ( GEOMETRIC_REPRESENTATION_CONTEXT(2) 
PARAMETRIC_REPRESENTATION_CONTEXT() REPRESENTATION_CONTEXT('2D SPACE',''
  ) );
#1297 = ADVANCED_FACE('',(#1298),#704,.T.);
#1298 = FACE_BOUND('',#1299,.T.);
#1299 = EDGE_LOOP('',(#1300,#1322,#1323,#1324));
#1300 = ORIENTED_EDGE('',*,*,#1301,.T.);
#1301 = EDGE_CURVE('',#800,#878,#1302,.T.);
#1302 = SURFACE_CURVE('',#1303,(#1308,#1315),.PCURVE_S1.);
#1303 = CIRCLE('',#1304,10.);
#1304 = AXIS2_PLACEMENT_3D('',#1305,#1306,#1307);
#1305 = CARTESIAN_POINT('',(120.5,-10.,336.));
#1306 = DIRECTION('',(0.,2.22044604925E-16,-1.));
#1307 = DIRECTION('',(0.,1.,2.22044604925E-16));
#1308 = PCURVE('',#704,#1309);
#1309 = DEFINITIONAL_REPRESENTATION('',(#1310),#1314);
#1310 = LINE('',#1311,#1312);
#1311 = CARTESIAN_POINT('',(-4.712388980385,0.));
#1312 = VECTOR('',#1313,1.);
#1313 = DIRECTION('',(1.,0.));
#1314 = ( GEOMETRIC_REPRESENTATION_CONTEXT(2) 
PARAMETRIC_REPRESENTATION_CONTEXT() REPRESENTATION_CONTEXT('2D SPACE',''
  ) );
#1315 = PCURVE('',#817,#1316);
#1316 = DEFINITIONAL_REPRESENTATION('',(#1317),#1321);
#1317 = CIRCLE('',#1318,10.);
#1318 = AXIS2_PLACEMENT_2D('',#1319,#1320);
#1319 = CARTESIAN_POINT('',(72.5,-10.));
#1320 = DIRECTION('',(-0.,1.));
#1321 = ( GEOMETRIC_REPRESENTATION_CONTEXT(2) 
PARAMETRIC_REPRESENTATION_CONTEXT() REPRESENTATION_CONTEXT('2D SPACE',''
  ) );
#1322 = ORIENTED_EDGE('',*,*,#989,.T.);
#1323 = ORIENTED_EDGE('',*,*,#687,.F.);
#1324 = ORIENTED_EDGE('',*,*,#851,.F.);
#1325 = ADVANCED_FACE('',(#1326),#760,.T.);
#1326 = FACE_BOUND('',#1327,.F.);
#1327 = EDGE_LOOP('',(#1328,#1354,#1355,#1356));
#1328 = ORIENTED_EDGE('',*,*,#1329,.T.);
#1329 = EDGE_CURVE('',#802,#1053,#1330,.T.);
#1330 = SURFACE_CURVE('',#1331,(#1336,#1343),.PCURVE_S1.);
#1331 = CIRCLE('',#1332,10.);
#1332 = AXIS2_PLACEMENT_3D('',#1333,#1334,#1335);
#1333 = CARTESIAN_POINT('',(120.5,-60.,336.));
#1334 = DIRECTION('',(0.,-2.22044604925E-16,1.));
#1335 = DIRECTION('',(0.,1.,2.22044604925E-16));
#1336 = PCURVE('',#760,#1337);
#1337 = DEFINITIONAL_REPRESENTATION('',(#1338),#1342);
#1338 = LINE('',#1339,#1340);
#1339 = CARTESIAN_POINT('',(1.570796326795,5.684341886081E-14));
#1340 = VECTOR('',#1341,1.);
#1341 = DIRECTION('',(-1.,0.));
#1342 = ( GEOMETRIC_REPRESENTATION_CONTEXT(2) 
PARAMETRIC_REPRESENTATION_CONTEXT() REPRESENTATION_CONTEXT('2D SPACE',''
  ) );
#1343 = PCURVE('',#817,#1344);
#1344 = DEFINITIONAL_REPRESENTATION('',(#1345),#1353);
#1345 = ( BOUNDED_CURVE() B_SPLINE_CURVE(2,(#1346,#1347,#1348,#1349,
#1350,#1351,#1352),.UNSPECIFIED.,.T.,.F.) B_SPLINE_CURVE_WITH_KNOTS((1,2
    ,2,2,2,1),(-2.094395102393,0.,2.094395102393,4.188790204786,
6.28318530718,8.377580409573),.UNSPECIFIED.) CURVE() 
GEOMETRIC_REPRESENTATION_ITEM() RATIONAL_B_SPLINE_CURVE((1.,0.5,1.,0.5,
1.,0.5,1.)) REPRESENTATION_ITEM('') );
#1346 = CARTESIAN_POINT('',(72.5,-50.));
#1347 = CARTESIAN_POINT('',(89.820508075689,-50.));
#1348 = CARTESIAN_POINT('',(81.160254037844,-65.));
#1349 = CARTESIAN_POINT('',(72.5,-80.));
#1350 = CARTESIAN_POINT('',(63.839745962156,-65.));
#1351 = CARTESIAN_POINT('',(55.179491924311,-50.));
#1352 = CARTESIAN_POINT('',(72.5,-50.));
#1353 = ( GEOMETRIC_REPRESENTATION_CONTEXT(2) 
PARAMETRIC_REPRESENTATION_CONTEXT() REPRESENTATION_CONTEXT('2D SPACE',''
  ) );
#1354 = ORIENTED_EDGE('',*,*,#1164,.T.);
#1355 = ORIENTED_EDGE('',*,*,#743,.F.);
#1356 = ORIENTED_EDGE('',*,*,#829,.F.);
#1357 = ADVANCED_FACE('',(#1358),#817,.F.);
#1358 = FACE_BOUND('',#1359,.F.);
#1359 = EDGE_LOOP('',(#1360,#1390,#1412,#1413,#1414,#1415,#1416,#1417));
#1360 = ORIENTED_EDGE('',*,*,#1361,.T.);
#1361 = EDGE_CURVE('',#1362,#1364,#1366,.T.);
#1362 = VERTEX_POINT('',#1363);
#1363 = CARTESIAN_POINT('',(193.,-10.,336.));
#1364 = VERTEX_POINT('',#1365);
#1365 = CARTESIAN_POINT('',(193.,-60.,336.));
#1366 = SURFACE_CURVE('',#1367,(#1371,#1378),.PCURVE_S1.);
#1367 = LINE('',#1368,#1369);
#1368 = CARTESIAN_POINT('',(193.,7.460301274519E-14,336.));
#1369 = VECTOR('',#1370,1.);
#1370 = DIRECTION('',(0.,-1.,2.17955395075E-16));
#1371 = PCURVE('',#817,#1372);
#1372 = DEFINITIONAL_REPRESENTATION('',(#1373),#1377);
#1373 = LINE('',#1374,#1375);
#1374 = CARTESIAN_POINT('',(0.,0.));
#1375 = VECTOR('',#1376,1.);
#1376 = DIRECTION('',(0.,-1.));
#1377 = ( GEOMETRIC_REPRESENTATION_CONTEXT(2) 
PARAMETRIC_REPRESENTATION_CONTEXT() REPRESENTATION_CONTEXT('2D SPACE',''
  ) );
#1378 = PCURVE('',#1379,#1384);
#1379 = PLANE('',#1380);
#1380 = AXIS2_PLACEMENT_3D('',#1381,#1382,#1383);
#1381 = CARTESIAN_POINT('',(193.,5.548884876874E-15,25.));
#1382 = DIRECTION('',(-1.,0.,0.));
#1383 = DIRECTION('',(0.,2.17955395075E-16,1.));
#1384 = DEFINITIONAL_REPRESENTATION('',(#1385),#1389);
#1385 = LINE('',#1386,#1387);
#1386 = CARTESIAN_POINT('',(311.,1.27E-15));
#1387 = VECTOR('',#1388,1.);
#1388 = DIRECTION('',(0.,-1.));
#1389 = ( GEOMETRIC_REPRESENTATION_CONTEXT(2) 
PARAMETRIC_REPRESENTATION_CONTEXT() REPRESENTATION_CONTEXT('2D SPACE',''
  ) );
#1390 = ORIENTED_EDGE('',*,*,#1391,.T.);
#1391 = EDGE_CURVE('',#1364,#1051,#1392,.T.);
#1392 = SURFACE_CURVE('',#1393,(#1398,#1405),.PCURVE_S1.);
#1393 = CIRCLE('',#1394,10.);
#1394 = AXIS2_PLACEMENT_3D('',#1395,#1396,#1397);
#1395 = CARTESIAN_POINT('',(183.,-60.,336.));
#1396 = DIRECTION('',(-0.,2.22044604925E-16,-1.));
#1397 = DIRECTION('',(0.,-1.,-2.22044604925E-16));
#1398 = PCURVE('',#817,#1399);
#1399 = DEFINITIONAL_REPRESENTATION('',(#1400),#1404);
#1400 = CIRCLE('',#1401,10.);
#1401 = AXIS2_PLACEMENT_2D('',#1402,#1403);
#1402 = CARTESIAN_POINT('',(10.,-60.));
#1403 = DIRECTION('',(0.,-1.));
#1404 = ( GEOMETRIC_REPRESENTATION_CONTEXT(2) 
PARAMETRIC_REPRESENTATION_CONTEXT() REPRESENTATION_CONTEXT('2D SPACE',''
  ) );
#1405 = PCURVE('',#1091,#1406);
#1406 = DEFINITIONAL_REPRESENTATION('',(#1407),#1411);
#1407 = LINE('',#1408,#1409);
#1408 = CARTESIAN_POINT('',(4.712388980385,311.));
#1409 = VECTOR('',#1410,1.);
#1410 = DIRECTION('',(-1.,0.));
#1411 = ( GEOMETRIC_REPRESENTATION_CONTEXT(2) 
PARAMETRIC_REPRESENTATION_CONTEXT() REPRESENTATION_CONTEXT('2D SPACE',''
  ) );
#1412 = ORIENTED_EDGE('',*,*,#1050,.T.);
#1413 = ORIENTED_EDGE('',*,*,#1329,.F.);
#1414 = ORIENTED_EDGE('',*,*,#799,.F.);
#1415 = ORIENTED_EDGE('',*,*,#1301,.T.);
#1416 = ORIENTED_EDGE('',*,*,#875,.F.);
#1417 = ORIENTED_EDGE('',*,*,#1418,.F.);
#1418 = EDGE_CURVE('',#1362,#876,#1419,.T.);
#1419 = SURFACE_CURVE('',#1420,(#1425,#1436),.PCURVE_S1.);
#1420 = CIRCLE('',#1421,10.);
#1421 = AXIS2_PLACEMENT_3D('',#1422,#1423,#1424);
#1422 = CARTESIAN_POINT('',(183.,-10.,336.));
#1423 = DIRECTION('',(0.,-2.22044604925E-16,1.));
#1424 = DIRECTION('',(0.,-1.,-2.22044604925E-16));
#1425 = PCURVE('',#817,#1426);
#1426 = DEFINITIONAL_REPRESENTATION('',(#1427),#1435);
#1427 = ( BOUNDED_CURVE() B_SPLINE_CURVE(2,(#1428,#1429,#1430,#1431,
#1432,#1433,#1434),.UNSPECIFIED.,.T.,.F.) B_SPLINE_CURVE_WITH_KNOTS((1,2
    ,2,2,2,1),(-2.094395102393,0.,2.094395102393,4.188790204786,
6.28318530718,8.377580409573),.UNSPECIFIED.) CURVE() 
GEOMETRIC_REPRESENTATION_ITEM() RATIONAL_B_SPLINE_CURVE((1.,0.5,1.,0.5,
1.,0.5,1.)) REPRESENTATION_ITEM('') );
#1428 = CARTESIAN_POINT('',(10.,-20.));
#1429 = CARTESIAN_POINT('',(-7.320508075689,-20.));
#1430 = CARTESIAN_POINT('',(1.339745962156,-5.));
#1431 = CARTESIAN_POINT('',(10.,10.));
#1432 = CARTESIAN_POINT('',(18.660254037844,-5.));
#1433 = CARTESIAN_POINT('',(27.320508075689,-20.));
#1434 = CARTESIAN_POINT('',(10.,-20.));
#1435 = ( GEOMETRIC_REPRESENTATION_CONTEXT(2) 
PARAMETRIC_REPRESENTATION_CONTEXT() REPRESENTATION_CONTEXT('2D SPACE',''
  ) );
#1436 = PCURVE('',#916,#1437);
#1437 = DEFINITIONAL_REPRESENTATION('',(#1438),#1442);
#1438 = LINE('',#1439,#1440);
#1439 = CARTESIAN_POINT('',(-1.570796326795,311.));
#1440 = VECTOR('',#1441,1.);
#1441 = DIRECTION('',(1.,0.));
#1442 = ( GEOMETRIC_REPRESENTATION_CONTEXT(2) 
PARAMETRIC_REPRESENTATION_CONTEXT() REPRESENTATION_CONTEXT('2D SPACE',''
  ) );
#1443 = ADVANCED_FACE('',(#1444),#916,.T.);
#1444 = FACE_BOUND('',#1445,.T.);
#1445 = EDGE_LOOP('',(#1446,#1470,#1471,#1472));
#1446 = ORIENTED_EDGE('',*,*,#1447,.T.);
#1447 = EDGE_CURVE('',#1448,#901,#1450,.T.);
#1448 = VERTEX_POINT('',#1449);
#1449 = CARTESIAN_POINT('',(193.,-10.,25.));
#1450 = SURFACE_CURVE('',#1451,(#1456,#1463),.PCURVE_S1.);
#1451 = CIRCLE('',#1452,10.);
#1452 = AXIS2_PLACEMENT_3D('',#1453,#1454,#1455);
#1453 = CARTESIAN_POINT('',(183.,-10.,25.));
#1454 = DIRECTION('',(6.123233995737E-17,-2.22044604925E-16,1.));
#1455 = DIRECTION('',(1.,1.359631073447E-32,-6.123233995737E-17));
#1456 = PCURVE('',#916,#1457);
#1457 = DEFINITIONAL_REPRESENTATION('',(#1458),#1462);
#1458 = LINE('',#1459,#1460);
#1459 = CARTESIAN_POINT('',(0.,0.));
#1460 = VECTOR('',#1461,1.);
#1461 = DIRECTION('',(1.,0.));
#1462 = ( GEOMETRIC_REPRESENTATION_CONTEXT(2) 
PARAMETRIC_REPRESENTATION_CONTEXT() REPRESENTATION_CONTEXT('2D SPACE',''
  ) );
#1463 = PCURVE('',#949,#1464);
#1464 = DEFINITIONAL_REPRESENTATION('',(#1465),#1469);
#1465 = LINE('',#1466,#1467);
#1466 = CARTESIAN_POINT('',(-1.570796326795,0.));
#1467 = VECTOR('',#1468,1.);
#1468 = DIRECTION('',(-0.,1.));
#1469 = ( GEOMETRIC_REPRESENTATION_CONTEXT(2) 
PARAMETRIC_REPRESENTATION_CONTEXT() REPRESENTATION_CONTEXT('2D SPACE',''
  ) );
#1470 = ORIENTED_EDGE('',*,*,#900,.T.);
#1471 = ORIENTED_EDGE('',*,*,#1418,.F.);
#1472 = ORIENTED_EDGE('',*,*,#1473,.F.);
#1473 = EDGE_CURVE('',#1448,#1362,#1474,.T.);
#1474 = SURFACE_CURVE('',#1475,(#1479,#1486),.PCURVE_S1.);
#1475 = LINE('',#1476,#1477);
#1476 = CARTESIAN_POINT('',(193.,-10.,25.));
#1477 = VECTOR('',#1478,1.);
#1478 = DIRECTION('',(0.,-2.22044604925E-16,1.));
#1479 = PCURVE('',#916,#1480);
#1480 = DEFINITIONAL_REPRESENTATION('',(#1481),#1485);
#1481 = LINE('',#1482,#1483);
#1482 = CARTESIAN_POINT('',(0.,0.));
#1483 = VECTOR('',#1484,1.);
#1484 = DIRECTION('',(0.,1.));
#1485 = ( GEOMETRIC_REPRESENTATION_CONTEXT(2) 
PARAMETRIC_REPRESENTATION_CONTEXT() REPRESENTATION_CONTEXT('2D SPACE',''
  ) );
#1486 = PCURVE('',#1379,#1487);
#1487 = DEFINITIONAL_REPRESENTATION('',(#1488),#1492);
#1488 = LINE('',#1489,#1490);
#1489 = CARTESIAN_POINT('',(-5.73226762955E-15,-10.));
#1490 = VECTOR('',#1491,1.);
#1491 = DIRECTION('',(1.,-4.4E-16));
#1492 = ( GEOMETRIC_REPRESENTATION_CONTEXT(2) 
PARAMETRIC_REPRESENTATION_CONTEXT() REPRESENTATION_CONTEXT('2D SPACE',''
  ) );
#1493 = ADVANCED_FACE('',(#1494),#949,.T.);
#1494 = FACE_BOUND('',#1495,.F.);
#1495 = EDGE_LOOP('',(#1496,#1520,#1547,#1548));
#1496 = ORIENTED_EDGE('',*,*,#1497,.F.);
#1497 = EDGE_CURVE('',#1498,#929,#1500,.T.);
#1498 = VERTEX_POINT('',#1499);
#1499 = CARTESIAN_POINT('',(168.,-10.,3.10862446895E-15));
#1500 = SURFACE_CURVE('',#1501,(#1506,#1513),.PCURVE_S1.);
#1501 = CIRCLE('',#1502,10.);
#1502 = AXIS2_PLACEMENT_3D('',#1503,#1504,#1505);
#1503 = CARTESIAN_POINT('',(168.,-10.,10.));
#1504 = DIRECTION('',(1.,0.,0.));
#1505 = DIRECTION('',(0.,-2.17955395075E-16,-1.));
#1506 = PCURVE('',#949,#1507);
#1507 = DEFINITIONAL_REPRESENTATION('',(#1508),#1512);
#1508 = LINE('',#1509,#1510);
#1509 = CARTESIAN_POINT('',(-0.,0.));
#1510 = VECTOR('',#1511,1.);
#1511 = DIRECTION('',(-0.,1.));
#1512 = ( GEOMETRIC_REPRESENTATION_CONTEXT(2) 
PARAMETRIC_REPRESENTATION_CONTEXT() REPRESENTATION_CONTEXT('2D SPACE',''
  ) );
#1513 = PCURVE('',#975,#1514);
#1514 = DEFINITIONAL_REPRESENTATION('',(#1515),#1519);
#1515 = LINE('',#1516,#1517);
#1516 = CARTESIAN_POINT('',(0.,164.46446609406));
#1517 = VECTOR('',#1518,1.);
#1518 = DIRECTION('',(1.,0.));
#1519 = ( GEOMETRIC_REPRESENTATION_CONTEXT(2) 
PARAMETRIC_REPRESENTATION_CONTEXT() REPRESENTATION_CONTEXT('2D SPACE',''
  ) );
#1520 = ORIENTED_EDGE('',*,*,#1521,.T.);
#1521 = EDGE_CURVE('',#1498,#1448,#1522,.T.);
#1522 = SURFACE_CURVE('',#1523,(#1528,#1535),.PCURVE_S1.);
#1523 = CIRCLE('',#1524,25.);
#1524 = AXIS2_PLACEMENT_3D('',#1525,#1526,#1527);
#1525 = CARTESIAN_POINT('',(168.,-10.,25.));
#1526 = DIRECTION('',(0.,-1.,-2.22044604925E-16));
#1527 = DIRECTION('',(0.,2.22044604925E-16,-1.));
#1528 = PCURVE('',#949,#1529);
#1529 = DEFINITIONAL_REPRESENTATION('',(#1530),#1534);
#1530 = LINE('',#1531,#1532);
#1531 = CARTESIAN_POINT('',(-0.,0.));
#1532 = VECTOR('',#1533,1.);
#1533 = DIRECTION('',(-1.,0.));
#1534 = ( GEOMETRIC_REPRESENTATION_CONTEXT(2) 
PARAMETRIC_REPRESENTATION_CONTEXT() REPRESENTATION_CONTEXT('2D SPACE',''
  ) );
#1535 = PCURVE('',#1536,#1541);
#1536 = CYLINDRICAL_SURFACE('',#1537,25.);
#1537 = AXIS2_PLACEMENT_3D('',#1538,#1539,#1540);
#1538 = CARTESIAN_POINT('',(168.,5.548884876874E-15,25.));
#1539 = DIRECTION('',(0.,1.,-2.17955395075E-16));
#1540 = DIRECTION('',(1.,0.,0.));
#1541 = DEFINITIONAL_REPRESENTATION('',(#1542),#1546);
#1542 = LINE('',#1543,#1544);
#1543 = CARTESIAN_POINT('',(-4.712388980385,-10.));
#1544 = VECTOR('',#1545,1.);
#1545 = DIRECTION('',(-1.,0.));
#1546 = ( GEOMETRIC_REPRESENTATION_CONTEXT(2) 
PARAMETRIC_REPRESENTATION_CONTEXT() REPRESENTATION_CONTEXT('2D SPACE',''
  ) );
#1547 = ORIENTED_EDGE('',*,*,#1447,.T.);
#1548 = ORIENTED_EDGE('',*,*,#928,.F.);
#1549 = ADVANCED_FACE('',(#1550),#975,.T.);
#1550 = FACE_BOUND('',#1551,.T.);
#1551 = EDGE_LOOP('',(#1552,#1672,#1673,#1674));
#1552 = ORIENTED_EDGE('',*,*,#1553,.T.);
#1553 = EDGE_CURVE('',#1554,#254,#1556,.T.);
#1554 = VERTEX_POINT('',#1555);
#1555 = CARTESIAN_POINT('',(3.535533905933,-10.,1.998401444325E-15));
#1556 = SURFACE_CURVE('',#1557,(#1568,#1574),.PCURVE_S1.);
#1557 = B_SPLINE_CURVE_WITH_KNOTS('',9,(#1558,#1559,#1560,#1561,#1562,
    #1563,#1564,#1565,#1566,#1567),.UNSPECIFIED.,.F.,.F.,(10,10),(0.,1.)
  ,.PIECEWISE_BEZIER_KNOTS.);
#1558 = CARTESIAN_POINT('',(3.535533905933,-10.,1.998401444325E-15));
#1559 = CARTESIAN_POINT('',(4.253807916384,-8.254670748006,
    1.441454724351E-15));
#1560 = CARTESIAN_POINT('',(4.972081926836,-6.509341471,0.342694569556)
  );
#1561 = CARTESIAN_POINT('',(5.690355937286,-4.840912868392,
    1.028083948421));
#1562 = CARTESIAN_POINT('',(6.408629947738,-3.326284551189,
    2.036034605895));
#1563 = CARTESIAN_POINT('',(7.126903958188,-2.036034605894,
    3.326284551189));
#1564 = CARTESIAN_POINT('',(7.84517796864,-1.028083948422,4.840912868392
    ));
#1565 = CARTESIAN_POINT('',(8.563451979091,-0.342694569555,6.509341471)
  );
#1566 = CARTESIAN_POINT('',(9.281725989542,2.119151236457E-14,
    8.254670748006));
#1567 = CARTESIAN_POINT('',(9.999999999994,2.975397705995E-14,10.));
#1568 = PCURVE('',#975,#1569);
#1569 = DEFINITIONAL_REPRESENTATION('',(#1570),#1573);
#1570 = B_SPLINE_CURVE_WITH_KNOTS('',1,(#1571,#1572),.UNSPECIFIED.,.F.,
  .F.,(2,2),(0.,1.),.PIECEWISE_BEZIER_KNOTS.);
#1571 = CARTESIAN_POINT('',(0.,-8.881784197001E-16));
#1572 = CARTESIAN_POINT('',(1.570796326795,6.464466094061));
#1573 = ( GEOMETRIC_REPRESENTATION_CONTEXT(2) 
PARAMETRIC_REPRESENTATION_CONTEXT() REPRESENTATION_CONTEXT('2D SPACE',''
  ) );
#1574 = PCURVE('',#1575,#1666);
#1575 = B_SPLINE_SURFACE_WITH_KNOTS('',8,9,(
    (#1576,#1577,#1578,#1579,#1580,#1581,#1582,#1583,#1584,#1585)
    ,(#1586,#1587,#1588,#1589,#1590,#1591,#1592,#1593,#1594,#1595)
    ,(#1596,#1597,#1598,#1599,#1600,#1601,#1602,#1603,#1604,#1605)
    ,(#1606,#1607,#1608,#1609,#1610,#1611,#1612,#1613,#1614,#1615)
    ,(#1616,#1617,#1618,#1619,#1620,#1621,#1622,#1623,#1624,#1625)
    ,(#1626,#1627,#1628,#1629,#1630,#1631,#1632,#1633,#1634,#1635)
    ,(#1636,#1637,#1638,#1639,#1640,#1641,#1642,#1643,#1644,#1645)
    ,(#1646,#1647,#1648,#1649,#1650,#1651,#1652,#1653,#1654,#1655)
    ,(#1656,#1657,#1658,#1659,#1660,#1661,#1662,#1663,#1664,#1665
  )),.UNSPECIFIED.,.F.,.F.,.F.,(9,9),(10,10),(0.,1.),(0.,1.),
  .PIECEWISE_BEZIER_KNOTS.);
#1576 = CARTESIAN_POINT('',(6.661338147751E-16,-10.,3.535533905933));
#1577 = CARTESIAN_POINT('',(6.848784656593E-16,-8.254670748006,
    4.253807916384));
#1578 = CARTESIAN_POINT('',(0.342694569555,-6.509341471001,
    4.972081926835));
#1579 = CARTESIAN_POINT('',(1.02808394842,-4.840912868391,5.690355937286
    ));
#1580 = CARTESIAN_POINT('',(2.036034605893,-3.32628455119,6.408629947739
    ));
#1581 = CARTESIAN_POINT('',(3.326284551187,-2.036034605894,
    7.126903958189));
#1582 = CARTESIAN_POINT('',(4.840912868388,-1.028083948422,
    7.845177968643));
#1583 = CARTESIAN_POINT('',(6.509341470996,-0.342694569555,
    8.563451979095));
#1584 = CARTESIAN_POINT('',(8.254670748,-1.183931255446E-14,
    9.281725989548));
#1585 = CARTESIAN_POINT('',(9.999999999994,3.19744231092E-14,10.));
#1586 = CARTESIAN_POINT('',(6.961375920156E-13,-10.,2.841333525606));
#1587 = CARTESIAN_POINT('',(-7.05163780769E-02,-8.254670748006,
    3.49785202276));
#1588 = CARTESIAN_POINT('',(0.236948712503,-6.454753005995,
    4.197207341109));
#1589 = CARTESIAN_POINT('',(0.951326312563,-4.706394327583,4.93939951062
    ));
#1590 = CARTESIAN_POINT('',(2.052321452221,-3.139192416994,
    5.721911839961));
#1591 = CARTESIAN_POINT('',(3.446309930861,-1.873467581197,
    6.539711580276));
#1592 = CARTESIAN_POINT('',(5.002601569249,-0.934870761198,
    7.385558617083));
#1593 = CARTESIAN_POINT('',(6.650308552786,-0.311527086097,
    8.250630689564));
#1594 = CARTESIAN_POINT('',(8.33394801561,-9.821770076945E-15,
    9.125315346345));
#1595 = CARTESIAN_POINT('',(9.999999999994,3.194666753359E-14,10.));
#1596 = CARTESIAN_POINT('',(0.15577836587,-10.,2.147132522591));
#1597 = CARTESIAN_POINT('',(2.223304195107E-03,-8.254670748006,
    2.636340492519));
#1598 = CARTESIAN_POINT('',(0.393433762859,-6.415761245276,
    3.144797471883));
#1599 = CARTESIAN_POINT('',(1.171144252064,-4.610309655576,
    3.849476212142));
#1600 = CARTESIAN_POINT('',(2.35515938986,-3.005555178283,4.693876671936
    ));
#1601 = CARTESIAN_POINT('',(3.814605014201,-1.757348277842,
    5.651805098173));
#1602 = CARTESIAN_POINT('',(5.377007731166,-0.86828991318,6.683954754574
    ));
#1603 = CARTESIAN_POINT('',(6.963462848834,-0.289264597912,
    7.766297127522));
#1604 = CARTESIAN_POINT('',(8.579999042628,-8.72824325544E-16,
    8.824169051048));
#1605 = CARTESIAN_POINT('',(9.999999999994,3.137966077458E-14,10.));
#1606 = CARTESIAN_POINT('',(0.467333900702,-10.,1.493716669961));
#1607 = CARTESIAN_POINT('',(0.309953842597,-8.254670748006,
    1.731420880302));
#1608 = CARTESIAN_POINT('',(0.669292810814,-6.392366188846,
    2.159077227367));
#1609 = CARTESIAN_POINT('',(1.435600863619,-4.552658852373,
    2.881476942648));
#1610 = CARTESIAN_POINT('',(2.604357073452,-2.925372835056,
    3.848942135826));
#1611 = CARTESIAN_POINT('',(4.040369284839,-1.687676695829,
    4.993287693241));
#1612 = CARTESIAN_POINT('',(5.568107462227,-0.82834140437,6.222690843769
    ));
#1613 = CARTESIAN_POINT('',(7.106514355676,-0.275907105002,
    7.490078979145));
#1614 = CARTESIAN_POINT('',(8.64134781502,2.995896479108E-15,
    8.729763117688));
#1615 = CARTESIAN_POINT('',(9.999999999994,3.110210501843E-14,10.));
#1616 = CARTESIAN_POINT('',(0.921859153485,-10.,0.921859153493));
#1617 = CARTESIAN_POINT('',(0.903994902062,-8.254670748005,
    0.903994902066));
#1618 = CARTESIAN_POINT('',(1.271353530081,-6.384567836701,
    1.271353530081));
#1619 = CARTESIAN_POINT('',(2.015290551912,-4.533441917971,
    2.015290551911));
#1620 = CARTESIAN_POINT('',(3.104319374206,-2.898645387313,
    3.104319374206));
#1621 = CARTESIAN_POINT('',(4.42737547228,-1.664452835158,4.427375472281
    ));
#1622 = CARTESIAN_POINT('',(5.839862665599,-0.815025234766,
    5.839862665602));
#1623 = CARTESIAN_POINT('',(7.271858918498,-0.271454607365,
    7.271858918503));
#1624 = CARTESIAN_POINT('',(8.680045939524,6.288176575899E-15,
    8.680045939529));
#1625 = CARTESIAN_POINT('',(9.999999999994,3.083247942673E-14,10.));
#1626 = CARTESIAN_POINT('',(1.493716669973,-10.,0.467333900697));
#1627 = CARTESIAN_POINT('',(1.731420880311,-8.254670748006,
    0.309953842593));
#1628 = CARTESIAN_POINT('',(2.159077227374,-6.392366188845,
    0.669292810813));
#1629 = CARTESIAN_POINT('',(2.881476942653,-4.552658852373,
    1.435600863619));
#1630 = CARTESIAN_POINT('',(3.848942135828,-2.925372835056,
    2.604357073454));
#1631 = CARTESIAN_POINT('',(4.993287693242,-1.687676695829,
    4.040369284841));
#1632 = CARTESIAN_POINT('',(6.222690843768,-0.82834140437,5.568107462231
    ));
#1633 = CARTESIAN_POINT('',(7.490078979143,-0.275907105002,7.10651435568
    ));
#1634 = CARTESIAN_POINT('',(8.729763117683,9.378947088833E-15,
    8.641347815026));
#1635 = CARTESIAN_POINT('',(9.999999999994,3.056681891727E-14,10.));
#1636 = CARTESIAN_POINT('',(2.147132522584,-10.,0.15577836587));
#1637 = CARTESIAN_POINT('',(2.636340492514,-8.254670748006,
    2.223304192507E-03));
#1638 = CARTESIAN_POINT('',(3.144797471881,-6.415761245276,
    0.393433762856));
#1639 = CARTESIAN_POINT('',(3.849476212141,-4.610309655576,1.17114425206
    ));
#1640 = CARTESIAN_POINT('',(4.693876671934,-3.005555178282,
    2.355159389858));
#1641 = CARTESIAN_POINT('',(5.65180509817,-1.757348277842,3.8146050142)
  );
#1642 = CARTESIAN_POINT('',(6.68395475457,-0.86828991318,5.377007731168)
  );
#1643 = CARTESIAN_POINT('',(7.766297127517,-0.289264597912,
    6.963462848838));
#1644 = CARTESIAN_POINT('',(8.824169051043,1.264313914192E-14,
    8.579999042634));
#1645 = CARTESIAN_POINT('',(9.999999999994,3.030115840781E-14,10.));
#1646 = CARTESIAN_POINT('',(2.841333525609,-10.,1.998401444325E-15));
#1647 = CARTESIAN_POINT('',(3.497852022763,-8.254670748006,
    -7.051637807728E-02));
#1648 = CARTESIAN_POINT('',(4.197207341112,-6.454753005995,
    0.236948712503));
#1649 = CARTESIAN_POINT('',(4.939399510623,-4.706394327583,
    0.951326312564));
#1650 = CARTESIAN_POINT('',(5.721911839962,-3.139192416993,
    2.052321452223));
#1651 = CARTESIAN_POINT('',(6.539711580277,-1.873467581197,
    3.446309930863));
#1652 = CARTESIAN_POINT('',(7.385558617081,-0.934870761197,
    5.002601569253));
#1653 = CARTESIAN_POINT('',(8.250630689561,-0.311527086097,6.65030855279
    ));
#1654 = CARTESIAN_POINT('',(9.12531534634,2.058453697404E-14,
    8.333948015616));
#1655 = CARTESIAN_POINT('',(9.999999999994,2.975397705995E-14,10.));
#1656 = CARTESIAN_POINT('',(3.535533905933,-10.,1.998401444325E-15));
#1657 = CARTESIAN_POINT('',(4.253807916384,-8.254670748006,
    1.441454724351E-15));
#1658 = CARTESIAN_POINT('',(4.972081926836,-6.509341471,0.342694569556)
  );
#1659 = CARTESIAN_POINT('',(5.690355937286,-4.840912868392,
    1.028083948421));
#1660 = CARTESIAN_POINT('',(6.408629947738,-3.326284551189,
    2.036034605895));
#1661 = CARTESIAN_POINT('',(7.126903958188,-2.036034605894,
    3.326284551189));
#1662 = CARTESIAN_POINT('',(7.84517796864,-1.028083948422,4.840912868392
    ));
#1663 = CARTESIAN_POINT('',(8.563451979091,-0.342694569555,6.509341471)
  );
#1664 = CARTESIAN_POINT('',(9.281725989542,2.119151236457E-14,
    8.254670748006));
#1665 = CARTESIAN_POINT('',(9.999999999994,2.975397705995E-14,10.));
#1666 = DEFINITIONAL_REPRESENTATION('',(#1667),#1671);
#1667 = LINE('',#1668,#1669);
#1668 = CARTESIAN_POINT('',(1.,0.));
#1669 = VECTOR('',#1670,1.);
#1670 = DIRECTION('',(0.,1.));
#1671 = ( GEOMETRIC_REPRESENTATION_CONTEXT(2) 
PARAMETRIC_REPRESENTATION_CONTEXT() REPRESENTATION_CONTEXT('2D SPACE',''
  ) );
#1672 = ORIENTED_EDGE('',*,*,#961,.T.);
#1673 = ORIENTED_EDGE('',*,*,#1497,.F.);
#1674 = ORIENTED_EDGE('',*,*,#1675,.F.);
#1675 = EDGE_CURVE('',#1554,#1498,#1676,.T.);
#1676 = SURFACE_CURVE('',#1677,(#1681,#1688),.PCURVE_S1.);
#1677 = LINE('',#1678,#1679);
#1678 = CARTESIAN_POINT('',(3.535533905933,-10.,3.10862446895E-15));
#1679 = VECTOR('',#1680,1.);
#1680 = DIRECTION('',(1.,0.,0.));
#1681 = PCURVE('',#975,#1682);
#1682 = DEFINITIONAL_REPRESENTATION('',(#1683),#1687);
#1683 = LINE('',#1684,#1685);
#1684 = CARTESIAN_POINT('',(0.,0.));
#1685 = VECTOR('',#1686,1.);
#1686 = DIRECTION('',(0.,1.));
#1687 = ( GEOMETRIC_REPRESENTATION_CONTEXT(2) 
PARAMETRIC_REPRESENTATION_CONTEXT() REPRESENTATION_CONTEXT('2D SPACE',''
  ) );
#1688 = PCURVE('',#1689,#1694);
#1689 = PLANE('',#1690);
#1690 = AXIS2_PLACEMENT_3D('',#1691,#1692,#1693);
#1691 = CARTESIAN_POINT('',(3.535533905933,0.,0.));
#1692 = DIRECTION('',(0.,2.17955395075E-16,1.));
#1693 = DIRECTION('',(1.,0.,0.));
#1694 = DEFINITIONAL_REPRESENTATION('',(#1695),#1699);
#1695 = LINE('',#1696,#1697);
#1696 = CARTESIAN_POINT('',(8.881784197001E-16,-10.));
#1697 = VECTOR('',#1698,1.);
#1698 = DIRECTION('',(1.,0.));
#1699 = ( GEOMETRIC_REPRESENTATION_CONTEXT(2) 
PARAMETRIC_REPRESENTATION_CONTEXT() REPRESENTATION_CONTEXT('2D SPACE',''
  ) );
#1700 = ADVANCED_FACE('',(#1701),#1036,.T.);
#1701 = FACE_BOUND('',#1702,.T.);
#1702 = EDGE_LOOP('',(#1703,#1704,#1739));
#1703 = ORIENTED_EDGE('',*,*,#1015,.T.);
#1704 = ORIENTED_EDGE('',*,*,#1705,.F.);
#1705 = EDGE_CURVE('',#1250,#254,#1706,.T.);
#1706 = SURFACE_CURVE('',#1707,(#1715,#1727),.PCURVE_S1.);
#1707 = B_SPLINE_CURVE_WITH_KNOTS('',6,(#1708,#1709,#1710,#1711,#1712,
    #1713,#1714),.UNSPECIFIED.,.F.,.F.,(7,7),(0.,1.),
  .PIECEWISE_BEZIER_KNOTS.);
#1708 = CARTESIAN_POINT('',(2.6645352591E-15,-10.,3.535533905933));
#1709 = CARTESIAN_POINT('',(-1.074578506177E-12,-7.382006122008,
    4.612944921609));
#1710 = CARTESIAN_POINT('',(0.822276860201,-4.764234992948,
    5.690355937286));
#1711 = CARTESIAN_POINT('',(2.468098503595,-2.468098503598,
    6.767766952964));
#1712 = CARTESIAN_POINT('',(4.764234992944,-0.822276860203,
    7.845177968642));
#1713 = CARTESIAN_POINT('',(7.382006122003,2.605746974098E-14,
    8.922588984321));
#1714 = CARTESIAN_POINT('',(9.999999999994,3.064215547965E-14,10.));
#1715 = PCURVE('',#1036,#1716);
#1716 = DEFINITIONAL_REPRESENTATION('',(#1717),#1726);
#1717 = B_SPLINE_CURVE_WITH_KNOTS('',7,(#1718,#1719,#1720,#1721,#1722,
    #1723,#1724,#1725),.UNSPECIFIED.,.F.,.F.,(8,8),(0.,1.),
  .PIECEWISE_BEZIER_KNOTS.);
#1718 = CARTESIAN_POINT('',(0.,11.464466094082));
#1719 = CARTESIAN_POINT('',(0.224399475256,10.540970937788));
#1720 = CARTESIAN_POINT('',(0.448782862599,9.617541989807));
#1721 = CARTESIAN_POINT('',(0.673239484821,8.693811650493));
#1722 = CARTESIAN_POINT('',(0.897556841973,7.770654443614));
#1723 = CARTESIAN_POINT('',(1.122013464196,6.8469241043));
#1724 = CARTESIAN_POINT('',(1.346396851538,5.923495156319));
#1725 = CARTESIAN_POINT('',(1.570796326795,5.000000000025));
#1726 = ( GEOMETRIC_REPRESENTATION_CONTEXT(2) 
PARAMETRIC_REPRESENTATION_CONTEXT() REPRESENTATION_CONTEXT('2D SPACE',''
  ) );
#1727 = PCURVE('',#1575,#1728);
#1728 = DEFINITIONAL_REPRESENTATION('',(#1729),#1738);
#1729 = B_SPLINE_CURVE_WITH_KNOTS('',7,(#1730,#1731,#1732,#1733,#1734,
    #1735,#1736,#1737),.UNSPECIFIED.,.F.,.F.,(8,8),(0.,1.),
  .PIECEWISE_BEZIER_KNOTS.);
#1730 = CARTESIAN_POINT('',(0.,-5.551115123126E-17));
#1731 = CARTESIAN_POINT('',(0.,0.142857142857));
#1732 = CARTESIAN_POINT('',(0.,0.285704043835));
#1733 = CARTESIAN_POINT('',(0.,0.428597567564));
#1734 = CARTESIAN_POINT('',(0.,0.571402432436));
#1735 = CARTESIAN_POINT('',(0.,0.714295956165));
#1736 = CARTESIAN_POINT('',(0.,0.857142857143));
#1737 = CARTESIAN_POINT('',(0.,1.));
#1738 = ( GEOMETRIC_REPRESENTATION_CONTEXT(2) 
PARAMETRIC_REPRESENTATION_CONTEXT() REPRESENTATION_CONTEXT('2D SPACE',''
  ) );
#1739 = ORIENTED_EDGE('',*,*,#1277,.F.);
#1740 = ADVANCED_FACE('',(#1741),#1091,.T.);
#1741 = FACE_BOUND('',#1742,.F.);
#1742 = EDGE_LOOP('',(#1743,#1767,#1768,#1769));
#1743 = ORIENTED_EDGE('',*,*,#1744,.T.);
#1744 = EDGE_CURVE('',#1745,#1076,#1747,.T.);
#1745 = VERTEX_POINT('',#1746);
#1746 = CARTESIAN_POINT('',(193.,-60.,25.));
#1747 = SURFACE_CURVE('',#1748,(#1753,#1760),.PCURVE_S1.);
#1748 = CIRCLE('',#1749,10.);
#1749 = AXIS2_PLACEMENT_3D('',#1750,#1751,#1752);
#1750 = CARTESIAN_POINT('',(183.,-60.,25.));
#1751 = DIRECTION('',(-6.123233995737E-17,2.22044604925E-16,-1.));
#1752 = DIRECTION('',(1.,1.359631073447E-32,-6.123233995737E-17));
#1753 = PCURVE('',#1091,#1754);
#1754 = DEFINITIONAL_REPRESENTATION('',(#1755),#1759);
#1755 = LINE('',#1756,#1757);
#1756 = CARTESIAN_POINT('',(-0.,-7.105427357601E-15));
#1757 = VECTOR('',#1758,1.);
#1758 = DIRECTION('',(-1.,0.));
#1759 = ( GEOMETRIC_REPRESENTATION_CONTEXT(2) 
PARAMETRIC_REPRESENTATION_CONTEXT() REPRESENTATION_CONTEXT('2D SPACE',''
  ) );
#1760 = PCURVE('',#1124,#1761);
#1761 = DEFINITIONAL_REPRESENTATION('',(#1762),#1766);
#1762 = LINE('',#1763,#1764);
#1763 = CARTESIAN_POINT('',(1.570796326795,0.));
#1764 = VECTOR('',#1765,1.);
#1765 = DIRECTION('',(0.,1.));
#1766 = ( GEOMETRIC_REPRESENTATION_CONTEXT(2) 
PARAMETRIC_REPRESENTATION_CONTEXT() REPRESENTATION_CONTEXT('2D SPACE',''
  ) );
#1767 = ORIENTED_EDGE('',*,*,#1075,.T.);
#1768 = ORIENTED_EDGE('',*,*,#1391,.F.);
#1769 = ORIENTED_EDGE('',*,*,#1770,.F.);
#1770 = EDGE_CURVE('',#1745,#1364,#1771,.T.);
#1771 = SURFACE_CURVE('',#1772,(#1776,#1783),.PCURVE_S1.);
#1772 = LINE('',#1773,#1774);
#1773 = CARTESIAN_POINT('',(193.,-60.,25.));
#1774 = VECTOR('',#1775,1.);
#1775 = DIRECTION('',(0.,-2.22044604925E-16,1.));
#1776 = PCURVE('',#1091,#1777);
#1777 = DEFINITIONAL_REPRESENTATION('',(#1778),#1782);
#1778 = LINE('',#1779,#1780);
#1779 = CARTESIAN_POINT('',(-0.,0.));
#1780 = VECTOR('',#1781,1.);
#1781 = DIRECTION('',(-0.,1.));
#1782 = ( GEOMETRIC_REPRESENTATION_CONTEXT(2) 
PARAMETRIC_REPRESENTATION_CONTEXT() REPRESENTATION_CONTEXT('2D SPACE',''
  ) );
#1783 = PCURVE('',#1379,#1784);
#1784 = DEFINITIONAL_REPRESENTATION('',(#1785),#1789);
#1785 = LINE('',#1786,#1787);
#1786 = CARTESIAN_POINT('',(1.133531010704E-15,-60.));
#1787 = VECTOR('',#1788,1.);
#1788 = DIRECTION('',(1.,-4.4E-16));
#1789 = ( GEOMETRIC_REPRESENTATION_CONTEXT(2) 
PARAMETRIC_REPRESENTATION_CONTEXT() REPRESENTATION_CONTEXT('2D SPACE',''
  ) );
#1790 = ADVANCED_FACE('',(#1791),#1124,.T.);
#1791 = FACE_BOUND('',#1792,.T.);
#1792 = EDGE_LOOP('',(#1793,#1817,#1839,#1840));
#1793 = ORIENTED_EDGE('',*,*,#1794,.F.);
#1794 = EDGE_CURVE('',#1795,#1104,#1797,.T.);
#1795 = VERTEX_POINT('',#1796);
#1796 = CARTESIAN_POINT('',(168.,-60.,1.15463194561E-14));
#1797 = SURFACE_CURVE('',#1798,(#1803,#1810),.PCURVE_S1.);
#1798 = CIRCLE('',#1799,10.);
#1799 = AXIS2_PLACEMENT_3D('',#1800,#1801,#1802);
#1800 = CARTESIAN_POINT('',(168.,-60.,10.));
#1801 = DIRECTION('',(-1.,-0.,0.));
#1802 = DIRECTION('',(0.,-2.17955395075E-16,-1.));
#1803 = PCURVE('',#1124,#1804);
#1804 = DEFINITIONAL_REPRESENTATION('',(#1805),#1809);
#1805 = LINE('',#1806,#1807);
#1806 = CARTESIAN_POINT('',(0.,0.));
#1807 = VECTOR('',#1808,1.);
#1808 = DIRECTION('',(0.,1.));
#1809 = ( GEOMETRIC_REPRESENTATION_CONTEXT(2) 
PARAMETRIC_REPRESENTATION_CONTEXT() REPRESENTATION_CONTEXT('2D SPACE',''
  ) );
#1810 = PCURVE('',#1150,#1811);
#1811 = DEFINITIONAL_REPRESENTATION('',(#1812),#1816);
#1812 = LINE('',#1813,#1814);
#1813 = CARTESIAN_POINT('',(-0.,164.46446609406));
#1814 = VECTOR('',#1815,1.);
#1815 = DIRECTION('',(-1.,0.));
#1816 = ( GEOMETRIC_REPRESENTATION_CONTEXT(2) 
PARAMETRIC_REPRESENTATION_CONTEXT() REPRESENTATION_CONTEXT('2D SPACE',''
  ) );
#1817 = ORIENTED_EDGE('',*,*,#1818,.T.);
#1818 = EDGE_CURVE('',#1795,#1745,#1819,.T.);
#1819 = SURFACE_CURVE('',#1820,(#1825,#1832),.PCURVE_S1.);
#1820 = CIRCLE('',#1821,25.);
#1821 = AXIS2_PLACEMENT_3D('',#1822,#1823,#1824);
#1822 = CARTESIAN_POINT('',(168.,-60.,25.));
#1823 = DIRECTION('',(0.,-1.,-2.22044604925E-16));
#1824 = DIRECTION('',(0.,2.22044604925E-16,-1.));
#1825 = PCURVE('',#1124,#1826);
#1826 = DEFINITIONAL_REPRESENTATION('',(#1827),#1831);
#1827 = LINE('',#1828,#1829);
#1828 = CARTESIAN_POINT('',(0.,0.));
#1829 = VECTOR('',#1830,1.);
#1830 = DIRECTION('',(1.,0.));
#1831 = ( GEOMETRIC_REPRESENTATION_CONTEXT(2) 
PARAMETRIC_REPRESENTATION_CONTEXT() REPRESENTATION_CONTEXT('2D SPACE',''
  ) );
#1832 = PCURVE('',#1536,#1833);
#1833 = DEFINITIONAL_REPRESENTATION('',(#1834),#1838);
#1834 = LINE('',#1835,#1836);
#1835 = CARTESIAN_POINT('',(-4.712388980385,-60.));
#1836 = VECTOR('',#1837,1.);
#1837 = DIRECTION('',(-1.,0.));
#1838 = ( GEOMETRIC_REPRESENTATION_CONTEXT(2) 
PARAMETRIC_REPRESENTATION_CONTEXT() REPRESENTATION_CONTEXT('2D SPACE',''
  ) );
#1839 = ORIENTED_EDGE('',*,*,#1744,.T.);
#1840 = ORIENTED_EDGE('',*,*,#1103,.F.);
#1841 = ADVANCED_FACE('',(#1842),#1150,.T.);
#1842 = FACE_BOUND('',#1843,.F.);
#1843 = EDGE_LOOP('',(#1844,#1964,#1965,#1966));
#1844 = ORIENTED_EDGE('',*,*,#1845,.T.);
#1845 = EDGE_CURVE('',#1846,#436,#1848,.T.);
#1846 = VERTEX_POINT('',#1847);
#1847 = CARTESIAN_POINT('',(3.535533905933,-60.,1.265654248073E-14));
#1848 = SURFACE_CURVE('',#1849,(#1860,#1866),.PCURVE_S1.);
#1849 = B_SPLINE_CURVE_WITH_KNOTS('',9,(#1850,#1851,#1852,#1853,#1854,
    #1855,#1856,#1857,#1858,#1859),.UNSPECIFIED.,.F.,.F.,(10,10),(0.,1.)
  ,.PIECEWISE_BEZIER_KNOTS.);
#1850 = CARTESIAN_POINT('',(3.535533905933,-60.,1.265654248073E-14));
#1851 = CARTESIAN_POINT('',(4.253807916384,-61.74532925199,
    8.934152260919E-15));
#1852 = CARTESIAN_POINT('',(4.972081926835,-63.490658529,0.342694569555)
  );
#1853 = CARTESIAN_POINT('',(5.690355937286,-65.1590871316,1.028083948422
    ));
#1854 = CARTESIAN_POINT('',(6.408629947738,-66.67371544882,
    2.036034605894));
#1855 = CARTESIAN_POINT('',(7.126903958188,-67.96396539409,3.32628455119
    ));
#1856 = CARTESIAN_POINT('',(7.84517796864,-68.97191605158,4.840912868391
    ));
#1857 = CARTESIAN_POINT('',(8.563451979091,-69.65730543044,
    6.509341471001));
#1858 = CARTESIAN_POINT('',(9.281725989542,-70.,8.254670748006));
#1859 = CARTESIAN_POINT('',(9.999999999994,-70.,10.));
#1860 = PCURVE('',#1150,#1861);
#1861 = DEFINITIONAL_REPRESENTATION('',(#1862),#1865);
#1862 = B_SPLINE_CURVE_WITH_KNOTS('',1,(#1863,#1864),.UNSPECIFIED.,.F.,
  .F.,(2,2),(0.,1.),.PIECEWISE_BEZIER_KNOTS.);
#1863 = CARTESIAN_POINT('',(0.,-8.881784197001E-16));
#1864 = CARTESIAN_POINT('',(-1.570796326795,6.464466094061));
#1865 = ( GEOMETRIC_REPRESENTATION_CONTEXT(2) 
PARAMETRIC_REPRESENTATION_CONTEXT() REPRESENTATION_CONTEXT('2D SPACE',''
  ) );
#1866 = PCURVE('',#1867,#1958);
#1867 = B_SPLINE_SURFACE_WITH_KNOTS('',8,9,(
    (#1868,#1869,#1870,#1871,#1872,#1873,#1874,#1875,#1876,#1877)
    ,(#1878,#1879,#1880,#1881,#1882,#1883,#1884,#1885,#1886,#1887)
    ,(#1888,#1889,#1890,#1891,#1892,#1893,#1894,#1895,#1896,#1897)
    ,(#1898,#1899,#1900,#1901,#1902,#1903,#1904,#1905,#1906,#1907)
    ,(#1908,#1909,#1910,#1911,#1912,#1913,#1914,#1915,#1916,#1917)
    ,(#1918,#1919,#1920,#1921,#1922,#1923,#1924,#1925,#1926,#1927)
    ,(#1928,#1929,#1930,#1931,#1932,#1933,#1934,#1935,#1936,#1937)
    ,(#1938,#1939,#1940,#1941,#1942,#1943,#1944,#1945,#1946,#1947)
    ,(#1948,#1949,#1950,#1951,#1952,#1953,#1954,#1955,#1956,#1957
  )),.UNSPECIFIED.,.F.,.F.,.F.,(9,9),(10,10),(0.,1.),(0.,1.),
  .PIECEWISE_BEZIER_KNOTS.);
#1868 = CARTESIAN_POINT('',(4.440892098501E-16,-60.,3.535533905933));
#1869 = CARTESIAN_POINT('',(-4.335658230979E-15,-61.74532925199,
    4.253807916384));
#1870 = CARTESIAN_POINT('',(0.342694569555,-63.490658529,4.972081926835)
  );
#1871 = CARTESIAN_POINT('',(1.028083948421,-65.1590871316,5.690355937286
    ));
#1872 = CARTESIAN_POINT('',(2.036034605892,-66.67371544881,
    6.408629947738));
#1873 = CARTESIAN_POINT('',(3.326284551187,-67.9639653941,7.12690395819)
  );
#1874 = CARTESIAN_POINT('',(4.840912868388,-68.97191605158,
    7.845177968642));
#1875 = CARTESIAN_POINT('',(6.509341470996,-69.65730543044,
    8.563451979095));
#1876 = CARTESIAN_POINT('',(8.254670748,-70.,9.281725989547));
#1877 = CARTESIAN_POINT('',(9.999999999994,-70.,10.));
#1878 = CARTESIAN_POINT('',(6.959155474107E-13,-60.,2.841333525605));
#1879 = CARTESIAN_POINT('',(-7.051637807696E-02,-61.74532925199,
    3.497852022759));
#1880 = CARTESIAN_POINT('',(0.236948712502,-63.545246994,4.197207341108)
  );
#1881 = CARTESIAN_POINT('',(0.951326312563,-65.29360567241,
    4.939399510621));
#1882 = CARTESIAN_POINT('',(2.05232145222,-66.86080758301,5.721911839959
    ));
#1883 = CARTESIAN_POINT('',(3.446309930861,-68.1265324188,6.539711580277
    ));
#1884 = CARTESIAN_POINT('',(5.002601569249,-69.0651292388,7.385558617082
    ));
#1885 = CARTESIAN_POINT('',(6.650308552786,-69.6884729139,8.250630689564
    ));
#1886 = CARTESIAN_POINT('',(8.33394801561,-70.,9.125315346345));
#1887 = CARTESIAN_POINT('',(9.999999999994,-70.,10.));
#1888 = CARTESIAN_POINT('',(0.15577836587,-60.,2.147132522593));
#1889 = CARTESIAN_POINT('',(2.223304195617E-03,-61.74532925199,
    2.636340492521));
#1890 = CARTESIAN_POINT('',(0.39343376286,-63.58423875472,3.144797471884
    ));
#1891 = CARTESIAN_POINT('',(1.171144252065,-65.38969034442,
    3.849476212144));
#1892 = CARTESIAN_POINT('',(2.35515938986,-66.99444482172,4.693876671936
    ));
#1893 = CARTESIAN_POINT('',(3.814605014201,-68.24265172215,
    5.651805098174));
#1894 = CARTESIAN_POINT('',(5.377007731166,-69.13171008682,
    6.683954754574));
#1895 = CARTESIAN_POINT('',(6.963462848834,-69.71073540208,
    7.766297127523));
#1896 = CARTESIAN_POINT('',(8.579999042628,-70.,8.824169051047));
#1897 = CARTESIAN_POINT('',(9.999999999994,-70.,10.));
#1898 = CARTESIAN_POINT('',(0.467333900703,-60.,1.493716669958));
#1899 = CARTESIAN_POINT('',(0.309953842596,-61.74532925199,
    1.731420880299));
#1900 = CARTESIAN_POINT('',(0.669292810813,-63.60763381115,
    2.159077227365));
#1901 = CARTESIAN_POINT('',(1.435600863618,-65.44734114762,
    2.881476942647));
#1902 = CARTESIAN_POINT('',(2.604357073451,-67.07462716495,
    3.848942135823));
#1903 = CARTESIAN_POINT('',(4.040369284839,-68.31232330416,
    4.993287693241));
#1904 = CARTESIAN_POINT('',(5.568107462227,-69.17165859563,
    6.222690843767));
#1905 = CARTESIAN_POINT('',(7.106514355676,-69.72409289499,
    7.490078979145));
#1906 = CARTESIAN_POINT('',(8.64134781502,-70.,8.729763117688));
#1907 = CARTESIAN_POINT('',(9.999999999994,-70.,10.));
#1908 = CARTESIAN_POINT('',(0.921859153485,-60.,0.921859153496));
#1909 = CARTESIAN_POINT('',(0.903994902063,-61.74532925199,
    0.903994902069));
#1910 = CARTESIAN_POINT('',(1.271353530082,-63.6154321633,1.271353530082
    ));
#1911 = CARTESIAN_POINT('',(2.015290551913,-65.46655808202,
    2.015290551913));
#1912 = CARTESIAN_POINT('',(3.104319374206,-67.10135461269,
    3.104319374205));
#1913 = CARTESIAN_POINT('',(4.427375472281,-68.33554716483,
    4.427375472283));
#1914 = CARTESIAN_POINT('',(5.839862665599,-69.18497476523,
    5.839862665602));
#1915 = CARTESIAN_POINT('',(7.271858918499,-69.72854539263,
    7.271858918504));
#1916 = CARTESIAN_POINT('',(8.680045939524,-70.,8.680045939529));
#1917 = CARTESIAN_POINT('',(9.999999999994,-70.,10.));
#1918 = CARTESIAN_POINT('',(1.493716669973,-60.,0.467333900696));
#1919 = CARTESIAN_POINT('',(1.73142088031,-61.74532925199,0.309953842593
    ));
#1920 = CARTESIAN_POINT('',(2.159077227373,-63.60763381115,
    0.669292810812));
#1921 = CARTESIAN_POINT('',(2.881476942652,-65.44734114762,
    1.435600863619));
#1922 = CARTESIAN_POINT('',(3.848942135827,-67.07462716495,
    2.604357073453));
#1923 = CARTESIAN_POINT('',(4.993287693242,-68.31232330416,
    4.040369284842));
#1924 = CARTESIAN_POINT('',(6.222690843768,-69.17165859563,5.56810746223
    ));
#1925 = CARTESIAN_POINT('',(7.490078979143,-69.72409289499,7.10651435568
    ));
#1926 = CARTESIAN_POINT('',(8.729763117683,-70.,8.641347815025));
#1927 = CARTESIAN_POINT('',(9.999999999994,-70.,10.));
#1928 = CARTESIAN_POINT('',(2.147132522584,-60.,0.15577836587));
#1929 = CARTESIAN_POINT('',(2.636340492514,-61.74532925199,
    2.223304192715E-03));
#1930 = CARTESIAN_POINT('',(3.144797471881,-63.58423875472,
    0.393433762855));
#1931 = CARTESIAN_POINT('',(3.849476212141,-65.38969034441,
    1.171144252061));
#1932 = CARTESIAN_POINT('',(4.693876671934,-66.99444482172,
    2.355159389857));
#1933 = CARTESIAN_POINT('',(5.65180509817,-68.24265172215,3.814605014201
    ));
#1934 = CARTESIAN_POINT('',(6.68395475457,-69.13171008682,5.377007731167
    ));
#1935 = CARTESIAN_POINT('',(7.766297127517,-69.71073540208,
    6.963462848838));
#1936 = CARTESIAN_POINT('',(8.824169051043,-70.,8.579999042634));
#1937 = CARTESIAN_POINT('',(9.999999999994,-70.,10.));
#1938 = CARTESIAN_POINT('',(2.841333525609,-60.,1.271205363196E-14));
#1939 = CARTESIAN_POINT('',(3.497852022763,-61.74532925199,
    -7.051637807728E-02));
#1940 = CARTESIAN_POINT('',(4.197207341112,-63.54524699401,
    0.236948712503));
#1941 = CARTESIAN_POINT('',(4.939399510623,-65.29360567241,
    0.951326312564));
#1942 = CARTESIAN_POINT('',(5.721911839962,-66.86080758301,
    2.052321452222));
#1943 = CARTESIAN_POINT('',(6.539711580277,-68.12653241879,
    3.446309930864));
#1944 = CARTESIAN_POINT('',(7.385558617081,-69.0651292388,5.002601569252
    ));
#1945 = CARTESIAN_POINT('',(8.250630689561,-69.6884729139,6.650308552791
    ));
#1946 = CARTESIAN_POINT('',(9.12531534634,-70.,8.333948015616));
#1947 = CARTESIAN_POINT('',(9.999999999994,-70.,10.));
#1948 = CARTESIAN_POINT('',(3.535533905933,-60.,1.265654248073E-14));
#1949 = CARTESIAN_POINT('',(4.253807916384,-61.74532925199,
    8.934152260919E-15));
#1950 = CARTESIAN_POINT('',(4.972081926835,-63.490658529,0.342694569555)
  );
#1951 = CARTESIAN_POINT('',(5.690355937286,-65.1590871316,1.028083948422
    ));
#1952 = CARTESIAN_POINT('',(6.408629947738,-66.67371544882,
    2.036034605894));
#1953 = CARTESIAN_POINT('',(7.126903958188,-67.96396539409,3.32628455119
    ));
#1954 = CARTESIAN_POINT('',(7.84517796864,-68.97191605158,4.840912868391
    ));
#1955 = CARTESIAN_POINT('',(8.563451979091,-69.65730543044,
    6.509341471001));
#1956 = CARTESIAN_POINT('',(9.281725989542,-70.,8.254670748006));
#1957 = CARTESIAN_POINT('',(9.999999999994,-70.,10.));
#1958 = DEFINITIONAL_REPRESENTATION('',(#1959),#1963);
#1959 = LINE('',#1960,#1961);
#1960 = CARTESIAN_POINT('',(1.,0.));
#1961 = VECTOR('',#1962,1.);
#1962 = DIRECTION('',(0.,1.));
#1963 = ( GEOMETRIC_REPRESENTATION_CONTEXT(2) 
PARAMETRIC_REPRESENTATION_CONTEXT() REPRESENTATION_CONTEXT('2D SPACE',''
  ) );
#1964 = ORIENTED_EDGE('',*,*,#1136,.T.);
#1965 = ORIENTED_EDGE('',*,*,#1794,.F.);
#1966 = ORIENTED_EDGE('',*,*,#1967,.F.);
#1967 = EDGE_CURVE('',#1846,#1795,#1968,.T.);
#1968 = SURFACE_CURVE('',#1969,(#1973,#1980),.PCURVE_S1.);
#1969 = LINE('',#1970,#1971);
#1970 = CARTESIAN_POINT('',(3.535533905933,-60.,1.15463194561E-14));
#1971 = VECTOR('',#1972,1.);
#1972 = DIRECTION('',(1.,0.,0.));
#1973 = PCURVE('',#1150,#1974);
#1974 = DEFINITIONAL_REPRESENTATION('',(#1975),#1979);
#1975 = LINE('',#1976,#1977);
#1976 = CARTESIAN_POINT('',(-0.,0.));
#1977 = VECTOR('',#1978,1.);
#1978 = DIRECTION('',(-0.,1.));
#1979 = ( GEOMETRIC_REPRESENTATION_CONTEXT(2) 
PARAMETRIC_REPRESENTATION_CONTEXT() REPRESENTATION_CONTEXT('2D SPACE',''
  ) );
#1980 = PCURVE('',#1689,#1981);
#1981 = DEFINITIONAL_REPRESENTATION('',(#1982),#1986);
#1982 = LINE('',#1983,#1984);
#1983 = CARTESIAN_POINT('',(8.881784197001E-16,-60.));
#1984 = VECTOR('',#1985,1.);
#1985 = DIRECTION('',(1.,0.));
#1986 = ( GEOMETRIC_REPRESENTATION_CONTEXT(2) 
PARAMETRIC_REPRESENTATION_CONTEXT() REPRESENTATION_CONTEXT('2D SPACE',''
  ) );
#1987 = ADVANCED_FACE('',(#1988),#1211,.T.);
#1988 = FACE_BOUND('',#1989,.F.);
#1989 = EDGE_LOOP('',(#1990,#1991,#2026));
#1990 = ORIENTED_EDGE('',*,*,#1190,.T.);
#1991 = ORIENTED_EDGE('',*,*,#1992,.F.);
#1992 = EDGE_CURVE('',#1227,#436,#1993,.T.);
#1993 = SURFACE_CURVE('',#1994,(#2002,#2014),.PCURVE_S1.);
#1994 = B_SPLINE_CURVE_WITH_KNOTS('',6,(#1995,#1996,#1997,#1998,#1999,
    #2000,#2001),.UNSPECIFIED.,.F.,.F.,(7,7),(0.,1.),
  .PIECEWISE_BEZIER_KNOTS.);
#1995 = CARTESIAN_POINT('',(2.6645352591E-15,-60.,3.535533905933));
#1996 = CARTESIAN_POINT('',(-1.074578506177E-12,-62.61799387799,
    4.612944921609));
#1997 = CARTESIAN_POINT('',(0.822276860201,-65.23576500705,
    5.690355937286));
#1998 = CARTESIAN_POINT('',(2.468098503595,-67.5319014964,6.767766952964
    ));
#1999 = CARTESIAN_POINT('',(4.764234992944,-69.17772313979,
    7.845177968642));
#2000 = CARTESIAN_POINT('',(7.382006122003,-70.,8.922588984321));
#2001 = CARTESIAN_POINT('',(9.999999999994,-70.,10.));
#2002 = PCURVE('',#1211,#2003);
#2003 = DEFINITIONAL_REPRESENTATION('',(#2004),#2013);
#2004 = B_SPLINE_CURVE_WITH_KNOTS('',7,(#2005,#2006,#2007,#2008,#2009,
    #2010,#2011,#2012),.UNSPECIFIED.,.F.,.F.,(8,8),(0.,1.),
  .PIECEWISE_BEZIER_KNOTS.);
#2005 = CARTESIAN_POINT('',(0.,11.464466094082));
#2006 = CARTESIAN_POINT('',(-0.224399475256,10.540970937788));
#2007 = CARTESIAN_POINT('',(-0.448782862599,9.617541989807));
#2008 = CARTESIAN_POINT('',(-0.673239484821,8.693811650493));
#2009 = CARTESIAN_POINT('',(-0.897556841973,7.770654443614));
#2010 = CARTESIAN_POINT('',(-1.122013464196,6.8469241043));
#2011 = CARTESIAN_POINT('',(-1.346396851538,5.923495156319));
#2012 = CARTESIAN_POINT('',(-1.570796326795,5.000000000025));
#2013 = ( GEOMETRIC_REPRESENTATION_CONTEXT(2) 
PARAMETRIC_REPRESENTATION_CONTEXT() REPRESENTATION_CONTEXT('2D SPACE',''
  ) );
#2014 = PCURVE('',#1867,#2015);
#2015 = DEFINITIONAL_REPRESENTATION('',(#2016),#2025);
#2016 = B_SPLINE_CURVE_WITH_KNOTS('',7,(#2017,#2018,#2019,#2020,#2021,
    #2022,#2023,#2024),.UNSPECIFIED.,.F.,.F.,(8,8),(0.,1.),
  .PIECEWISE_BEZIER_KNOTS.);
#2017 = CARTESIAN_POINT('',(0.,5.551115123126E-17));
#2018 = CARTESIAN_POINT('',(0.,0.142857142857));
#2019 = CARTESIAN_POINT('',(0.,0.285704043835));
#2020 = CARTESIAN_POINT('',(0.,0.428597567564));
#2021 = CARTESIAN_POINT('',(0.,0.571402432436));
#2022 = CARTESIAN_POINT('',(0.,0.714295956165));
#2023 = CARTESIAN_POINT('',(0.,0.857142857143));
#2024 = CARTESIAN_POINT('',(0.,1.));
#2025 = ( GEOMETRIC_REPRESENTATION_CONTEXT(2) 
PARAMETRIC_REPRESENTATION_CONTEXT() REPRESENTATION_CONTEXT('2D SPACE',''
  ) );
#2026 = ORIENTED_EDGE('',*,*,#1226,.F.);
#2027 = ADVANCED_FACE('',(#2028),#1265,.T.);
#2028 = FACE_BOUND('',#2029,.F.);
#2029 = EDGE_LOOP('',(#2030,#2031,#2065,#2086));
#2030 = ORIENTED_EDGE('',*,*,#1249,.T.);
#2031 = ORIENTED_EDGE('',*,*,#2032,.T.);
#2032 = EDGE_CURVE('',#1227,#1846,#2033,.T.);
#2033 = SURFACE_CURVE('',#2034,(#2044,#2058),.PCURVE_S1.);
#2034 = B_SPLINE_CURVE_WITH_KNOTS('',8,(#2035,#2036,#2037,#2038,#2039,
    #2040,#2041,#2042,#2043),.UNSPECIFIED.,.F.,.F.,(9,9),(0.,1.),
  .PIECEWISE_BEZIER_KNOTS.);
#2035 = CARTESIAN_POINT('',(4.440892098501E-16,-60.,3.535533905933));
#2036 = CARTESIAN_POINT('',(6.959155474107E-13,-60.,2.841333525605));
#2037 = CARTESIAN_POINT('',(0.15577836587,-60.,2.147132522593));
#2038 = CARTESIAN_POINT('',(0.467333900703,-60.,1.493716669958));
#2039 = CARTESIAN_POINT('',(0.921859153485,-60.,0.921859153496));
#2040 = CARTESIAN_POINT('',(1.493716669973,-60.,0.467333900696));
#2041 = CARTESIAN_POINT('',(2.147132522584,-60.,0.15577836587));
#2042 = CARTESIAN_POINT('',(2.841333525609,-60.,1.271205363196E-14));
#2043 = CARTESIAN_POINT('',(3.535533905933,-60.,1.265654248073E-14));
#2044 = PCURVE('',#1265,#2045);
#2045 = DEFINITIONAL_REPRESENTATION('',(#2046),#2057);
#2046 = B_SPLINE_CURVE_WITH_KNOTS('',9,(#2047,#2048,#2049,#2050,#2051,
    #2052,#2053,#2054,#2055,#2056),.UNSPECIFIED.,.F.,.F.,(10,10),(0.,1.)
  ,.PIECEWISE_BEZIER_KNOTS.);
#2047 = CARTESIAN_POINT('',(-3.14159265359,-60.));
#2048 = CARTESIAN_POINT('',(-3.316125558988,-59.99999999999));
#2049 = CARTESIAN_POINT('',(-3.49065869622,-60.));
#2050 = CARTESIAN_POINT('',(-3.665190820304,-59.99999999999));
#2051 = CARTESIAN_POINT('',(-3.839725285212,-60.00000000001));
#2052 = CARTESIAN_POINT('',(-4.014256348762,-59.99999999998));
#2053 = CARTESIAN_POINT('',(-4.188790813672,-60.));
#2054 = CARTESIAN_POINT('',(-4.363322937753,-59.99999999999));
#2055 = CARTESIAN_POINT('',(-4.537856074988,-60.));
#2056 = CARTESIAN_POINT('',(-4.712388980385,-60.));
#2057 = ( GEOMETRIC_REPRESENTATION_CONTEXT(2) 
PARAMETRIC_REPRESENTATION_CONTEXT() REPRESENTATION_CONTEXT('2D SPACE',''
  ) );
#2058 = PCURVE('',#1867,#2059);
#2059 = DEFINITIONAL_REPRESENTATION('',(#2060),#2064);
#2060 = LINE('',#2061,#2062);
#2061 = CARTESIAN_POINT('',(0.,0.));
#2062 = VECTOR('',#2063,1.);
#2063 = DIRECTION('',(1.,0.));
#2064 = ( GEOMETRIC_REPRESENTATION_CONTEXT(2) 
PARAMETRIC_REPRESENTATION_CONTEXT() REPRESENTATION_CONTEXT('2D SPACE',''
  ) );
#2065 = ORIENTED_EDGE('',*,*,#2066,.F.);
#2066 = EDGE_CURVE('',#1554,#1846,#2067,.T.);
#2067 = SURFACE_CURVE('',#2068,(#2072,#2079),.PCURVE_S1.);
#2068 = LINE('',#2069,#2070);
#2069 = CARTESIAN_POINT('',(3.535533905933,0.,0.));
#2070 = VECTOR('',#2071,1.);
#2071 = DIRECTION('',(0.,-1.,2.17955395075E-16));
#2072 = PCURVE('',#1265,#2073);
#2073 = DEFINITIONAL_REPRESENTATION('',(#2074),#2078);
#2074 = LINE('',#2075,#2076);
#2075 = CARTESIAN_POINT('',(-4.712388980385,0.));
#2076 = VECTOR('',#2077,1.);
#2077 = DIRECTION('',(-0.,-1.));
#2078 = ( GEOMETRIC_REPRESENTATION_CONTEXT(2) 
PARAMETRIC_REPRESENTATION_CONTEXT() REPRESENTATION_CONTEXT('2D SPACE',''
  ) );
#2079 = PCURVE('',#1689,#2080);
#2080 = DEFINITIONAL_REPRESENTATION('',(#2081),#2085);
#2081 = LINE('',#2082,#2083);
#2082 = CARTESIAN_POINT('',(0.,0.));
#2083 = VECTOR('',#2084,1.);
#2084 = DIRECTION('',(0.,-1.));
#2085 = ( GEOMETRIC_REPRESENTATION_CONTEXT(2) 
PARAMETRIC_REPRESENTATION_CONTEXT() REPRESENTATION_CONTEXT('2D SPACE',''
  ) );
#2086 = ORIENTED_EDGE('',*,*,#2087,.F.);
#2087 = EDGE_CURVE('',#1250,#1554,#2088,.T.);
#2088 = SURFACE_CURVE('',#2089,(#2099,#2113),.PCURVE_S1.);
#2089 = B_SPLINE_CURVE_WITH_KNOTS('',8,(#2090,#2091,#2092,#2093,#2094,
    #2095,#2096,#2097,#2098),.UNSPECIFIED.,.F.,.F.,(9,9),(0.,1.),
  .PIECEWISE_BEZIER_KNOTS.);
#2090 = CARTESIAN_POINT('',(6.661338147751E-16,-10.,3.535533905933));
#2091 = CARTESIAN_POINT('',(6.961375920156E-13,-10.,2.841333525606));
#2092 = CARTESIAN_POINT('',(0.15577836587,-10.,2.147132522591));
#2093 = CARTESIAN_POINT('',(0.467333900702,-10.,1.493716669961));
#2094 = CARTESIAN_POINT('',(0.921859153485,-10.,0.921859153493));
#2095 = CARTESIAN_POINT('',(1.493716669973,-10.,0.467333900697));
#2096 = CARTESIAN_POINT('',(2.147132522584,-10.,0.15577836587));
#2097 = CARTESIAN_POINT('',(2.841333525609,-10.,1.998401444325E-15));
#2098 = CARTESIAN_POINT('',(3.535533905933,-10.,1.998401444325E-15));
#2099 = PCURVE('',#1265,#2100);
#2100 = DEFINITIONAL_REPRESENTATION('',(#2101),#2112);
#2101 = B_SPLINE_CURVE_WITH_KNOTS('',9,(#2102,#2103,#2104,#2105,#2106,
    #2107,#2108,#2109,#2110,#2111),.UNSPECIFIED.,.F.,.F.,(10,10),(0.,1.)
  ,.PIECEWISE_BEZIER_KNOTS.);
#2102 = CARTESIAN_POINT('',(-3.14159265359,-10.));
#2103 = CARTESIAN_POINT('',(-3.316125558988,-10.));
#2104 = CARTESIAN_POINT('',(-3.490658696221,-10.));
#2105 = CARTESIAN_POINT('',(-3.665190820303,-9.999999999999));
#2106 = CARTESIAN_POINT('',(-3.839725285213,-10.));
#2107 = CARTESIAN_POINT('',(-4.014256348761,-9.999999999998));
#2108 = CARTESIAN_POINT('',(-4.188790813672,-10.));
#2109 = CARTESIAN_POINT('',(-4.363322937753,-9.999999999999));
#2110 = CARTESIAN_POINT('',(-4.537856074988,-10.));
#2111 = CARTESIAN_POINT('',(-4.712388980385,-10.));
#2112 = ( GEOMETRIC_REPRESENTATION_CONTEXT(2) 
PARAMETRIC_REPRESENTATION_CONTEXT() REPRESENTATION_CONTEXT('2D SPACE',''
  ) );
#2113 = PCURVE('',#1575,#2114);
#2114 = DEFINITIONAL_REPRESENTATION('',(#2115),#2119);
#2115 = LINE('',#2116,#2117);
#2116 = CARTESIAN_POINT('',(0.,0.));
#2117 = VECTOR('',#2118,1.);
#2118 = DIRECTION('',(1.,0.));
#2119 = ( GEOMETRIC_REPRESENTATION_CONTEXT(2) 
PARAMETRIC_REPRESENTATION_CONTEXT() REPRESENTATION_CONTEXT('2D SPACE',''
  ) );
#2120 = ADVANCED_FACE('',(#2121),#1379,.F.);
#2121 = FACE_BOUND('',#2122,.F.);
#2122 = EDGE_LOOP('',(#2123,#2144,#2145,#2146));
#2123 = ORIENTED_EDGE('',*,*,#2124,.T.);
#2124 = EDGE_CURVE('',#1448,#1745,#2125,.T.);
#2125 = SURFACE_CURVE('',#2126,(#2130,#2137),.PCURVE_S1.);
#2126 = LINE('',#2127,#2128);
#2127 = CARTESIAN_POINT('',(193.,5.548884876874E-15,25.));
#2128 = VECTOR('',#2129,1.);
#2129 = DIRECTION('',(0.,-1.,2.17955395075E-16));
#2130 = PCURVE('',#1379,#2131);
#2131 = DEFINITIONAL_REPRESENTATION('',(#2132),#2136);
#2132 = LINE('',#2133,#2134);
#2133 = CARTESIAN_POINT('',(-3.552713678801E-15,1.563194018672E-30));
#2134 = VECTOR('',#2135,1.);
#2135 = DIRECTION('',(0.,-1.));
#2136 = ( GEOMETRIC_REPRESENTATION_CONTEXT(2) 
PARAMETRIC_REPRESENTATION_CONTEXT() REPRESENTATION_CONTEXT('2D SPACE',''
  ) );
#2137 = PCURVE('',#1536,#2138);
#2138 = DEFINITIONAL_REPRESENTATION('',(#2139),#2143);
#2139 = LINE('',#2140,#2141);
#2140 = CARTESIAN_POINT('',(-6.28318530718,0.));
#2141 = VECTOR('',#2142,1.);
#2142 = DIRECTION('',(-0.,-1.));
#2143 = ( GEOMETRIC_REPRESENTATION_CONTEXT(2) 
PARAMETRIC_REPRESENTATION_CONTEXT() REPRESENTATION_CONTEXT('2D SPACE',''
  ) );
#2144 = ORIENTED_EDGE('',*,*,#1770,.T.);
#2145 = ORIENTED_EDGE('',*,*,#1361,.F.);
#2146 = ORIENTED_EDGE('',*,*,#1473,.F.);
#2147 = ADVANCED_FACE('',(#2148),#1536,.T.);
#2148 = FACE_BOUND('',#2149,.F.);
#2149 = EDGE_LOOP('',(#2150,#2171,#2172,#2173));
#2150 = ORIENTED_EDGE('',*,*,#2151,.T.);
#2151 = EDGE_CURVE('',#1498,#1795,#2152,.T.);
#2152 = SURFACE_CURVE('',#2153,(#2157,#2164),.PCURVE_S1.);
#2153 = LINE('',#2154,#2155);
#2154 = CARTESIAN_POINT('',(168.,0.,0.));
#2155 = VECTOR('',#2156,1.);
#2156 = DIRECTION('',(0.,-1.,2.17955395075E-16));
#2157 = PCURVE('',#1536,#2158);
#2158 = DEFINITIONAL_REPRESENTATION('',(#2159),#2163);
#2159 = LINE('',#2160,#2161);
#2160 = CARTESIAN_POINT('',(-4.712388980385,0.));
#2161 = VECTOR('',#2162,1.);
#2162 = DIRECTION('',(-0.,-1.));
#2163 = ( GEOMETRIC_REPRESENTATION_CONTEXT(2) 
PARAMETRIC_REPRESENTATION_CONTEXT() REPRESENTATION_CONTEXT('2D SPACE',''
  ) );
#2164 = PCURVE('',#1689,#2165);
#2165 = DEFINITIONAL_REPRESENTATION('',(#2166),#2170);
#2166 = LINE('',#2167,#2168);
#2167 = CARTESIAN_POINT('',(164.46446609406,0.));
#2168 = VECTOR('',#2169,1.);
#2169 = DIRECTION('',(0.,-1.));
#2170 = ( GEOMETRIC_REPRESENTATION_CONTEXT(2) 
PARAMETRIC_REPRESENTATION_CONTEXT() REPRESENTATION_CONTEXT('2D SPACE',''
  ) );
#2171 = ORIENTED_EDGE('',*,*,#1818,.T.);
#2172 = ORIENTED_EDGE('',*,*,#2124,.F.);
#2173 = ORIENTED_EDGE('',*,*,#1521,.F.);
#2174 = ADVANCED_FACE('',(#2175),#1575,.F.);
#2175 = FACE_BOUND('',#2176,.F.);
#2176 = EDGE_LOOP('',(#2177,#2178,#2179));
#2177 = ORIENTED_EDGE('',*,*,#1705,.F.);
#2178 = ORIENTED_EDGE('',*,*,#2087,.T.);
#2179 = ORIENTED_EDGE('',*,*,#1553,.T.);
#2180 = ADVANCED_FACE('',(#2181),#1689,.F.);
#2181 = FACE_BOUND('',#2182,.F.);
#2182 = EDGE_LOOP('',(#2183,#2184,#2185,#2186));
#2183 = ORIENTED_EDGE('',*,*,#2066,.T.);
#2184 = ORIENTED_EDGE('',*,*,#1967,.T.);
#2185 = ORIENTED_EDGE('',*,*,#2151,.F.);
#2186 = ORIENTED_EDGE('',*,*,#1675,.F.);
#2187 = ADVANCED_FACE('',(#2188),#1867,.T.);
#2188 = FACE_BOUND('',#2189,.T.);
#2189 = EDGE_LOOP('',(#2190,#2191,#2192));
#2190 = ORIENTED_EDGE('',*,*,#1992,.F.);
#2191 = ORIENTED_EDGE('',*,*,#2032,.T.);
#2192 = ORIENTED_EDGE('',*,*,#1845,.T.);
#2193 = ( GEOMETRIC_REPRESENTATION_CONTEXT(3) 
GLOBAL_UNCERTAINTY_ASSIGNED_CONTEXT((#2197)) 
GLOBAL_UNIT_ASSIGNED_CONTEXT((#2194,#2195,#2196)) REPRESENTATION_CONTEXT
('Context #1','3D Context with UNIT and UNCERTAINTY') );
#2194 = ( LENGTH_UNIT() NAMED_UNIT(*) SI_UNIT(.MILLI.,.METRE.) );
#2195 = ( NAMED_UNIT(*) PLANE_ANGLE_UNIT() SI_UNIT($,.RADIAN.) );
#2196 = ( NAMED_UNIT(*) SI_UNIT($,.STERADIAN.) SOLID_ANGLE_UNIT() );
#2197 = UNCERTAINTY_MEASURE_WITH_UNIT(LENGTH_MEASURE(1.E-07),#2194,
  'distance_accuracy_value','confusion accuracy');
#2198 = PRODUCT_RELATED_PRODUCT_CATEGORY('part',$,(#7));
#2199 = MECHANICAL_DESIGN_GEOMETRIC_PRESENTATION_REPRESENTATION('',(
    #2200),#2193);
#2200 = STYLED_ITEM('color',(#2201),#15);
#2201 = PRESENTATION_STYLE_ASSIGNMENT((#2202,#2208));
#2202 = SURFACE_STYLE_USAGE(.BOTH.,#2203);
#2203 = SURFACE_SIDE_STYLE('',(#2204));
#2204 = SURFACE_STYLE_FILL_AREA(#2205);
#2205 = FILL_AREA_STYLE('',(#2206));
#2206 = FILL_AREA_STYLE_COLOUR('',#2207);
#2207 = COLOUR_RGB('',0.678431390124,0.709803936702,0.741176476869);
#2208 = CURVE_STYLE('',#2209,POSITIVE_LENGTH_MEASURE(0.1),#2210);
#2209 = DRAUGHTING_PRE_DEFINED_CURVE_FONT('continuous');
#2210 = COLOUR_RGB('',9.803921802644E-02,9.803921802644E-02,
  9.803921802644E-02);
ENDSEC;
END-ISO-10303-21;
